10817;2;"ESCOPETA MOD. ARRIETA  802  CAL.12";"18/06/2004 19:29:50";10999,99;14700;7035;"MANUFACTURAS ARRIETA S.L.";1;;"ARMA_VENTA_PRIORITARIA, BF21, BF22, BF23, EXC_2022, NOGOO_ES, NOGOO_PT, OUTLET, RBE22, RBE23, RBE24, RBV22, RBV23, REVER242";;100108602;"100035763
"
10818;2;"ESCOPETA  MOD. ARRIETA  871 (581) CAL. 12";"18/06/2004 19:29:50";6899,99;8990;7035;"MANUFACTURAS ARRIETA S.L.";1;;"ARMA_VENTA_PRIORITARIA, BF21, BF22, BF23, EXC_2022, NOGOO_ES, NOGOO_PT, OUTLET, RBE22, RBE23, RBE24, RBV22, RBV23, REVER242";;100108607;"100035765
"
10909-12;1;"ESCOPETA SUPERPUESTA SPZ CALIBRE 12";"26/07/2017 19:37:34";904,99;905;9240;"SKYWAY TECHNOLOGY, S.A.";2;"CAZA 2019-2020, CAZA 2018-2019, CAZA 2017-2018";"COMPARADOR, EXCEPCION_2021, EXC_2022, NOGOO_ES, NOGOO_PT, REVER242";"14/02/2024 17:51:22";100058126;"100021617
"
110005C-XXL;2;"CAMISETA TECNICA TALIA 01 T.XXL";"08/05/2017 16:42:07";23,99;34,45;9009;"CALZADOS FAL S.A.";1;;"BF21, CAMINO, OUTLET, RBE22, RBE23, RBV22, RBV23, REVER242";"15/10/2020 13:50:09";100052405;"100018885
"
11020L;1;"CAMISA CLARA BEIGE T.L";"18/06/2004 19:29:50";39,99;39,99;100001765;"BARTAVEL- ETS. ALBERT LLAU";3;"CAZA 2019-2020, CAZA 2018-2019, CAZA 2017-2018, CAZA 2016-2017, CAZA 2015-16, CAZA 2014-15";"BF21, BF22, BF23, CSW, RBE22, RBE23, RBE24, RBV22, RBV23, REVER242";;3325;"246
"
11020M;1;"CAMISA CLARA BEIGE T.M";"18/06/2004 19:29:50";39,99;39,99;100001765;"BARTAVEL- ETS. ALBERT LLAU";6;"CAZA 2019-2020, CAZA 2018-2019, CAZA 2017-2018, CAZA 2016-2017, CAZA 2015-16, CAZA 2014-15";"BF21, BF22, BF23, CSW, RBE22, RBE23, RBE24, RBV22, RBV23, REVER242";;3324;"246
"
11020XL;1;"CAMISA CLARA BEIGE T.XL";"14/01/2005 12:13:00";39,99;39,99;100001765;"BARTAVEL- ETS. ALBERT LLAU";2;"CAZA 2019-2020, CAZA 2018-2019, CAZA 2017-2018, CAZA 2016-2017, CAZA 2015-16, CAZA 2014-15";"BF21, BF22, BF23, CSW, RBE22, RBE23, RBE24, RBV22, RBV23, REVER242";;3326;"246
"
11020XXL;1;"CAMISA CLARA BEIGE T.XXL";"14/01/2005 12:13:44";39,99;39,99;100001765;"BARTAVEL- ETS. ALBERT LLAU";2;"CAZA 2019-2020, CAZA 2018-2019, CAZA 2017-2018, CAZA 2016-2017, CAZA 2015-16, CAZA 2014-15";"BF21, BF22, BF23, CSW, RBE22, RBE23, RBE24, RBV22, RBV23, REVER242";;3327;"246
"
11020XXXL;1;"CAMISA CLARA BEIGE T.XXXL";"06/03/2017 18:20:19";39,99;39,99;100001765;"BARTAVEL- ETS. ALBERT LLAU";8;"CAZA 2019-2020, CAZA 2018-2019, CAZA 2017-2018";"BF21, BF22, BF23, CSW, RBE22, RBE23, RBE24, RBV22, RBV23, REVER242";;100048706;"246
"
11040L;1;"CAMISA VERDE OSCURA T.L";"18/06/2004 19:29:50";39,99;39,99;100001765;"BARTAVEL- ETS. ALBERT LLAU";11;"CAZA 2019-2020, CAZA 2018-2019, CAZA 2017-2018, CAZA 2016-2017, CAZA 2015-16, CAZA 2014-15";"BF21, BF22, BF23, RBE22, RBE23, RBE24, RBV22, RBV23, REVER242";;3333;"246
"
11040M;1;"CAMISA VERDE OSCURA T.M";"18/06/2004 19:29:50";39,99;39,99;100001765;"BARTAVEL- ETS. ALBERT LLAU";11;"CAZA 2019-2020, CAZA 2018-2019, CAZA 2017-2018, CAZA 2016-2017, CAZA 2015-16, CAZA 2014-15";"BF21, BF22, BF23, RBE22, RBE23, RBE24, RBV22, RBV23, REVER242";;3332;"246
"
11040XL;1;"CAMISA VERDE OSCURA T.XL";"18/06/2004 19:29:50";39,99;39,99;100001765;"BARTAVEL- ETS. ALBERT LLAU";10;"CAZA 2019-2020, CAZA 2018-2019, CAZA 2017-2018, CAZA 2016-2017, CAZA 2015-16, CAZA 2014-15";"BF21, BF22, BF23, RBE22, RBE23, RBE24, RBV22, RBV23, REVER242";;3334;"246
"
11040XXL;1;"CAMISA VERDE OSCURA T.XXL";"18/06/2004 19:29:50";39,99;39,99;100001765;"BARTAVEL- ETS. ALBERT LLAU";12;"CAZA 2019-2020, CAZA 2018-2019, CAZA 2017-2018, CAZA 2016-2017, CAZA 2015-16, CAZA 2014-15";"BF21, BF22, BF23, RBE22, RBE23, RBE24, RBV22, RBV23, REVER242";;22377;"246
"
11040XXXL;1;"CAMISA VERDE OSCURA T.XXXL";"27/09/2013 10:42:35";39,99;39,99;100001765;"BARTAVEL- ETS. ALBERT LLAU";9;"CAZA 2019-2020, CAZA 2018-2019, CAZA 2017-2018, CAZA 2016-2017, CAZA 2015-16, CAZA 2014-15";"BF21, BF22, BF23, RBE22, RBE23, RBE24, RBV22, RBV23, REVER242";;100028445;"246
"
11180P;2;"CAMISA DE CAMUFLAJE TOTAL T.P";"18/06/2004 19:29:50";19,99;39,99;1039;"MARCHER SPORT,S.L.";32;;"BF22, BF23, LB22, LB23, OUTLET, RBE22, RBE23, RBE24, RBV22, RBV23, REVER242, RV21";;3353;"718
"
120109-XXL;2;"PANTALON CHIRUCA SILVANO PRO 08. Color Verde-Naranja. Talla XXL";"30/05/2019 16:16:37";82,99;117,99;9009;"CALZADOS FAL S.A.";1;"CAZA 2019-2020";"BF21, BF22, BF23, LB23, OUTLET, RBE22, RBE23, RBE24, RBV22, RBV23, REVER242";"15/10/2020 13:50:09";100094328;"100010557
"
120110-M;2;"PANTALON CHIRUCA ODIN 01 CH+. Color Verde. Talla M";"30/05/2019 16:16:37";109,99;118,99;9009;"CALZADOS FAL S.A.";2;"CAZA 2020-2021 (WEB)";"BF21, BF22, BF23, IRN21, RBE22, RBE23, RBE24, RBV22, RECOMENDADO, REVER242, TEMPORADA_INVIERNO";"07/06/2024 11:18:31";100094318;"100031676
"
120110-XXL;2;"PANTALON CHIRUCA ODIN 01 CH+. Color Verde. Talla XXL";"30/05/2019 16:16:37";109,99;118,99;9009;"CALZADOS FAL S.A.";2;"CAZA 2020-2021 (WEB)";"BF21, BF22, BF23, IRN21, RBE22, RBE23, RBE24, RBV22, RECOMENDADO, REVER242, TEMPORADA_INVIERNO";"07/06/2024 11:18:31";100094322;"100031676
"
120110-XXXL;2;"PANTALON CHIRUCA ODIN 01 CH+. Color Verde. Talla XXXL";"30/05/2019 16:16:37";109,99;118,99;9009;"CALZADOS FAL S.A.";1;"CAZA 2020-2021 (WEB)";"BF21, BF22, BF23, IRN21, RBE22, RBE23, RBE24, RBV22, RECOMENDADO, REVER242, TEMPORADA_INVIERNO";"07/06/2024 11:18:31";100094323;"100031676
"
120111-XXXL;2;"PANTALON CHIRUCA VIGO 01 ELASTICO. TALLA XXXL";"30/05/2019 16:16:37";99,99;99,99;9009;"CALZADOS FAL S.A.";1;"CAZA 2020-2021 (WEB), CAZA 2019-2020";"BF21, BF22, BF23, CAMINO, IRN21, IRN22, RBE22, RBE23, RBE24, RBV22, RBV23, RECOMENDADO, REVER242";"07/06/2024 11:18:32";100094316;"100031675
"
120113-48;1;"PANTALON DEERHUNTER MUFLON. TALLA 48 ( 42 ESPAÑOLA)";"11/07/2019 13:20:55";279,99;280;7043;"GAMO OUTDOOR S.L.";0;"CAZA 2019-2020";"BF21, BF22, BF23, COMPARADOR, COMP_FR, COMP_PT, IRN21, RBE24, RBV23, REVER242, TEMPORADA_INVIERNO";"04/03/2024 19:29:36";100096988;"100031980
"
120113-50;1;"PANTALON DEERHUNTER MUFLON. TALLA 50 ( 44 ESPAÑOLA)";"11/07/2019 13:20:55";279,99;280;7043;"GAMO OUTDOOR S.L.";1;"CAZA 2019-2020";"BF21, BF22, BF23, IRN21, LB23, RBE22, RBE24, RBV23, REVER242, TEMPORADA_INVIERNO";"04/03/2024 19:29:36";100096530;"100031980
"
120113-52;1;"PANTALON DEERHUNTER MUFLON. TALLA 52 ( 46 ESPAÑOLA)";"11/07/2019 13:20:55";279,99;280;7043;"GAMO OUTDOOR S.L.";0;"CAZA 2019-2020";"BF21, BF22, BF23, IRN21, LB23, RBE22, RBE24, RBV23, REVER242, TEMPORADA_INVIERNO";"04/03/2024 19:29:36";100096531;"100031980
"
120113-54;1;"PANTALON DEERHUNTER MUFLON. TALLA 54  ( 48 ESPAÑOLA)";"11/07/2019 13:20:55";279,99;280;7043;"GAMO OUTDOOR S.L.";1;"CAZA 2019-2020";"BF21, BF22, BF23, IRN21, LB23, RBE22, RBE24, RBV23, REVER242, SD21, TEMPORADA_INVIERNO";"04/03/2024 19:29:36";100096532;"100031980
"
120113-56;1;"PANTALON DEERHUNTER MUFLON. TALLA 56 ( 50 ESPAÑOLA)";"11/07/2019 13:20:55";279,99;280;7043;"GAMO OUTDOOR S.L.";0;"CAZA 2019-2020";"BF21, BF22, BF23, IRN21, RBE22, RBE24, RBV23, REVER242, SD21, TEMPORADA_INVIERNO";"04/03/2024 19:29:36";100096533;"100031980
"
120113-58;1;"PANTALON DEERHUNTER MUFLON. TALLA 58 ( 52 ESPAÑOLA)";"11/07/2019 13:20:55";279,99;280;7043;"GAMO OUTDOOR S.L.";3;"CAZA 2019-2020";"BF21, BF22, BF23, IRN21, LB23, RBE22, RBE24, RBV23, REVER242, TEMPORADA_INVIERNO";"04/03/2024 19:29:36";100096534;"100031980
"
120113-60;1;"PANTALON DEERHUNTER MUFLON. TALLA 60 ( 54 ESPAÑOLA)";"11/07/2019 13:20:56";279,99;280;7043;"GAMO OUTDOOR S.L.";1;"CAZA 2019-2020";"BF21, BF22, BF23, IRN21, LB23, RBE22, RBE24, RBV23, REVER242, TEMPORADA_INVIERNO";"04/03/2024 19:29:36";100096535;"100031980
"
120113-62;1;"PANTALON DEERHUNTER MUFLON. TALLA 62-T 56";"11/07/2019 13:20:56";279,99;280;7043;"GAMO OUTDOOR S.L.";0;"CAZA 2019-2020";"BF21, BF22, BF23, IRN21, RBE24, RBV23, REVER242, TEMPORADA_INVIERNO";"04/03/2024 19:29:37";100096989;"100031980
"
120113-64;1;"PANTALON DEERHUNTER MUFLON. TALLA 64 ( 458  ESPAÑOLA)";"11/07/2019 13:20:56";279,99;280;7043;"GAMO OUTDOOR S.L.";0;"CAZA 2019-2020";"BF21, BF22, BF23, IRN21, RBE24, RBV23, REVER242, TEMPORADA_INVIERNO";"04/03/2024 19:29:37";100096990;"100031980
"
120501M;1;"ZAHONES-PERNERAS (NUEVAS) T.M";"27/07/2006 12:45:57";22,99;22,99;9025;"GALICIA MARITIMA, S.L.";522;"COMPETICION 2015, CAZA 2019-2020, CAZA 2018-2019, CAZA 2017-2018, CAZA 2016-2017, CAZA 2015-16, CAZA 2014-15";"BF21, BF23, LB23, RBE22, RBE24, RBV23, REVER242, RV21";;61095;"15727
"
120501XL;1;"ZAHONES-PERNERAS (NUEVAS) T.XL";"27/07/2006 18:06:55";22,99;22,99;9025;"GALICIA MARITIMA, S.L.";161;"COMPETICION 2015, CAZA 2019-2020, CAZA 2018-2019, CAZA 2017-2018, CAZA 2016-2017, CAZA 2015-16, CAZA 2014-15";"BF21, BF23, LB23, RBE22, RBE24, RBV23, REVER242, RV21";;61097;"15727
"
120850;2;"PANTALON CAMUFLAJE T.50";"18/06/2004 19:29:50";27,99;39,99;1254;"EVIA SUMINISTROS EVIA, S.L.";1;;"BF21, BF22, BF23, LB22, LB23, OUTLET, RBE23, RBE24, RBV22, RBV23, REVER242, RV21";;3394;"239
"
120852;2;"PANTALON CAMUFLAJE T.52";"18/06/2004 19:29:50";27,99;39,99;73022;"JILIN PROVINCE TEXTILES";1;;"BF21, BF22, BF23, LB22, LB23, OUTLET, RBE23, RBE24, RBV22, RBV23, REVER242, RV21";;3395;"239
"
120854;2;"PANTALON CAMUFLAJE T.54";"18/06/2004 19:29:50";27,99;39,99;73022;"JILIN PROVINCE TEXTILES";2;;"BF21, BF22, LB22, OUTLET, RBE22, RBE23, RBV22, RBV23, REVER242, RV21";;3396;"239
"
120856;2;"PANTALON CAMUFLAJE T.56";"18/06/2004 19:29:50";27,99;39,99;7003;"BENISPORT (JOSE MONLLOR, S.L.)";1;;"BF21, BF22, BF23, LB22, LB23, OUTLET, RBE23, RBE24, RBV22, RBV23, REVER242, RV21";;3397;"239
"
127501-48;2;"PANTALON ELITE DE VERANOT.48 (44 ESPAÑOLA)";"15/09/2011 17:35:10";13,99;22,99;72974;"UNISPORT HOLDING S.R.L.";1;"CAZA 2014-15";"BF21, BF22, BF23, LB22, LB23, OUTLET, RBE22, RBE23, RBV22, RBV23, REVER242, RV21";;100010148;"100004351
"
129101-38;2;"PANTALON ARMOTION EVO T-38";"25/05/2016 10:52:06";89,99;125;1254;"EVIA SUMINISTROS EVIA, S.L.";1;"CAZA 2019-2020, CAZA 2018-2019, CAZA 2017-2018, CAZA 2016-2017";"BF21, BF22, BF23, IRN21, RBE22, RBE23, RBE24, RBV23, REVER242, TEMPORADA_INVIERNO";"01/03/2023 15:32:54";100038632;"100014443
"
129101-46;2;"PANTALON ARMOTION EVO T-46";"25/05/2016 10:52:06";89,99;125;1254;"EVIA SUMINISTROS EVIA, S.L.";1;"CAZA 2019-2020, CAZA 2018-2019, CAZA 2017-2018, CAZA 2016-2017";"BF21, BF22, BF23, COMPARADOR, COMP_FR, COMP_PT, IRN21, RBE22, RBE23, RBE24, RBV23, REVER242, TEMPORADA_INVIERNO";"01/03/2023 15:32:54";100038636;"100014443
"
129101-50;2;"PANTALON ARMOTION EVO T-50";"25/05/2016 10:52:06";89,99;125;1254;"EVIA SUMINISTROS EVIA, S.L.";1;"CAZA 2019-2020, CAZA 2018-2019, CAZA 2017-2018, CAZA 2016-2017";"BF21, BF22, BF23, IRN21, RBE22, RBE23, RBE24, RBV23, REVER242, TEMPORADA_INVIERNO";"01/03/2023 15:32:54";100038638;"100014443
"
129101-52;2;"PANTALON ARMOTION EVO T-52";"25/05/2016 10:52:06";89,99;125;1254;"EVIA SUMINISTROS EVIA, S.L.";1;"CAZA 2019-2020, CAZA 2018-2019, CAZA 2017-2018, CAZA 2016-2017";"BF21, BF22, BF23, IRN21, RBE22, RBE23, RBE24, RBV23, REVER242, TEMPORADA_INVIERNO";"01/03/2023 15:32:54";100038639;"100014443
"
129107-30;1;"PANTALON JR SOFTSHELL BENISPORT  FA32-42 T-30";"21/06/2017 17:55:11";42,99;42,99;7003;"BENISPORT (JOSE MONLLOR, S.L.)";1;"CAZA 2017-2018";"BF23, COMUNIONES, JUNIOR, RBE22, RBE23, RBE24, REVER242";"07/06/2024 11:20:16";100073319;"100025537
"
129107-32;1;"PANTALON JR SOFTSHELL BENISPORT  FA32-42 T-32";"21/06/2017 17:55:12";42,99;42,99;7003;"BENISPORT (JOSE MONLLOR, S.L.)";0;"CAZA 2017-2018";"BF23, COMUNIONES, JUNIOR, RBE22, RBE23, RBE24, REVER242";"07/06/2024 11:20:16";100073320;"100025537
"
129107-34;1;"PANTALON JR SOFTSHELL BENISPORT  FA32-42  T-34";"21/06/2017 17:55:12";42,99;42,99;7003;"BENISPORT (JOSE MONLLOR, S.L.)";0;"CAZA 2017-2018";"BF23, COMUNIONES, JUNIOR, RBE22, RBE23, RBE24, REVER242";"07/06/2024 11:20:16";100073321;"100025537
"
129107-36;1;"PANTALON JR SOFTSHELL BENISPORT  FA81-91 T-36";"21/06/2017 17:55:12";42,99;42,99;7003;"BENISPORT (JOSE MONLLOR, S.L.)";0;"CAZA 2017-2018";"BF23, COMUNIONES, CSW, JUNIOR, RBE22, RBE24, REVER242";"07/06/2024 11:20:16";100073322;"100025537
"
130011B-L;1;"GUANTES STRIKE BOSCOSO ESPAÑOL T.L";"31/07/2017 17:16:42";17,99;14,55;9240;"SKYWAY TECHNOLOGY, S.A.";1;"CAZA 2019-2020, CAZA 2018-2019, CAZA 2017-2018";"BF21, LB23, RBV23, REVER242";"14/02/2024 17:51:21";100058135;"100021621
"
130011B-M;1;"GUANTES STRIKE BOSCOSO ESPAÑOL T.M";"31/07/2017 17:16:22";17,99;14,55;9240;"SKYWAY TECHNOLOGY, S.A.";0;"CAZA 2019-2020, CAZA 2018-2019, CAZA 2017-2018";"BF21, REVER242";"14/02/2024 17:51:21";100058134;"100021621
"
130011B-S;1;"GUANTES STRIKE BOSCOSO ESPAÑOL T.S";"31/07/2017 17:15:49";17,99;14,55;9240;"SKYWAY TECHNOLOGY, S.A.";0;"CAZA 2019-2020, CAZA 2018-2019, CAZA 2017-2018";"BF21, REVER242";"14/02/2024 17:51:21";100058133;"100021621
"
130011B-XL;1;"GUANTES STRIKE BOSCOSO ESPAÑOL T.XL";"31/07/2017 17:17:02";17,99;14,55;9240;"SKYWAY TECHNOLOGY, S.A.";1;"CAZA 2019-2020, CAZA 2018-2019, CAZA 2017-2018";"BF21, LB23, RBV23, REVER242";"14/02/2024 17:51:21";100058136;"100021621
"
130011B-XXL;1;"GUANTES STRIKE BOSCOSO ESPAÑOL T.XXL";"31/07/2017 17:17:20";17,99;14,55;9240;"SKYWAY TECHNOLOGY, S.A.";0;"CAZA 2019-2020, CAZA 2018-2019, CAZA 2017-2018";"BF21, REVER242";"14/02/2024 17:51:21";100058137;"100021621
"
130011M-L;1;"GUANTES STRIKE MULTICAM T.L";"31/07/2017 17:12:55";15,99;14,55;9240;"SKYWAY TECHNOLOGY, S.A.";0;"CAZA 2019-2020, CAZA 2018-2019, CAZA 2017-2018";"BF21, REVER242";"14/02/2024 17:51:21";100058140;"100021621
"
130011M-M;1;"GUANTES STRIKE MULTICAM T.M";"31/07/2017 17:12:37";15,99;14,55;9240;"SKYWAY TECHNOLOGY, S.A.";0;"CAZA 2019-2020, CAZA 2018-2019, CAZA 2017-2018";"BF21, REVER242";"14/02/2024 17:51:21";100058139;"100021621
"
130011M-S;1;"GUANTES STRIKE MULTICAM T.S";"31/07/2017 17:11:17";15,99;14,55;9240;"SKYWAY TECHNOLOGY, S.A.";0;"CAZA 2019-2020, CAZA 2018-2019, CAZA 2017-2018";"BF21, REVER242";"14/02/2024 17:51:21";100058138;"100021621
"
130011M-XL;1;"GUANTES STRIKE MULTICAM T.XL";"31/07/2017 17:13:14";15,99;14,55;9240;"SKYWAY TECHNOLOGY, S.A.";0;"CAZA 2019-2020, CAZA 2018-2019, CAZA 2017-2018";"BF21, REVER242";"14/02/2024 17:51:21";100058142;"100021621
"
130011N-L;1;"GUANTES STRIKE NEGRO T.L";"31/07/2017 17:14:47";17,99;14,55;9240;"SKYWAY TECHNOLOGY, S.A.";0;"CAZA 2019-2020, CAZA 2018-2019, CAZA 2017-2018";REVER242;"14/02/2024 17:51:21";100058151;"100021621
"
130011N-M;1;"GUANTES STRIKE NEGRO T.M";"31/07/2017 17:14:21";17,99;14,55;9240;"SKYWAY TECHNOLOGY, S.A.";0;"CAZA 2019-2020, CAZA 2018-2019, CAZA 2017-2018";REVER242;"14/02/2024 17:51:21";100058150;"100021621
"
130011N-S;1;"GUANTES STRIKE NEGRO T.S";"31/07/2017 17:13:54";17,99;14,55;9240;"SKYWAY TECHNOLOGY, S.A.";0;"CAZA 2019-2020, CAZA 2018-2019, CAZA 2017-2018";REVER242;"14/02/2024 17:51:21";100058146;"100021621
"
130011N-XL;1;"GUANTES STRIKE NEGRO T.XL";"31/07/2017 17:15:04";17,99;14,55;9240;"SKYWAY TECHNOLOGY, S.A.";2;"CAZA 2019-2020, CAZA 2018-2019, CAZA 2017-2018";"LB23, RBV23, REVER242";"14/02/2024 17:51:21";100058153;"100021621
"
130011N-XXL;1;"GUANTES STRIKE NEGRO T.XXL";"31/07/2017 17:15:21";17,99;14,55;9240;"SKYWAY TECHNOLOGY, S.A.";1;"CAZA 2019-2020, CAZA 2018-2019, CAZA 2017-2018";"LB23, RBV23, REVER242";"14/02/2024 17:51:21";100058154;"100021621
"
130012B-M;2;"CAMISETA DE COMBATE BOSCOSO ESPAÑOL T.M";"31/07/2017 17:19:39";39,99;42,5;9240;"SKYWAY TECHNOLOGY, S.A.";2;"CAZA 2019-2020, CAZA 2018-2019, CAZA 2017-2018";"BF22, BF23, LB22, LB23, OUTLET, RBE22, RBE23, RBE24, RBV22, RBV23, REVER242";"14/02/2024 17:51:21";100058156;"100021623
"
130012M-M;2;"CAMISETA DE COMBATE MULTICAM T.M";"31/07/2017 17:28:14";27,99;40,25;9240;"SKYWAY TECHNOLOGY, S.A.";1;"CAZA 2019-2020, CAZA 2018-2019, CAZA 2017-2018";"BF21, BF22, BF23, LB23, OUTLET, RBE22, RBE23, RBE24, RBV23, REVER242";"18/07/2022 9:42:40";100058161;"100021623
"
130012M-S;2;"CAMISETA DE COMBATE MULTICAM T.S";"31/07/2017 17:26:16";27,99;40,25;9240;"SKYWAY TECHNOLOGY, S.A.";1;"CAZA 2019-2020, CAZA 2018-2019, CAZA 2017-2018";"BF21, BF22, BF23, LB23, OUTLET, RBE22, RBE23, RBE24, RBV23, REVER242";"18/07/2022 9:42:40";100058160;"100021623
"
130013M-L;1;"PANTALON DE COMBATE MULTICAM T.L";"09/08/2017 10:27:04";76,99;79,95;9240;"SKYWAY TECHNOLOGY, S.A.";0;"CAZA 2019-2020, CAZA 2018-2019, CAZA 2017-2018";"LB23, RBE22, RBE23, REVER242";"14/02/2024 17:51:21";100058172;"100021624
"
130013M-M;1;"PANTALON DE COMBATE MULTICAM T.M";"09/08/2017 10:26:36";76,99;79,95;9240;"SKYWAY TECHNOLOGY, S.A.";1;"CAZA 2019-2020, CAZA 2018-2019, CAZA 2017-2018";"LB23, RBE22, RBE23, REVER242";"14/02/2024 17:51:21";100058171;"100021624
"
130013M-S;1;"PANTALON DE COMBATE MULTICAM T.S";"31/07/2017 17:39:52";76,99;79,95;9240;"SKYWAY TECHNOLOGY, S.A.";0;"CAZA 2019-2020, CAZA 2018-2019, CAZA 2017-2018";"RBE22, RBE23, REVER242";"14/02/2024 17:51:21";100058170;"100021624
"
130013M-XL;1;"PANTALON DE COMBATE MULTICAM T.XL";"09/08/2017 10:27:27";76,99;79,95;9240;"SKYWAY TECHNOLOGY, S.A.";1;"CAZA 2019-2020, CAZA 2018-2019, CAZA 2017-2018";"RBE22, RBE23, REVER242";"14/02/2024 17:51:21";100058173;"100021624
"
130013M-XXL;1;"PANTALON DE COMBATE MULTICAM T.XXL";"09/08/2017 10:27:53";76,99;79,95;9240;"SKYWAY TECHNOLOGY, S.A.";0;"CAZA 2019-2020, CAZA 2018-2019, CAZA 2017-2018";"RBE22, RBE23, REVER242";"14/02/2024 17:51:21";100058174;"100021624
"
130052-3XL;1;"CHALECO HART MONTARAZ-V - Tª 3XL";"17/10/2018 13:22:46";68,99;69,95;1254;"EVIA SUMINISTROS EVIA, S.L.";0;;"BF21, BF22, BF23, RBE22, RBE23, RBE24, RBV23, REVER242";"01/03/2024 13:15:05";100083425;"100028360
"
130052-L;1;"CHALECO HART MONTARAZ-V - Tª L";"17/10/2018 13:22:46";68,99;69,95;1254;"EVIA SUMINISTROS EVIA, S.L.";0;;"BF21, BF22, BF23, RBE22, RBE23, RBE24, RBV23, RECOMENDADO, REVER242";"01/03/2024 13:15:05";100083421;"100028360
"
130052-M;1;"CHALECO HART MONTARAZ-V - Tª M";"17/10/2018 13:22:46";68,99;69,95;1254;"EVIA SUMINISTROS EVIA, S.L.";0;;"BF21, BF22, BF23, COMPARADOR, COMP_FR, COMP_PT, RBE22, RBE23, RBE24, RBV23, RECOMENDADO, REVER242";"01/03/2024 13:15:05";100083420;"100028360
"
130052-S;1;"CHALECO HART MONTARAZ-V - Tª S";"17/10/2018 13:22:46";68,99;69,95;1254;"EVIA SUMINISTROS EVIA, S.L.";0;;"BF21, BF22, BF23, RBE22, RBE23, RBE24, RBV23, REVER242";"01/03/2024 13:15:05";100083419;"100028360
"
130052-XL;1;"CHALECO HART MONTARAZ-V - Tª XL";"17/10/2018 13:22:46";68,99;69,95;1254;"EVIA SUMINISTROS EVIA, S.L.";4;;"BF21, BF22, BF23, RBE22, RBE23, RBE24, RBV23, RECOMENDADO, REVER242";"01/03/2024 13:15:05";100083422;"100028360
"
130052-XXL;1;"CHALECO HART MONTARAZ-V - Tª XXL";"17/10/2018 13:22:46";68,99;69,95;1254;"EVIA SUMINISTROS EVIA, S.L.";0;;"BF21, BF22, BF23, RBE22, RBE23, RBE24, RBV23, REVER242";"01/03/2024 13:15:05";100083424;"100028360
"
131308;2;"CHALECO DE CAMUFLAJE CON 2 CANANAS T.8 (XXL)";"18/06/2004 19:29:50";24,99;34,99;1254;"EVIA SUMINISTROS EVIA, S.L.";5;;"BF21, BF22, BF23, LB22, LB23, OUTLET, RBE22, RBE23, RBE24, RBV22, RBV23, REVER242, RV21";;3470;"232
"
131311-M;2;"CHALECO SCOTTISH T.M";"10/07/2017 11:19:35";39,99;69,99;100000926;TREESCO;5;;"BF21, BF22, BF23, LB23, OUTLET, RBE22, RBE23, RBE24, RBV22, RBV23, REVER242, RV21, TEMPORADA_INVIERNO";;100098628;"100032814
"
131984-L;1;"POLO BORDADO DE CAZA SS12 T-L";"26/06/2015 17:25:17";23,99;23,99;100000926;TREESCO;4;;"CSW, RBE24, RBV23, REVER242, RV21";;100126875;"100040769
"
131984-M;1;"POLO BORDADO DE CAZA SS12 T-M";"26/06/2015 17:25:17";23,99;23,99;100000926;TREESCO;3;;"CSW, RBE22, RBE24, RBV23, REVER242, RV21";;100126874;"100040769
"
131984-S;1;"POLO BORDADO DE CAZA SS12 T-S";"26/06/2015 17:25:17";23,99;23,99;100000926;TREESCO;1;;"CSW, RBE24, RBV23, REVER242, RV21";;100126873;"100040769
"
131984-XL;1;"POLO BORDADO DE CAZA SS12 T-XL";"26/06/2015 17:25:17";23,99;23,99;100000926;TREESCO;0;;"CSW, RBE24, RBV23, REVER242, RV21";;100126876;"100040769
"
131984-XXL;1;"POLO BORDADO DE CAZA SS12 T-XXL";"26/06/2015 17:25:17";23,99;23,99;100000926;TREESCO;2;;"CSW, RBE22, RBE24, RBV23, REVER242, RV21";;100126877;"100040769
"
135102-4XL;1;"SOFTSHELL TOLEDO T-4XL";"05/08/2016 9:29:49";85,99;85,99;100000926;TREESCO;0;"CAZA 2017-2018, CAZA 2016-2017";"BF22, BF23, CSW, RBE23, RBE24, REVER242";;100162266;"100010581
"
135102-L;1;"SOFTSHELL TOLEDO T-L";"09/07/2015 14:39:15";85,99;85,99;100000926;TREESCO;0;"CAZA 2017-2018, CAZA 2016-2017, CAZA 2015-16";"BF22, BF23, CSW, RBE23, RBE24, REVER242";;100028143;"100010581
"
135102-M;1;"SOFTSHELL TOLEDO T-M";"09/07/2015 14:39:14";85,99;85,99;100000926;TREESCO;0;"CAZA 2017-2018, CAZA 2016-2017, CAZA 2015-16";"BF22, BF23, CSW, RBE23, RBE24, REVER242";;100028142;"100010581
"
135102-XL;1;"SOFTSHELL TOLEDO T-XL";"09/07/2015 14:39:15";85,99;85,99;100000926;TREESCO;0;"CAZA 2017-2018, CAZA 2016-2017, CAZA 2015-16";"BF22, BF23, CSW, RBE23, RBE24, REVER242, TEMPORADA_INVIERNO";;100028144;"100010581
"
135102-XXL;1;"SOFTSHELL TOLEDO T-XXL";"09/07/2015 14:39:15";85,99;85,99;100000926;TREESCO;2;"CAZA 2017-2018, CAZA 2016-2017, CAZA 2015-16";"BF22, BF23, CSW, RBE23, RBE24, REVER242, TEMPORADA_INVIERNO";;100028145;"100010581
"
135102-XXXL;1;"SOFTSHELL TOLEDO T-XXXL";"09/07/2015 14:39:15";85,99;85,99;100000926;TREESCO;0;"CAZA 2017-2018, CAZA 2016-2017, CAZA 2015-16";"BF22, BF23, CSW, RBE23, RBE24, REVER242";;100028146;"100010581
"
135104-XXL;2;"PANTALON CHIRUCA SILVANO PRO T.XXL(46-48) (2 TONOS VERDE)";"09/07/2015 14:54:08";117,99;119,99;9009;"CALZADOS FAL S.A.";0;"CAZA 2020-2021 (WEB), CAZA 2019-2020, CAZA 2018-2019, CAZA 2017-2018, CAZA 2016-2017, CAZA 2015-16";"BF21, BF22, BF23, IRN22, RBE22, RBE23, RBE24, RBV23, RECOMENDADO, REVER242, RV21";"07/06/2024 11:18:31";100028049;"100010557
"
135104-XXXL;2;"PANTALON CHIRUCA SILVANO PRO T.XXXL(48-50) (2 TONOS VERDE)";"09/07/2015 14:54:08";117,99;119,99;9009;"CALZADOS FAL S.A.";3;"CAZA 2020-2021 (WEB), CAZA 2019-2020, CAZA 2018-2019, CAZA 2017-2018, CAZA 2016-2017, CAZA 2015-16";"BF21, BF22, BF23, RBE22, RBE23, RBE24, RBV23, RECOMENDADO, REVER242, RV21";"07/06/2024 11:18:31";100028050;"100010557
"
135105-L;2;"PANTALON CHIRUCA MICENAS FA22-32 T-L";"09/07/2015 14:54:09";139,99;139,99;9009;"CALZADOS FAL S.A.";1;"CAZA 2020-2021 (WEB), CAZA 2019-2020, CAZA 2018-2019, CAZA 2017-2018, CAZA 2016-2017, CAZA 2015-16";"BF21, BF22, BF23, RBE22, RBE23, RBE24, RBV22, RECOMENDADO, REVER242, TEMPORADA_INVIERNO";"07/06/2024 11:18:31";100028054;"100010558
"
135105-S;2;"PANTALON CHIRUCA MICENAS FA22-32 T-S";"09/07/2015 14:54:09";139,99;139,99;9009;"CALZADOS FAL S.A.";1;"CAZA 2020-2021 (WEB), CAZA 2019-2020, CAZA 2018-2019, CAZA 2017-2018, CAZA 2016-2017, CAZA 2015-16";"BF21, BF22, BF23, RBE22, RBE23, RBE24, RBV22, RECOMENDADO, REVER242, TEMPORADA_INVIERNO";"07/06/2024 11:18:31";100028052;"100010558
"
135105-XL;2;"PANTALON CHIRUCA MICENAS FA22-32 T-XL";"09/07/2015 14:54:09";139,99;139,99;9009;"CALZADOS FAL S.A.";4;"CAZA 2020-2021 (WEB), CAZA 2019-2020, CAZA 2018-2019, CAZA 2017-2018, CAZA 2016-2017, CAZA 2015-16";"BF21, BF22, BF23, COMPARADOR, COMP_FR, COMP_PT, RBE22, RBE23, RBE24, RBV22, RECOMENDADO, REVER242, TEMPORADA_INVIERNO";"07/06/2024 11:18:31";100028055;"100010558
"
135105-XXL;2;"PANTALON CHIRUCA MICENAS FA22-32 T-XXL";"09/07/2015 14:54:09";139,99;139,99;9009;"CALZADOS FAL S.A.";5;"CAZA 2020-2021 (WEB), CAZA 2019-2020, CAZA 2018-2019, CAZA 2017-2018, CAZA 2016-2017, CAZA 2015-16";"BF21, BF22, BF23, RBE22, RBE23, RBE24, RBV22, RECOMENDADO, REVER242, TEMPORADA_INVIERNO";"07/06/2024 11:18:31";100028056;"100010558
"
135105-XXXL;2;"PANTALON CHIRUCA MICENAS FA22-32 T-XXXL";"09/07/2015 14:54:09";139,99;139,99;9009;"CALZADOS FAL S.A.";2;"CAZA 2020-2021 (WEB), CAZA 2019-2020, CAZA 2018-2019, CAZA 2017-2018, CAZA 2016-2017, CAZA 2015-16";"BF21, BF22, BF23, RBE22, RBE23, RBE24, RBV22, RECOMENDADO, REVER242, TEMPORADA_INVIERNO";"07/06/2024 11:18:31";100028057;"100010558
"
135115-40;2;"PANTALON ALDUDES FA81-91 T.40";"23/07/2015 10:57:17";36,99;53,99;1254;"EVIA SUMINISTROS EVIA, S.L.";1;"COMPETICION 2017, CAZA 2018-2019, CAZA 2017-2018, CAZA 2016-2017, CAZA 2015-16";"BF21, BF22, BF23, LB22, LB23, OUTLET, RBE22, RBE23, RBE24, RBV22, RBV23, REVER242, RV21, TEMPORADA_INVIERNO";;100028009;"100010551
"
135116-54;2;"PANTALON KALIDON T.54";"23/07/2015 10:57:18";29,99;42,99;1254;"EVIA SUMINISTROS EVIA, S.L.";2;"COMPETICION 2017, CAZA 2018-2019, CAZA 2017-2018, CAZA 2016-2017, CAZA 2015-16";"BF21, BF22, BF23, LB22, LB23, OUTLET, RBE22, RBE23, RBE24, RBV22, RBV23, REVER242, RV21";;100028025;"100010552
"
135117-40;1;"PANTALON FERRO T.40";"23/07/2015 10:57:18";131,99;132;1254;"EVIA SUMINISTROS EVIA, S.L.";0;"CAZA 2016-2017, CAZA 2015-16";"BF21, BF22, BF23, RBE22, RBE23, RBE24, RBV23, REVER242";"01/03/2024 13:15:03";100028027;"100010553
"
135117-46;1;"PANTALON FERRO T.46";"23/07/2015 10:57:19";131,99;132;1254;"EVIA SUMINISTROS EVIA, S.L.";0;"CAZA 2016-2017, CAZA 2015-16";"BF21, BF22, BF23, COMP_FR, COMP_PT, PRECIO_FIJO, RBE22, RBE23, RBE24, RBV23, REVER242";"01/03/2024 13:15:03";100028030;"100010553
"
135117-48;1;"PANTALON FERRO T.48";"23/07/2015 10:57:19";131,99;132;1254;"EVIA SUMINISTROS EVIA, S.L.";0;"CAZA 2016-2017, CAZA 2015-16";"BF21, BF22, BF23, RBE22, RBE23, RBE24, RBV23, REVER242";"01/03/2024 13:15:03";100028031;"100010553
"
135117-50;1;"PANTALON FERRO T.50";"23/07/2015 10:57:19";131,99;132;1254;"EVIA SUMINISTROS EVIA, S.L.";1;"CAZA 2016-2017, CAZA 2015-16";"BF21, BF22, BF23, LB23, RBE22, RBE23, RBE24, RBV23, REVER242";"01/03/2024 13:15:03";100028033;"100010553
"
135117-52;1;"PANTALON FERRO T.52";"23/07/2015 10:57:19";131,99;132;1254;"EVIA SUMINISTROS EVIA, S.L.";1;"CAZA 2016-2017, CAZA 2015-16";"BF21, BF22, BF23, LB23, RBE22, RBE23, RBE24, RBV23, REVER242";"01/03/2024 13:15:03";100028034;"100010553
"
135117-54;1;"PANTALON FERRO T.54";"23/07/2015 10:57:19";131,99;132;1254;"EVIA SUMINISTROS EVIA, S.L.";0;"CAZA 2016-2017, CAZA 2015-16";"BF21, BF22, BF23, RBE22, RBE23, RBE24, RBV23, REVER242";"01/03/2024 13:15:03";100028035;"100010553
"
135135B-L;2;"PANTALON FORESTER BEIGE T.L";"02/05/2017 17:22:59";12,99;17,99;100001386;"BEMONTEX B.V.";13;"CAZA 2017-2018";"BF21, BF22, BF23, LB22, LB23, OUTLET, RBE22, RBE23, RBE24, RBV22, RBV23, REVER242, RV21";;100051824;"100018591
"
135135V-L;2;"PANTALON FORESTER VERDE T.L";"02/05/2017 17:26:08";12,99;17,99;100001386;"BEMONTEX B.V.";35;"CAZA 2017-2018";"BF21, BF22, BF23, LB22, LB23, OUTLET, RBE22, RBE23, RBE24, RBV22, RBV23, REVER242, RV21";;100051820;"100018591
"
135207B-M;2;"B. GORRO BERETTA SAFARI ALGODON BEIGE SS16 T-M";"10/12/2015 14:27:38";27,99;39,95;8007;"BERETTA BENELLI IBERICA, S.A.";14;"PESCA 2016";"BF21, BF22, BF23, LB21, LB22, LB23, LIQUIDACION_BERETTA, OUTLET, PRECIO_FIJO, RBE22, RBE23, RBE24, RBV22, RBV23, REVER242, RV21";;100031918;"100012027
"
135207V-M;2;"B. GORRO BERETTA SAFARI ALGODON VERDE SS16 T-M";"10/12/2015 14:27:38";27,99;39,95;8007;"BERETTA BENELLI IBERICA, S.A.";7;"PESCA 2016";"BF21, BF22, BF23, CAMINO, LB21, LB22, LB23, LIQUIDACION_BERETTA, OUTLET, PRECIO_FIJO, RBE22, RBE23, RBE24, RBV22, RBV23, REVER242, RV21";;100031915;"100012155
"
135207V-S;2;"B. GORRO BERETTA SAFARI ALGODON VERDE SS16 T-S";"10/12/2015 14:27:38";27,99;39,95;8007;"BERETTA BENELLI IBERICA, S.A.";4;"PESCA 2016";"BF21, BF22, BF23, CAMINO, LB21, LB22, LB23, LIQUIDACION_BERETTA, OUTLET, PRECIO_FIJO, RBE22, RBE23, RBE24, RBV22, RBV23, REVER242, RV21";;100031914;"100012155
"
135211A-58;2;"B. PANTALON BERETTA 5 BOLSILLOS ARENA SS16 T-58";"10/12/2015 14:27:39";59,99;99,95;8007;"BERETTA BENELLI IBERICA, S.A.";2;;"BF21, BF23, LB21, LB22, LIQUIDACION_BERETTA, OUTLET, PRECIO_FIJO, RBE22, RBE23, RBE24, RBV22, RBV23, REVER242, RV21";;100033916;"100012869
"
135211V-58;2;"B. PANTALON BERETTA 5 BOLSILLOS VERDE SS16 T-58";"10/12/2015 14:27:39";59,99;99,95;8007;"BERETTA BENELLI IBERICA, S.A.";2;;"BF21, BF22, BF23, LB21, LB22, LB23, LIQUIDACION_BERETTA, OUTLET, PRECIO_FIJO, RBE22, RBE23, RBE24, RBV22, RBV23, REVER242, RV21";;100033930;"100012869
"
135224-L;2;"B. POLAR BERETTA POLARTEC VERDE T.L";"03/08/2016 19:40:51";69,99;129,95;8007;"BERETTA BENELLI IBERICA, S.A.";0;"CAZA 2019-2020, CAZA 2018-2019, CAZA 2017-2018";"BF21, BF22, BF23, CAMINO, LB21, LB23, OUTLET, PRECIO_FIJO, RBE22, RBE23, RBV22, RBV23, REVER242";;100041819;"100033591
"
136151-XXXL;2;"PARKA CHIRUCA AURA T-XXXL";"16/06/2016 17:26:17";182,99;182,99;9009;"CALZADOS FAL S.A.";2;"CAZA 2019-2020, CAZA 2018-2019, CAZA 2017-2018";"BF21, BF22, BF23, CAMINO, RBE22, RBE23, RBE24, RBV22, RECOMENDADO, REVER242, RV21, TEMPORADA_INVIERNO";"01/09/2023 11:19:46";100055573;"100020513
"
136162-58;2;"PANTALON CLASSIC BERETTA FA61 T-58 (ESPAÑOLA 54)";"24/06/2016 17:22:34";47,99;78,99;8007;"BERETTA BENELLI IBERICA, S.A.";2;;"BF21, BF22, BF23, LB22, LB23, OUTLET, PRECIO_FIJO, RBE22, RBE23, RBE24, RBV22, RBV23, REVER242, RV21, TEMPORADA_INVIERNO";;100038942;"100014525
"
136162-60;2;"PANTALON CLASSIC BERETTA FA61 T-60 (ESPAÑOLA 56)";"24/06/2016 17:22:34";47,99;78,99;8007;"BERETTA BENELLI IBERICA, S.A.";2;;"BF21, BF22, BF23, LB22, LB23, OUTLET, PRECIO_FIJO, RBE22, RBE23, RBE24, RBV22, RBV23, REVER242, RV21, TEMPORADA_INVIERNO";;100038943;"100014525
"
136165-L;2;"B. CAMISA BERETTA ROMA  T.L";"26/12/2016 10:39:22";55,99;55,99;8007;"BERETTA BENELLI IBERICA, S.A.";12;"CAZA 2017-2018";"BF21, BF22, BF23, IRN21, LB21, LB22, LB23, PRECIO_FIJO, RBE22, RBE23, RBE24, RBV22, RBV23, REVER242, TEMPORADA_INVIERNO";"18/03/2024 19:09:24";100053608;"100019304
"
136165-M;2;"B. CAMISA BERETTA ROMA  T.M";"26/12/2016 10:36:41";55,99;55,99;8007;"BERETTA BENELLI IBERICA, S.A.";36;"CAZA 2017-2018";"BF21, BF22, BF23, IRN21, LB21, LB22, LB23, PRECIO_FIJO, RBE22, RBE23, RBE24, RBV22, RBV23, REVER242, TEMPORADA_INVIERNO";"18/03/2024 19:09:24";100053607;"100019304
"
14739XXL;2;"PANTALON INTERIOR CHIRUCA CON POLARTEC POWER DRY T";"27/07/2006 13:47:22";24,99;54,99;9009;"CALZADOS FAL S.A.";2;;"BF22, BF23, LB23, OUTLET, RBE22, RBE23, RBE24, RBV23, REVER242, TEMPORADA_INVIERNO";;61184;"15748
"
15020L;2;"CHAQUETON 100% IMPERM. T.L";"18/06/2004 19:29:50";39,99;59,99;9088;"DAVID RESOURCE CO., LTD.";164;"PESCA 2016, PESCA 2015, CAZA 2019-2020, CAZA 2018-2019, CAZA 2017-2018, CAZA 2016-2017, CAZA 2015-16, CAZA 2014-15";"BF21, BF22, BF23, CAMINO, IRN22, LB23, OFERTA EXPRESS, RBE22, RBE23, RBE24, RBV22, RBV23, REVER242, SD21";;3615;"261
"
15020M;2;"CHAQUETON 100% IMPERM. T.M";"18/06/2004 19:29:50";39,99;59,99;9088;"DAVID RESOURCE CO., LTD.";136;"PESCA 2016, PESCA 2015, CAZA 2019-2020, CAZA 2018-2019, CAZA 2017-2018, CAZA 2016-2017, CAZA 2015-16, CAZA 2014-15";"BF21, BF22, BF23, CAMINO, IRN22, LB23, OFERTA EXPRESS, RBE22, RBE23, RBE24, RBV22, RBV23, REVER242, SD21";;3616;"261
"
15020XL;2;"CHAQUETON 100% IMPERM. T.XL";"18/06/2004 19:29:50";49,99;59,99;9025;"GALICIA MARITIMA, S.L.";24;"PESCA 2016, PESCA 2015, CAZA 2019-2020, CAZA 2018-2019, CAZA 2017-2018, CAZA 2016-2017, CAZA 2015-16, CAZA 2014-15";"BF21, BF22, BF23, CAMINO, IRN22, LB23, OFERTA EXPRESS, RBE22, RBE23, RBE24, RBV23, REVER242";;3618;"261
"
15020XXL;2;"CHAQUETON 100% IMPERM. T.XXL";"18/06/2004 19:29:50";39,99;59,99;9088;"DAVID RESOURCE CO., LTD.";5;"PESCA 2016, PESCA 2015, CAZA 2019-2020, CAZA 2018-2019, CAZA 2017-2018, CAZA 2016-2017, CAZA 2015-16, CAZA 2014-15";"BF21, BF22, BF23, CAMINO, IRN22, OFERTA EXPRESS, RBE22, RBE23, RBE24, RBV22, RBV23, REVER242, SD21";;3619;"261
"
15020XXXL;2;"TC. CHAQUETON 100% IMPERM. T.XXXL";"03/10/2014 13:25:04";49,99;59,99;9025;"GALICIA MARITIMA, S.L.";11;"PESCA 2016, CAZA 2018-2019, CAZA 2016-2017, CAZA 2015-16";"BF21, BF22, CAMINO, IRN22, RBE23, REVER242, RV21";;100028437;"261
"
151190-S;2;"PANTALON TERMICO AIGLE CAB. EMARO 95180 T. S";"22/08/2008 11:17:04";26,99;54,95;1244;"AIGLE-TIM SPORT,S.L.";0;;"BF21, BF22, BF23, LB22, LB23, OUTLET, RBE22, RBE23, RBE24, RBV22, RBV23, REVER242";;100135074;"100043284
"
162890S;2;"PANTALON BERETTA DE CORDURA T.S (38-40)";"30/08/2007 18:21:41";69,99;109,99;8007;"BERETTA BENELLI IBERICA, S.A.";4;;"BF21, BF22, BF23, LB22, LB23, OUTLET, PRECIO_FIJO, RBE22, RBE23, RBE24, RBV22, RBV23, REVER242";;101822;"17126
"
162890XXL;2;"PANTALON BERETTA DE CORDURA T.XXL (52-54)";"30/08/2007 18:31:54";69,99;109,99;8007;"BERETTA BENELLI IBERICA, S.A.";1;;"BF21, BF22, LB22, OUTLET, RBE22, RBE23, RBV22, RBV23, REVER242";;101826;"17126
"
162890XXXL;2;"PANTALON BERETTA DE CORDURA T.XXXL";"30/08/2007 18:32:31";69,99;109,99;8007;"BERETTA BENELLI IBERICA, S.A.";1;;"BF21, BF22, BF23, LB22, LB23, OUTLET, PRECIO_FIJO, RBE22, RBE23, RBE24, RBV22, RBV23, REVER242";;101827;"17126
"
162898-S;2;"GORRA CURZON /GOA-TAY-NA02 MARINO T.S";"14/06/2011 17:35:07";32,99;32,99;1231;"CURZON CLASSICS, S.L.";1;;"BF21, BF23, LB23, RBE22, RBE23, RBE24, RBV22, RBV23, REVER242, RV21";;100133866;"100042962
"
163807-M;2;"B. CAMISA BERETTA VENECIA T.M";"10/08/2016 11:27:57";27,99;27,99;8007;"BERETTA BENELLI IBERICA, S.A.";2;"CAZA 2018-2019, CAZA 2017-2018";"BF22, BF23, LB21, LB22, LB23, LIQUIDACION_BERETTA, OUTLET, PRECIO_FIJO, RBE22, RBE23, RBE24, RBV22, RBV23, REVER242, RV21, TEMPORADA_INVIERNO";"18/03/2024 19:09:24";100040524;"100015239
"
21368;2;"ESCOPETA SUPERPUESTA BERETTA 690 BLACK EDITION SPORTING";"22/04/2016 18:13:44";2599,99;3190;8007;"BERETTA BENELLI IBERICA, S.A.";1;"COMPETICION 2017, CAZA 2019-2020, CAZA 2018-2019, CAZA 2016-2017";"EXCEPCION_2021, EXC_2022, NOGOO_ES, NOGOO_PT, OUTLET, PRECIO_FIJO, REVER242";"18/03/2024 19:09:21";100036506;"100013518
"
21930;2;"ESCOPETA ZOLI KRONOS SPORTING";"18/06/2004 19:29:50";1699,99;2690;1118;ZOLI;2;"COMPETICION 2017, COMPETICION 2015, CAZA 2016-2017, CAZA 2015-16, CAZA 2014-15";"ARMA_VENTA_PRIORITARIA, BF21, BF22, BF23, EXC_2022, NOGOO_ES, NOGOO_PT, OUTLET, RBE22, RBE23, RBE24, RBV22, RBV23, REVER242, RV21, SD21";;38933;"11350
"
21931;2;"ESCOPETA ZOLI KRONOS TRAP S/POLICHOQUES";"18/06/2004 19:29:50";1699,99;2690;1118;ZOLI;2;"COMPETICION 2017, COMPETICION 2015, CAZA 2016-2017, CAZA 2015-16, CAZA 2014-15";"ARMA_VENTA_PRIORITARIA, BF21, BF23, EXC_2022, LIQUIDACION_ARMAS, NOGOO_ES, NOGOO_PT, OUTLET, RBE22, RBE24, RBV23, REVER242, RV21, SD21";;43182;"12667
"
300539;1;"BOTAS LITEFIELD N. 39";"18/06/2004 19:29:50";79,99;89,99;100003059;"TRIVI CONFECCIONES (BEKINA IBERIA)";6;"PESCA 2016, PESCA 2015, CAZA 2019-2020, CAZA 2018-2019, CAZA 2017-2018, CAZA 2016-2017, CAZA 2015-16, CAZA 2014-15";"BF21, BF22, BF23, IRN21, IRN22, KIT BOTAS, RBE22, RBE23, RBE24, RBV22, REVER242";"02/01/2023 8:47:20";3724;"287
"
300540;1;"BOTAS LITEFIELD N. 40";"18/06/2004 19:29:50";79,99;89,99;100003059;"TRIVI CONFECCIONES (BEKINA IBERIA)";4;"PESCA 2016, PESCA 2015, CAZA 2019-2020, CAZA 2018-2019, CAZA 2017-2018, CAZA 2016-2017, CAZA 2015-16, CAZA 2014-15";"BF21, BF22, BF23, IRN21, IRN22, KIT BOTAS, RBE22, RBE23, RBE24, RBV22, REVER242";"02/01/2023 8:47:20";3725;"287
"
300541;1;"BOTAS LITEFIELD N. 41";"18/06/2004 19:29:50";79,99;89,99;100003059;"TRIVI CONFECCIONES (BEKINA IBERIA)";9;"PESCA 2016, PESCA 2015, CAZA 2019-2020, CAZA 2018-2019, CAZA 2017-2018, CAZA 2016-2017, CAZA 2015-16, CAZA 2014-15";"BF21, BF22, BF23, IRN21, IRN22, KIT BOTAS, RBE22, RBE23, RBE24, RBV22, REVER242";"02/01/2023 8:47:20";3726;"287
"
300542;1;"BOTAS LITEFIELD N. 42";"18/06/2004 19:29:50";79,99;89,99;100003059;"TRIVI CONFECCIONES (BEKINA IBERIA)";12;"PESCA 2016, PESCA 2015, CAZA 2019-2020, CAZA 2018-2019, CAZA 2017-2018, CAZA 2016-2017, CAZA 2015-16, CAZA 2014-15";"BF21, BF22, BF23, COMPARADOR, COMP_FR, COMP_PT, IRN21, IRN22, KIT BOTAS, RBE22, RBE23, RBE24, RBV22, REVER242";"02/01/2023 8:47:20";3727;"287
"
300543;1;"BOTAS LITEFIELD N. 43";"18/06/2004 19:29:50";79,99;89,99;100003059;"TRIVI CONFECCIONES (BEKINA IBERIA)";12;"PESCA 2016, PESCA 2015, CAZA 2019-2020, CAZA 2018-2019, CAZA 2017-2018, CAZA 2016-2017, CAZA 2015-16, CAZA 2014-15";"BF21, BF22, BF23, IRN21, IRN22, KIT BOTAS, RBE22, RBE23, RBE24, RBV22, REVER242";"02/01/2023 8:47:20";3728;"287
"
300544;1;"BOTAS LITEFIELD N. 44";"18/06/2004 19:29:50";79,99;89,99;100003059;"TRIVI CONFECCIONES (BEKINA IBERIA)";7;"PESCA 2016, PESCA 2015, CAZA 2019-2020, CAZA 2018-2019, CAZA 2017-2018, CAZA 2016-2017, CAZA 2015-16, CAZA 2014-15";"BF21, BF22, BF23, IRN22, KIT BOTAS, RBE22, RBE23, RBE24, RBV22, REVER242";"02/01/2023 8:47:20";3729;"287
"
300545;1;"BOTAS LITEFIELD N. 45";"18/06/2004 19:29:50";79,99;89,99;100003059;"TRIVI CONFECCIONES (BEKINA IBERIA)";6;"PESCA 2016, PESCA 2015, CAZA 2019-2020, CAZA 2018-2019, CAZA 2017-2018, CAZA 2016-2017, CAZA 2015-16, CAZA 2014-15";"BF21, BF22, BF23, IRN21, IRN22, KIT BOTAS, RBE22, RBE23, RBE24, RBV22, REVER242";"02/01/2023 8:47:20";3730;"287
"
300546;1;"BOTAS LITEFIELD N. 46";"18/06/2004 19:29:50";79,99;89,99;100003059;"TRIVI CONFECCIONES (BEKINA IBERIA)";6;"PESCA 2016, PESCA 2015, CAZA 2019-2020, CAZA 2018-2019, CAZA 2017-2018, CAZA 2016-2017, CAZA 2015-16, CAZA 2014-15";"BF21, BF22, BF23, IRN21, IRN22, KIT BOTAS, RBE22, RBE23, RBE24, RBV22, REVER242";"02/01/2023 8:47:20";409255;"287
"
300547;1;"BOTAS LITEFIELD N. 47";"18/06/2004 19:29:50";79,99;89,99;100003059;"TRIVI CONFECCIONES (BEKINA IBERIA)";9;"PESCA 2016, PESCA 2015, CAZA 2019-2020, CAZA 2018-2019, CAZA 2017-2018, CAZA 2016-2017, CAZA 2015-16, CAZA 2014-15";"BF21, BF22, BF23, IRN21, IRN22, KIT BOTAS, RBE22, RBE23, RBE24, RBV22, REVER242";"02/01/2023 8:47:20";418303;"287
"
301007-40;2;"BOTAS CHIRUCA BARBET 21 GORE-TEX T.40";"08/05/2017 13:23:24";143,99;159,99;9009;"CALZADOS FAL S.A.";2;"CAZA 2020-2021 (WEB), CAZA 2019-2020";"BF21, BF22, BF23, CAMINO, IRN21, KIT CALZADO, KLIM, PTECH, RBE22, RBE23, RBV22, RECOMENDADO, REVER242, RTECH";"01/09/2023 11:19:46";100052328;"100018861
"
301007-41;2;"BOTAS CHIRUCA BARBET 21 GORE-TEX T.41";"08/05/2017 13:23:24";143,99;159,99;9009;"CALZADOS FAL S.A.";4;"CAZA 2020-2021 (WEB), CAZA 2019-2020";"BF21, BF22, BF23, CAMINO, IRN21, KIT CALZADO, KLIM, PTECH, RBE22, RBE23, RBV22, RECOMENDADO, REVER242, RTECH";"01/09/2023 11:19:46";100052330;"100018861
"
301007-42;2;"BOTAS CHIRUCA BARBET 21 GORE-TEX T.42";"08/05/2017 13:23:24";143,99;159,99;9009;"CALZADOS FAL S.A.";1;"CAZA 2020-2021 (WEB), CAZA 2019-2020";"BF21, BF22, BF23, CAMINO, IRN21, KIT CALZADO, KLIM, PTECH, RBE22, RBE23, RBV22, RECOMENDADO, REVER242, RTECH";"01/09/2023 11:19:46";100052331;"100018861
"
301007-44;2;"BOTAS CHIRUCA BARBET 21 GORE-TEX T.44";"08/05/2017 13:23:25";143,99;159,99;9009;"CALZADOS FAL S.A.";2;"CAZA 2020-2021 (WEB), CAZA 2019-2020";"BF21, BF22, BF23, CAMINO, IRN21, KIT CALZADO, KLIM, PTECH, RBE22, RBE23, RBV22, RECOMENDADO, REVER242, RTECH";"01/09/2023 11:19:46";100052333;"100018861
"
301007-47;2;"BOTAS CHIRUCA BARBET 21 GORE-TEX T.47";"08/05/2017 13:23:25";143,99;159,99;9009;"CALZADOS FAL S.A.";2;"CAZA 2020-2021 (WEB), CAZA 2019-2020";"BF21, BF22, BF23, CAMINO, IRN21, KIT CALZADO, KLIM, PTECH, RBE22, RBE23, RBV22, RECOMENDADO, REVER242, RTECH";"01/09/2023 11:19:46";100052336;"100018861
"
303539V;2;"BOTA SAHARA VERDE  T 39";"15/03/2010 19:48:42";94,99;94,99;9009;"CALZADOS FAL S.A.";1;;"BF22, KLIM, LQCHIRUCA, OUTLET, PTECH, RBE23, RBV22, RBV23, REVER242, RTECH, RV21";;100031587;"100000489
"
303540V;2;"BOTA SAHARA VERDE  T 40";"15/03/2010 19:48:43";94,99;94,99;9009;"CALZADOS FAL S.A.";1;;"BF22, KLIM, LQCHIRUCA, OUTLET, PTECH, RBE23, RBV22, RBV23, REVER242, RTECH, RV21";;100000679;"100000489
"
303543V;1;"M. BOTA SAHARA VERDE  T 43";"15/03/2010 19:48:43";94,99;94,99;9009;"CALZADOS FAL S.A.";0;;"COMPARADOR, COMP_FR, COMP_PT, REVER242";;431620;"35627
"
303544V;1;"M. BOTA SAHARA VERDE  T 44";"15/03/2010 19:48:43";94,99;94,99;9009;"CALZADOS FAL S.A.";0;;"REVER242, RV21";;431621;"35627
"
308438;1;"BOTAS CHIRUCA DOGO CON GORE TEX Nº38  ";"02/08/2008 11:53:44";157,99;157,99;9009;"CALZADOS FAL S.A.";0;"PESCA 2015, COMPETICION 2015, CAZA 2016-2017, CAZA 2015-16, CAZA 2014-15";"KIT CALZADO, REVER242";;407653;"21758
"
308439;1;"BOTAS CHIRUCA DOGO CON GORE TEX Nº39  ";"02/08/2008 12:00:59";157,99;157,99;9009;"CALZADOS FAL S.A.";0;"PESCA 2015, COMPETICION 2015, CAZA 2016-2017, CAZA 2015-16, CAZA 2014-15";"KIT CALZADO, REVER242";;407654;"21758
"
308440;1;"BOTAS CHIRUCA DOGO CON GORE TEX Nº40  ";"02/08/2008 12:01:17";157,99;157,99;9009;"CALZADOS FAL S.A.";0;"PESCA 2015, COMPETICION 2015, CAZA 2016-2017, CAZA 2015-16, CAZA 2014-15";"KIT CALZADO, REVER242";;407655;"21758
"
308441;1;"BOTAS CHIRUCA DOGO CON GORE TEX Nº41  ";"02/08/2008 12:01:39";157,99;157,99;9009;"CALZADOS FAL S.A.";0;"PESCA 2015, COMPETICION 2015, CAZA 2016-2017, CAZA 2015-16, CAZA 2014-15";"KIT CALZADO, REVER242";;407656;"21758
"
308442;1;"BOTAS CHIRUCA DOGO CON GORE TEX Nº42  ";"02/08/2008 12:01:56";157,99;157,99;9009;"CALZADOS FAL S.A.";0;"PESCA 2015, COMPETICION 2015, CAZA 2016-2017, CAZA 2015-16, CAZA 2014-15";"COMPARADOR, COMP_FR, COMP_PT, KIT CALZADO, REVER242";;407657;"21758
"
308443;1;"BOTAS CHIRUCA DOGO CON GORE TEX Nº43  ";"02/08/2008 12:05:29";157,99;157,99;9009;"CALZADOS FAL S.A.";0;"PESCA 2015, COMPETICION 2015, CAZA 2016-2017, CAZA 2015-16, CAZA 2014-15";"KIT CALZADO, REVER242";;407658;"21758
"
308444;1;"BOTAS CHIRUCA DOGO CON GORE TEX Nº44 ";"02/08/2008 12:05:51";157,99;157,99;9009;"CALZADOS FAL S.A.";0;"PESCA 2015, COMPETICION 2015, CAZA 2016-2017, CAZA 2015-16, CAZA 2014-15";"KIT CALZADO, REVER242";;407659;"21758
"
308445;1;"BOTAS CHIRUCA DOGO CON GORE TEX Nº45  ";"02/08/2008 12:06:09";157,99;175,99;9009;"CALZADOS FAL S.A.";0;"PESCA 2015, COMPETICION 2015, CAZA 2016-2017, CAZA 2015-16, CAZA 2014-15";"KIT CALZADO, KLIM, PTECH, REVER242, RTECH";"01/09/2023 11:19:50";407660;"21758
"
308446;1;"BOTAS CHIRUCA DOGO CON GORE TEX Nº46 ";"02/08/2008 12:06:29";157,99;157,99;9009;"CALZADOS FAL S.A.";0;"PESCA 2015, COMPETICION 2015, CAZA 2016-2017, CAZA 2015-16, CAZA 2014-15";"KIT CALZADO, REVER242";;407661;"21758
"
308447;1;"BOTAS CHIRUCA DOGO CON GORE TEX Nº47 ";"02/08/2008 12:06:48";157,99;157,99;9009;"CALZADOS FAL S.A.";0;"PESCA 2015, COMPETICION 2015, CAZA 2016-2017, CAZA 2015-16, CAZA 2014-15";"KIT CALZADO, REVER242";;407662;"21758
"
30846;2;"ESCOPETA BENELLI MONTEFELTRO EXTRALIGHT C.12 71CM";"20/07/2018 13:29:16";1359;1895;8007;"BERETTA BENELLI IBERICA, S.A.";1;"CAZA 2019-2020, CAZA 2018-2019";"BF21, COMPARADOR, EXCEPCION_2021, EXC_2022, NOGOO_ES, NOGOO_PT, PRECIO_FIJO, RBE24, REVER242";"18/03/2024 19:09:18";100078525;"100027133
"
30860;2;"ESCOPETA BENELLI MONTEFELTRO CAL.20  POLICH.";"18/06/2004 19:29:50";1349;1935;8007;"BERETTA BENELLI IBERICA, S.A.";1;"CAZA 2019-2020, CAZA 2018-2019, CAZA 2017-2018, CAZA 2016-2017, CAZA 2015-16, CAZA 2014-15";"COMPARADOR, EXCEPCION_2021, EXC_2022, NOGOO_ES, NOGOO_PT, PRECIO_FIJO, RBE24, REVER242";"18/03/2024 19:09:18";53418;"14137
"
30861;2;"BENELLI DUCA DI MONTEFELTRO CAL. 12 C/POLICH.";"18/06/2004 19:29:50";1399,99;1915;8007;"BERETTA BENELLI IBERICA, S.A.";1;;"ARMA_VENTA_PRIORITARIA, BF22, EXC_INT, EXC_2022, NOGOO_ES, NOGOO_PT, OUTLET, PRECIO_FIJO, RBE23, RBV23, REVER242";;53421;"14141
"
308938;1;"BOTAS CHIRUCA DE ESPERAS CON GORE-TEX T-38";"28/07/2009 18:06:05";238,99;238,99;9009;"CALZADOS FAL S.A.";0;;REVER242;;415208;"32085
"
308939;1;"BOTAS CHIRUCA DE ESPERAS CON GORE-TEX T-39";"28/07/2009 18:07:00";238,99;238,99;9009;"CALZADOS FAL S.A.";0;;REVER242;;415209;"32085
"
308940;1;"BOTAS CHIRUCA DE ESPERAS CON GORE-TEX T-40";"28/07/2009 18:07:53";238,99;238,99;9009;"CALZADOS FAL S.A.";0;;REVER242;;415210;"32085
"
308941;1;"BOTAS CHIRUCA DE ESPERAS CON GORE-TEX T-41";"28/07/2009 18:12:18";238,99;238,99;9009;"CALZADOS FAL S.A.";0;;REVER242;;415211;"32085
"
308942;1;"BOTAS CHIRUCA DE ESPERAS CON GORE-TEX T-42";"28/07/2009 18:12:34";238,99;238,99;9009;"CALZADOS FAL S.A.";0;;"COMPARADOR, COMP_FR, COMP_PT, REVER242";;415212;"32085
"
308943;1;"BOTAS CHIRUCA DE ESPERAS CON GORE-TEX T-43";"28/07/2009 18:12:52";238,99;238,99;9009;"CALZADOS FAL S.A.";0;;REVER242;;415213;"32085
"
308944;1;"BOTAS CHIRUCA DE ESPERAS CON GORE-TEX T-44";"28/07/2009 18:16:21";238,99;238,99;9009;"CALZADOS FAL S.A.";0;;REVER242;;415214;"32085
"
308945;1;"BOTAS CHIRUCA DE ESPERAS CON GORE-TEX T-45";"28/07/2009 18:16:37";238,99;238,99;9009;"CALZADOS FAL S.A.";0;;REVER242;;415215;"32085
"
308946;1;"BOTAS CHIRUCA DE ESPERAS CON GORE-TEX T-46";"28/07/2009 18:16:58";238,99;238,99;9009;"CALZADOS FAL S.A.";0;;REVER242;;415216;"32085
"
308947;1;"BOTAS CHIRUCA DE ESPERAS CON GORE-TEX T-47";"28/07/2009 18:17:16";238,99;238,99;9009;"CALZADOS FAL S.A.";0;;REVER242;;415217;"32085
"
309926-38;1;"BOTAS CHIRUCA RASTROJERAS SABANA N.38";"01/07/2015 13:25:34";94,99;94,99;9009;"CALZADOS FAL S.A.";0;"CAZA 2015-16";REVER242;;100028232;"100010612
"
309926-39;1;"BOTAS CHIRUCA RASTROJERAS SABANA N.39";"01/07/2015 16:30:49";94,99;94,99;9009;"CALZADOS FAL S.A.";0;"CAZA 2015-16";REVER242;;100028233;"100010612
"
309926-40;1;"BOTAS CHIRUCA RASTROJERAS SABANA N.40";"01/07/2015 16:31:31";94,99;94,99;9009;"CALZADOS FAL S.A.";0;"CAZA 2015-16";REVER242;;100028234;"100010612
"
309926-41;1;"BOTAS CHIRUCA RASTROJERAS SABANA N.41";"01/07/2015 16:32:07";94,99;94,99;9009;"CALZADOS FAL S.A.";0;"CAZA 2015-16";"COMPARADOR, COMP_FR, COMP_PT, REVER242";;100028235;"100010612
"
309926-42;1;"BOTAS CHIRUCA RASTROJERAS SABANA N.42";"01/07/2015 16:32:43";94,99;94,99;9009;"CALZADOS FAL S.A.";0;"CAZA 2015-16";REVER242;;100028236;"100010612
"
309926-43;1;"BOTAS CHIRUCA RASTROJERAS SABANA N.43";"01/07/2015 16:33:10";94,99;94,99;9009;"CALZADOS FAL S.A.";0;"CAZA 2015-16";REVER242;;100028237;"100010612
"
309926-44;1;"BOTAS CHIRUCA RASTROJERAS SABANA N.44";"01/07/2015 16:33:37";94,99;94,99;9009;"CALZADOS FAL S.A.";0;"CAZA 2015-16";REVER242;;100028238;"100010612
"
309926-45;1;"BOTAS CHIRUCA RASTROJERAS SABANA N.45";"01/07/2015 16:34:04";94,99;94,99;9009;"CALZADOS FAL S.A.";0;"CAZA 2015-16";REVER242;;100028239;"100010612
"
309926-46;1;"BOTAS CHIRUCA RASTROJERAS SABANA N.46";"01/07/2015 16:34:31";94,99;94,99;9009;"CALZADOS FAL S.A.";0;"CAZA 2015-16";REVER242;;100028240;"100010612
"
309926-47;1;"BOTAS CHIRUCA RASTROJERAS SABANA N.47";"01/07/2015 16:34:56";94,99;94,99;9009;"CALZADOS FAL S.A.";0;"CAZA 2015-16";REVER242;;100028241;"100010612
"
309931-39;2;"BOTAS CHIRUCA MAGNUM CON GORE-TEX T.39";"11/07/2015 13:47:04";166,99;185,99;9009;"CALZADOS FAL S.A.";1;"CAZA 2020-2021 (WEB), CAZA 2019-2020, CAZA 2018-2019, CAZA 2017-2018, CAZA 2016-2017, CAZA 2015-16, CAZA 2014-15";"BF21, BF22, BF23, CAMINO, EXCLUSIVO, IRN21, KIT CALZADO, KLIM, PTECH, RBE22, RBE23, RBE24, RBV22, RBV23, RECOMENDADO, REVER242, RTECH";;100028274;"100010616
"
309931-41;2;"BOTAS CHIRUCA MAGNUM CON GORE-TEX T.41";"11/07/2015 13:47:47";166,99;185,99;9009;"CALZADOS FAL S.A.";1;"CAZA 2020-2021 (WEB), CAZA 2019-2020, CAZA 2018-2019, CAZA 2017-2018, CAZA 2016-2017, CAZA 2015-16";"BF21, BF22, BF23, CAMINO, EXCLUSIVO, IRN21, KIT CALZADO, KLIM, PTECH, RBE22, RBE23, RBE24, RBV22, RBV23, RECOMENDADO, REVER242, RTECH";;100028276;"100010616
"
309931-44;2;"BOTAS CHIRUCA MAGNUM CON GORE-TEX T.44";"11/07/2015 13:48:47";166,99;185,99;9009;"CALZADOS FAL S.A.";13;"CAZA 2020-2021 (WEB), CAZA 2019-2020, CAZA 2018-2019, CAZA 2017-2018, CAZA 2016-2017, CAZA 2015-16";"BF21, BF22, BF23, CAMINO, EXCLUSIVO, IRN21, KIT CALZADO, KLIM, PTECH, RBE22, RBE23, RBE24, RBV22, RBV23, RECOMENDADO, REVER242, RTECH";;100028280;"100010616
"
309931-47;2;"BOTAS CHIRUCA MAGNUM CON GORE-TEX T.47";"11/07/2015 13:49:48";166,99;185,99;9009;"CALZADOS FAL S.A.";3;"CAZA 2020-2021 (WEB), CAZA 2019-2020, CAZA 2018-2019, CAZA 2017-2018, CAZA 2016-2017, CAZA 2015-16";"BF21, BF22, BF23, CAMINO, EXCLUSIVO, IRN21, KIT CALZADO, KLIM, PTECH, RBE22, RBE23, RBE24, RBV22, RBV23, RECOMENDADO, REVER242, RTECH";;100028281;"100010616
"
309933-39;2;"SANDALIA CHIRUCA SURINAM 12 T-39";"23/04/2018 12:23:26";49,99;74,99;9009;"CALZADOS FAL S.A.";4;;"BF22, BF23, LQCHIRUCA, OUTLET, RBE24, RBV22, RBV23, REVER242, RV21";;100175974;"100053527
"
309933-40;2;"SANDALIA CHIRUCA SURINAM 12 T-40";"23/04/2018 12:23:26";49,99;74,99;9009;"CALZADOS FAL S.A.";5;;"BF23, LQCHIRUCA, OUTLET, RBE24, RBV22, RBV23, REVER242, RV21";;100175975;"100053527
"
309933-45;2;"SANDALIA CHIRUCA SURINAM 12 T-45";"23/04/2018 12:23:26";49,99;74,99;9009;"CALZADOS FAL S.A.";1;;"BF22, BF23, LQCHIRUCA, OUTLET, RBE24, RBV22, RBV23, REVER242, RV21";;100175982;"100053527
"
309934-36;2;"SANDALIA CHIRUCA LADY MALIBU 05 T-36";"23/04/2018 12:23:26";34,99;49,99;9009;"CALZADOS FAL S.A.";2;;"BF23, LQCHIRUCA, MUJER, OUTLET, RBE24, RBV22, RBV23, REVER242, RV21";"27/04/2022 9:30:13";100176005;"100053534
"
309934-41;2;"SANDALIA CHIRUCA LADY MALIBU 05 T-41";"23/04/2018 12:23:26";34,99;49,99;9009;"CALZADOS FAL S.A.";1;;"BF23, LQCHIRUCA, MUJER, OUTLET, RBE24, REVER242";"27/04/2022 9:30:13";100176010;"100053534
"
309935-39;2;"SANDALIA REGATTA HOLCOMBE CRO SS91 T. 39";"20/02/2019 16:45:07";31,99;44,99;100003018;"REGATTA LTD";1;;"BF23, OUTLET, RBE24, RBV22, RBV23, REVER242";;100086680;"100029511
"
309935-40;2;"SANDALIA REGATTA HOLCOMBE CRO SS91 T.40";"20/02/2019 16:45:07";29,99;44,99;100003018;"REGATTA LTD";1;;"BF22, OUTLET, RBV22, RBV23, REVER242";;100086681;"100029511
"
309935-42;2;"SANDALIA REGATTA HOLCOMBE CRO SS91 T.42";"20/02/2019 16:45:07";31,99;44,99;100003018;"REGATTA LTD";1;;"BF22, OUTLET, RBE23, RBV22, RBV23, REVER242";;100086683;"100029511
"
309935-47;2;"SANDALIA REGATTA HOLCOMBE CRO SS91 T.47";"20/02/2019 16:45:07";31,99;44,99;100003018;"REGATTA LTD";1;;"BF22, OUTLET, RBE23, RBV22, RBV23, REVER242";;100086688;"100029511
"
309936-36;2;"SANDALIA REGATTA LADY SANTA CLARA SS91 T.36";"20/02/2019 16:45:07";24,99;39,99;100003018;"REGATTA LTD";2;;"BF22, BF23, CM23, MUJER, OUTLET, RBE24, RBV22, RBV23, REVER242, RV21";;100086689;"100029512
"
309936-37;2;"SANDALIA REGATTA LADY SANTA CLARA SS91 T.37";"20/02/2019 16:45:07";24,99;39,99;100003018;"REGATTA LTD";2;;"BF23, CM23, MUJER, OUTLET, RBE24, RBV22, RBV23, REVER242, RV21";;100086690;"100029512
"
309936-38;2;"SANDALIA REGATTA LADY SANTA CLARA SS91 T.38";"20/02/2019 16:45:07";24,99;39,99;100003018;"REGATTA LTD";3;;"BF22, BF23, CM23, MUJER, OUTLET, RBE24, RBV22, RBV23, REVER242, RV21";;100086691;"100029512
"
309936-41;2;"SANDALIA REGATTA LADY SANTA CLARA SS91 T.41";"20/02/2019 16:45:07";24,99;39,99;100003018;"REGATTA LTD";1;;"BF22, CM23, MUJER, OUTLET, RBV22, RBV23, REVER242, RV21";;100086694;"100029512
"
31059;2;"OPTIMA CHOKE BERETTA EXTERIOR";"22/06/2007 11:39:25";55,99;79,99;8007;"BERETTA BENELLI IBERICA, S.A.";1;;"ARMA_VENTA_PRIORITARIA, BF22, OCULTO WEB, OUTLET, PRECIO_FIJO, RBE23, RBV23, REVER242";;100124368;"100040114
"
31082-S;2;"ESC. SEMIAUT. BERETTA A300 OUTLANDER SYNTHETIC 71 CM C/POL";"18/08/2016 15:31:00";999,99;1295;8007;"BERETTA BENELLI IBERICA, S.A.";2;"CAZA 2019-2020, CAZA 2016-2017";"COMPARADOR, EXCEPCION_2021, EXC_2022, NOGOO_ES, NOGOO_PT, OUTLET, PRECIO_FIJO, REVER242";"18/03/2024 19:09:20";100040308;"100015150
"
310834;1;"CANANA DE SERRAJE PARA BALAS (16 BALAS) CON 2 PORTACARGADORES";"08/07/2004 15:26:07";54,99;54,99;1028;"SALO-SPORT -VERONICA DUMITRESCU, VALENTINA";13;"CAZA 2019-2020, CAZA 2018-2019, CAZA 2017-2018, CAZA 2016-2017, CAZA 2015-16, CAZA 2014-15";"BF21, BF22, BF23, RBE22, RBE23, RBE24, RBV22, RBV23, REVER242, RV21";;46528;"12956
"
310835;1;"CANANA DE CUERO ENGRASADO PARA BALAS (16 BALAS)";"08/07/2004 15:26:44";65,99;65,99;1028;"SALO-SPORT -VERONICA DUMITRESCU, VALENTINA";5;"COMPETICION 2017, COMPETICION 2015, CAZA 2019-2020, CAZA 2018-2019, CAZA 2017-2018, CAZA 2016-2017, CAZA 2015-16, CAZA 2014-15";"BF21, BF22, BF23, CSW, IRN21, RBE22, RBE23, RBE24, RBV22, RBV23, REGALAR, REVER242";;46529;"12957
"
310836;1;"CANANA DE CINTURON DE CUERO PARA BALAS CAL.STANDARD (12 BALAS)";"08/07/2004 15:27:12";29,99;29,99;1028;"SALO-SPORT -VERONICA DUMITRESCU, VALENTINA";6;"COMPETICION 2017, COMPETICION 2015, CAZA 2019-2020, CAZA 2018-2019, CAZA 2017-2018, CAZA 2016-2017, CAZA 2015-16, CAZA 2014-15";"BF21, BF22, BF23, RBE22, RBE23, RBE24, RBV22, RBV23, REVER242, RV21";;46530;"12958
"
310836-M;1;"CANANA DE CINTURON DE CUERO PARA BALAS CAL.MAGNUM (12 BALAS)";"21/07/2016 14:20:03";29,99;29,99;1028;"SALO-SPORT -VERONICA DUMITRESCU, VALENTINA";2;"CAZA 2019-2020, CAZA 2018-2019, CAZA 2017-2018, CAZA 2016-2017";"BF21, BF22, BF23, RBE22, RBE23, RBE24, RBV22, RBV23, REVER242";;100040310;"12958
"
310912;1;"CANANA DE SERRAJE PARA CARTUCHOS";"18/06/2004 19:29:50";44,99;44,99;1028;"SALO-SPORT -VERONICA DUMITRESCU, VALENTINA";9;"CAZA 2019-2020, CAZA 2018-2019, CAZA 2017-2018, CAZA 2016-2017, CAZA 2015-16, CAZA 2014-15";"BF21, BF22, BF23, RBE22, RBE23, RBE24, RBV22, RBV23, REVER242";;39588;"11505
"
310923;1;"CANANA DE CUERO ENGRASADO PARA CARTUCHOS";"08/07/2004 15:23:10";54,99;54,99;1028;"SALO-SPORT -VERONICA DUMITRESCU, VALENTINA";12;"COMPETICION 2017, COMPETICION 2015, CAZA 2019-2020, CAZA 2018-2019, CAZA 2017-2018, CAZA 2016-2017, CAZA 2015-16, CAZA 2014-15";"BF21, BF22, BF23, CSW, HORAS23, IRN21, IRN22, RBE22, RBE23, RBE24, RBV22, RBV23, REGALAR, REVER242";;46527;"12955
"
310951;1;"CANANA DE SERRAJE DE GRAN CAPACIDAD PARA BALAS (25)";"31/07/2009 12:13:18";44,99;44,99;1028;"SALO-SPORT -VERONICA DUMITRESCU, VALENTINA";8;"CAZA 2019-2020, CAZA 2018-2019, CAZA 2017-2018, CAZA 2016-2017, CAZA 2015-16, CAZA 2014-15";"BF21, BF22, BF23, RBE22, RBE23, RBE24, RBV22, RBV23, REVER242";;413185;"31755
"
310975P;2;"SOBRE PORTABALAS 5 BALAS EN PIEL (PEQUEÑO CALIBRE)";"30/05/2011 10:48:01";11,99;15,99;9022;"EXCOPESA 2000 S.L.";1;;"BF23, OUTLET, RBE24, RBV23, REVER242";;419855;"33253
"
311021;1;"CORREA DE CUERO LABRADO";"31/07/2009 12:29:56";59,99;59,99;1226;"HERMANOS PEDRAZA (LUIS PEDRAZA LOPEZ)";5;"COMPETICION 2017, CAZA 2019-2020, CAZA 2018-2019, CAZA 2017-2018, CAZA 2016-2017, CAZA 2015-16, CAZA 2014-15";"BF21, BF22, BF23, RBE22, RBE23, RBV22, RECOMENDADO, REVER242, RV21";;413189;"31759
"
311023;1;"CORREA CON SOPORTE FRONTAL REGULABLE";"31/07/2009 12:34:17";41,99;59,99;100001798;"STAR WORLD INTERNATIONAL";10;"COMPETICION 2015, CAZA 2019-2020, CAZA 2018-2019, CAZA 2017-2018, CAZA 2016-2017, CAZA 2015-16, CAZA 2014-15";"BF21, BF22, BF23, HORAS23, RBE22, RBE23, RBE24, RBV22, RECOMENDADO, REVER242, RV21";;413191;"31761
"
311061;1;"CORREA ANCHA DE NEOPRENO PARA RIFLE VERDE";"30/06/2011 17:48:17";24,99;24,99;9240;"SKYWAY TECHNOLOGY, S.A.";0;"COMPETICION 2015, CAZA 2019-2020, CAZA 2018-2019, CAZA 2017-2018, CAZA 2016-2017, CAZA 2015-16, CAZA 2014-15";"BF21, BF22, BF23, RBE22, RBE23, RBE24, RBV23, REVER242";"18/07/2022 9:42:41";430461;"35478
"
311061-N;1;"CORREA ANCHA DE NEOPRENO PARA RIFLE NEGRA";"12/07/2018 17:48:59";29,99;29,99;9240;"SKYWAY TECHNOLOGY, S.A.";5;"CAZA 2019-2020, CAZA 2018-2019";"BF22, BF23, RBE22, RBE24, REVER242";"14/02/2024 17:51:22";100078595;"35478
"
311061-O;1;"CORREA ANCHA DE NEOPRENO PARA RIFLE NARANJA";"12/07/2018 17:49:39";29,99;29,99;9240;"SKYWAY TECHNOLOGY, S.A.";2;"CAZA 2019-2020, CAZA 2018-2019";"BF22, BF23, RBE22, RBE24, REVER242";"14/02/2024 17:51:22";100078597;"35478
"
311116;1;"CORREA ALLEN BACKTRAK";"07/03/2017 18:38:22";64,99;69,95;100001112;"THE ALLEN COMPANY, INC.";7;"COMPETICION 2017, CAZA 2019-2020, CAZA 2018-2019, CAZA 2017-2018";"BF21, BF22, BF23, COMPARADOR, COMP_FR, COMP_PT, CSW, HORAS23, RBE22, RBE23, RBE24, RBV22, RBV23, RECOMENDADO, REVER242";;100049092;"100017953
"
311400;1;"CORREA TRENZADA PIEL OSCURA";"18/06/2004 19:29:50";27,99;27,99;1028;"SALO-SPORT -VERONICA DUMITRESCU, VALENTINA";4;"COMPETICION 2017, COMPETICION 2015, CAZA 2019-2020, CAZA 2018-2019, CAZA 2017-2018, CAZA 2016-2017, CAZA 2015-16, CAZA 2014-15";"BF21, BF22, BF23, RBE22, RBE23, RBE24, RBV22, RBV23, REVER242, SD21";;3881;"401
"
311421-39;2;"BOTAS CHIRUCA CAMO CON GORE TEX T.39";"23/06/2016 13:24:07";124,99;138,99;9009;"CALZADOS FAL S.A.";1;"COMPETICION 2017, CAZA 2020-2021 (WEB), CAZA 2019-2020, CAZA 2018-2019, CAZA 2017-2018, CAZA 2016-2017";"BF21, BF22, BF23, CAMINO, KIT CALZADO, RBE22, RBE23, RBE24, RECOMENDADO, REVER242";"01/09/2023 11:19:46";100039519;"100014824
"
311421-45;2;"BOTAS CHIRUCA CAMO CON GORE TEX T.45";"23/06/2016 13:30:12";124,99;138,99;9009;"CALZADOS FAL S.A.";1;"COMPETICION 2017, CAZA 2020-2021 (WEB), CAZA 2019-2020, CAZA 2018-2019, CAZA 2017-2018, CAZA 2016-2017";"BF21, BF22, BF23, CAMINO, KIT CALZADO, KLIM, PTECH, RBE22, RBE23, RBE24, REVER242, RTECH";"01/09/2023 11:19:46";100039526;"100014824
"
311421-46;2;"BOTAS CHIRUCA CAMO CON GORE TEX T.46";"23/06/2016 13:30:38";124,99;138,99;9009;"CALZADOS FAL S.A.";3;"COMPETICION 2017, CAZA 2020-2021 (WEB), CAZA 2019-2020, CAZA 2018-2019, CAZA 2017-2018, CAZA 2016-2017";"BF21, BF22, BF23, CAMINO, KIT CALZADO, RBE22, RBE23, RBE24, RECOMENDADO, REVER242";"01/09/2023 11:19:46";100039527;"100014824
"
311421-47;2;"BOTAS CHIRUCA CAMO CON GORE TEX T.47";"30/06/2016 18:51:26";124,99;138,99;9009;"CALZADOS FAL S.A.";1;"COMPETICION 2017, CAZA 2020-2021 (WEB), CAZA 2019-2020, CAZA 2018-2019, CAZA 2017-2018, CAZA 2016-2017";"BF21, BF23, CAMINO, KIT CALZADO, RBE22, RBE24, REVER242";"01/09/2023 11:19:46";100039528;"100014824
"
311423-39;2;"BOTAS CHIRUCA HIGH CON GORE TEX T.39";"23/06/2016 13:54:42";134,99;149,99;9009;"CALZADOS FAL S.A.";3;"CAZA 2020-2021 (WEB), CAZA 2019-2020, CAZA 2018-2019, CAZA 2017-2018, CAZA 2016-2017";"BF21, BF22, BF23, CAMINO, EXCLUSIVO, IRN21, KIT CALZADO, KLIM, PTECH, RBE22, RBE23, RBE24, RBV22, RBV23, RECOMENDADO, REVER242, RTECH";;100040060;"100015005
"
311423-40;2;"BOTAS CHIRUCA HIGH CON GORE TEX T.40";"23/06/2016 13:55:01";134,99;149,99;9009;"CALZADOS FAL S.A.";3;"CAZA 2020-2021 (WEB), CAZA 2019-2020, CAZA 2018-2019, CAZA 2017-2018, CAZA 2016-2017";"BF21, BF22, BF23, CAMINO, EXCLUSIVO, IRN21, KIT CALZADO, KLIM, PTECH, RBE22, RBE23, RBE24, RBV22, RBV23, RECOMENDADO, REVER242, RTECH";;100040061;"100015005
"
311423-41;2;"BOTAS CHIRUCA HIGH CON GORE TEX T.41";"23/06/2016 13:55:18";134,99;149,99;9009;"CALZADOS FAL S.A.";3;"CAZA 2020-2021 (WEB), CAZA 2019-2020, CAZA 2018-2019, CAZA 2017-2018, CAZA 2016-2017";"BF21, BF22, BF23, CAMINO, EXCLUSIVO, IRN21, KIT CALZADO, KLIM, PTECH, RBE22, RBE23, RBE24, RBV22, RBV23, RECOMENDADO, REVER242, RTECH";;100040062;"100015005
"
311423-45;2;"BOTAS CHIRUCA HIGH CON GORE TEX T.45";"23/06/2016 13:57:12";134,99;149,99;9009;"CALZADOS FAL S.A.";0;"CAZA 2020-2021 (WEB), CAZA 2019-2020, CAZA 2018-2019, CAZA 2017-2018, CAZA 2016-2017";"BF21, BF22, BF23, CAMINO, EXCLUSIVO, IRN21, KIT CALZADO, KLIM, PTECH, RBE22, RBE23, RBE24, RBV22, RBV23, RECOMENDADO, REVER242, RTECH";;100040066;"100015005
"
311423-47;2;"BOTAS CHIRUCA HIGH CON GORE TEX T.47";"23/06/2016 13:57:47";134,99;149,99;9009;"CALZADOS FAL S.A.";1;"CAZA 2020-2021 (WEB), CAZA 2019-2020, CAZA 2018-2019, CAZA 2017-2018, CAZA 2016-2017";"BF21, BF22, BF23, CAMINO, EXCLUSIVO, IRN21, KIT CALZADO, KLIM, PTECH, RBE22, RBE23, RBE24, RBV22, RBV23, RECOMENDADO, REVER242, RTECH";;100040068;"100015005
"
311427-39;1;"BOTA MEINDL KANSAS T. 39 (6)";"21/07/2016 12:05:30";182,99;219,99;1225;"MEINDL SHOES FOR ACTIVES";2;"CAZA 2019-2020, CAZA 2018-2019, CAZA 2017-2018, CAZA 2016-2017";"BF21, BF22, BF23, CAMINO, CSW, KIT CALZADO, KLIM, PTECH, RBE22, RBE23, RBE24, RBV22, REVER242, RTECH";;100069905;"100015008
"
311427-40;1;"BOTA MEINDL KANSAS T. 40 (6,5)";"21/07/2016 12:06:02";182,99;219,99;1225;"MEINDL SHOES FOR ACTIVES";2;"CAZA 2019-2020, CAZA 2018-2019, CAZA 2017-2018, CAZA 2016-2017";"BF21, BF22, BF23, CAMINO, KIT CALZADO, KLIM, PTECH, RBE22, RBE23, RBE24, RBV22, REVER242, RTECH";;100040070;"100015008
"
311427-41;1;"BOTA MEINDL KANSAS T. 41 (7,5)";"21/07/2016 12:06:28";182,99;219,99;1225;"MEINDL SHOES FOR ACTIVES";3;"CAZA 2019-2020, CAZA 2018-2019, CAZA 2017-2018, CAZA 2016-2017";"BF21, BF22, BF23, CAMINO, CSW, KIT CALZADO, KLIM, PTECH, RBE22, RBE23, RBE24, RBV22, RECOMENDADO, REVER242, RTECH";;100040071;"100015008
"
311427-42;1;"BOTA MEINDL KANSAS T. 42 (8)";"21/07/2016 12:06:45";182,99;219,99;1225;"MEINDL SHOES FOR ACTIVES";6;"CAZA 2019-2020, CAZA 2018-2019, CAZA 2017-2018, CAZA 2016-2017";"BF21, BF22, BF23, CAMINO, CSW, KIT CALZADO, KLIM, PTECH, RBE22, RBE23, RBE24, RBV22, RECOMENDADO, REVER242, RTECH";;100040072;"100015008
"
311427-43;1;"BOTA MEINDL KANSAS T. 43 (9)";"21/07/2016 12:07:06";182,99;219,99;1225;"MEINDL SHOES FOR ACTIVES";7;"CAZA 2019-2020, CAZA 2018-2019, CAZA 2017-2018, CAZA 2016-2017";"BF21, BF22, BF23, CAMINO, CSW, KIT CALZADO, KLIM, PTECH, RBE22, RBE23, RBE24, RBV22, RECOMENDADO, REVER242, RTECH";;100040073;"100015008
"
311427-44;1;"BOTA MEINDL KANSAS T. 44 (9,5)";"21/07/2016 12:07:30";182,99;219,99;1225;"MEINDL SHOES FOR ACTIVES";6;"CAZA 2019-2020, CAZA 2018-2019, CAZA 2017-2018, CAZA 2016-2017";"BF21, BF22, BF23, CAMINO, COMPARADOR, COMP_FR, COMP_PT, CSW, KIT CALZADO, KLIM, PTECH, RBE22, RBE23, RBE24, RBV22, RECOMENDADO, REVER242, RTECH";;100040074;"100015008
"
311427-45;1;"BOTA MEINDL KANSAS T. 45 (10,5)";"21/07/2016 12:07:52";182,99;219,99;1225;"MEINDL SHOES FOR ACTIVES";2;"CAZA 2019-2020, CAZA 2018-2019, CAZA 2017-2018, CAZA 2016-2017";"BF21, BF22, BF23, CAMINO, CSW, KIT CALZADO, KLIM, PTECH, RBE22, RBE23, RBE24, RBV22, RECOMENDADO, REVER242, RTECH";;100040076;"100015008
"
311427-46;1;"BOTA MEINDL KANSAS T. 46 (11)";"21/07/2016 12:08:12";182,99;219,99;1225;"MEINDL SHOES FOR ACTIVES";1;"CAZA 2019-2020, CAZA 2018-2019, CAZA, CAZA 2019-2020, CAZA 2018-2019, CAZA 2017-2018, CAZA 2016-2017, CAZA 2015-16";"BF21, BF23, CSW, EXCLUSIVO, HORAS23, IRN21, OFERTA_2UD, RBE24, RBV23, RECOMENDADO, REVER242, X23";;3888;"758
"
312351-39;2;"BOTA TACTICA ARENA T.39";"03/08/2016 13:19:18";43,99;61,2;72888;"MARTINEZ ALBAINOX, S.L.U.";3;"COMPETICION 2017, CAZA 2019-2020, CAZA 2018-2019, CAZA 2016-2017";"BF21, BF22, BF23, KIT CUERO, KLIM, OUTLET, PRECIO_FIJO, PTECH, RBE22, RBE23, RBE24, RBV22, RBV23, REVER242, RTECH";"02/05/2024 9:02:11";100040252;"100015123
"
312351-40;2;"BOTA TACTICA ARENA T.40";"05/08/2016 12:27:18";43,99;61,2;72888;"MARTINEZ ALBAINOX, S.L.U.";4;"COMPETICION 2017, CAZA 2019-2020, CAZA 2018-2019, CAZA 2016-2017";"BF21, BF22, BF23, KIT CUERO, KLIM, OUTLET, PRECIO_FIJO, PTECH, RBE22, RBE23, RBE24, RBV22, RBV23, REVER242, RTECH";"02/05/2024 9:02:11";100040253;"100015123
"
312351-41;2;"BOTA TACTICA ARENA T.41";"05/08/2016 12:27:42";43,99;61,2;72888;"MARTINEZ ALBAINOX, S.L.U.";0;"COMPETICION 2017, CAZA 2019-2020, CAZA 2018-2019, CAZA 2016-2017";"BF21, BF22, BF23, KIT CUERO, KLIM, OUTLET, PRECIO_FIJO, PTECH, RBE22, RBE23, RBE24, RBV22, RBV23, REVER242, RTECH";"02/05/2024 9:02:11";100040254;"100015123
"
312351-45;2;"BOTA TACTICA ARENA T.45";"05/08/2016 12:29:44";43,99;61,2;72888;"MARTINEZ ALBAINOX, S.L.U.";2;"COMPETICION 2017, CAZA 2019-2020, CAZA 2018-2019, CAZA 2016-2017";"BF21, BF22, BF23, KIT CUERO, KLIM, OUTLET, PRECIO_FIJO, PTECH, RBE22, RBE23, RBE24, RBV22, RBV23, REVER242, RTECH";"02/05/2024 9:02:11";100040258;"100015123
"
312422;1;"BARRERAS DE OLOR P/CULTIVO-20 LAMINAS (2 PAQUETES)";"18/06/2004 19:29:50";39,99;39,99;100000428;"HAGOPUR AG";16;"COMPETICION 2017, CAZA 2019-2020, CAZA 2018-2019, CAZA 2016-2017, CAZA 2015-16, CAZA 2014-15";"BF21, BF23, OFERTA_X UDS., OFERTA_2UD, RBE22, RBE23, RBE24, RBV22, RBV23, RECOMENDADO, REVER242, RV21, SPRAY_OLOR";;22826;"10419
"
312444;1;"BANDEJA PARA EL TRANSPORTE ";"02/08/2006 10:37:12";39,99;39,99;100001114;"GEORG FRITZMANN & SÖHNE GMBH";12;"COMPETICION 2017, CAZA 2019-2020, CAZA 2018-2019, CAZA 2017-2018, CAZA 2016-2017, CAZA 2015-16, CAZA 2014-15";"BERREA, BF21, BF22, BF23, OFERTA_X UDS., OFERTA_2UD, RBE22, RBE23, RBE24, RBV22, RBV23, RECOMENDADO, REVER242";;60831;"15596
"
312475-1;2;"BATERIA RECARGABLE PARA DISPENSADOR DIGITAL CON PLACA SOLAR";"02/06/2011 16:39:56";19,99;19,99;1252;DAISA(BATERIAS);2;;REVER242;;100006003;"100002561
"
312488;1;"BOLSA PLEGABLE PARA EL MALETERO";"29/07/2011 14:16:37";89,99;89,99;9079;"FRANKONIA JAGD";18;"COMPETICION 2017, CAZA 2019-2020, CAZA 2018-2019, CAZA 2017-2018, CAZA 2016-2017, CAZA 2015-16, CAZA 2014-15";"BERREA, BF22, BF23, HORAS23, OFERTA_X UDS., OFERTA_2UD, RECOMENDADO, REVER242";;426817;"34393
"
312500;1;"SILLA-TABURETE TRIPODE MADERA PLEGABLE  ";"18/06/2004 19:29:50";34,99;59,99;9079;"FRANKONIA JAGD";38;"COMPETICION 2015, CAZA 2019-2020, CAZA 2018-2019, CAZA 2017-2018, CAZA 2016-2017, CAZA 2015-16, CAZA 2014-15";"BF21, BF23, CSW, HORAS23, IRN21, OFERTA_2UD, RBE22, RBE24, RBV22, RBV23, RECOMENDADO, REGALAR, REVER242, RV21, SD21";;3903;"281
"
312502;1;"SILLA TIPO GADABOUT";"18/06/2004 19:29:50";99,99;99,99;9241;"LINDEN LEISURE LTD";58;"CAZA 2019-2020, CAZA 2018-2019, CAZA 2017-2018, CAZA 2016-2017, CAZA 2015-16, CAZA 2014-15";"BF23, COMPARADOR, COMP_FR, COMP_PT, CSW, HORAS23, REVER242";;39715;"11641
"
312522;1;"BANDEJA DE TRANSPORTE ARRASTRABLE";"02/08/2014 10:38:32";79,99;89,99;9079;"FRANKONIA JAGD";10;"COMPETICION 2017, COMPETICION 2015, CAZA 2019-2020, CAZA 2018-2019, CAZA 2017-2018, CAZA 2016-2017, CAZA 2015-16, CAZA 2014-15";"BERREA, BF21, BF22, BF23, COMPARADOR, COMP_FR, COMP_PT, HORAS23, OFERTA_2UD, RBE22, RBE23, RBV23, RECOMENDADO, REVER242";;100018020;"100006995
"
312525;1;"BASTON ASIENTO DE CAZA";"05/08/2013 11:44:07";33;39,95;100001798;"STAR WORLD INTERNATIONAL";81;"COMPETICION 2017, CAZA 2019-2020, CAZA 2018-2019, CAZA 2017-2018, CAZA 2016-2017, CAZA 2015-16, CAZA 2014-15";"BF21, BF22, BF23, CSW, HORAS23, RBE22, RBE23, RBE24, RBV22, RBV23, RECOMENDADO, REVER242, RV21";;100018199;"100007133
"
312530;2;"CAMARA CON AVISADOR ANIMALES/ INTRUSOS VIA MENS.-MAIL";"02/08/2013 13:22:12";219,99;299,95;100001764;"SKY SUPER TECHNOLOGY (HK) CO., LIMITED (SPROMISE)";59;"COMPETICION 2017, CAZA 2019-2020, CAZA 2018-2019, CAZA 2017-2018, CAZA 2016-2017, CAZA 2015-16, CAZA 2014-15";"BF21, BF22, BF23, CANDADO, COMPARADOR, COMP_FR, COMP_PT, HORAS23, IRN21, IRN22, OFERTA_X UDS., OFERTA_2UD, RBE22, RBE23, RBE24, RBV22, RBV23, RECOMENDADO, REGALAR, REVER242, SD21";;100009638;"100004093
"
312560;1;"PUESTO DE CAZA PORTATIL";"31/07/2012 14:59:55";299,99;299,99;100001196;"BERGER & SCHRÖTER GmbH";11;"CAZA 2019-2020, CAZA 2018-2019, CAZA 2017-2018, CAZA 2016-2017, CAZA 2015-16, CAZA 2014-15";"BF21, BF22, BF23, COMPARADOR, COMP_FR, COMP_PT, HORAS23, RBE22, RBE23, RBV22, RBV23, RECOMENDADO, REVER242, SD21";;100007422;"100003022
"
312560-S;1;"SOPORTE PARA PUESTO DE CAZA PORTATIL";"01/08/2018 13:48:21";99,99;99,99;100001196;"BERGER & SCHRÖTER GmbH";11;"CAZA 2019-2020, CAZA 2018-2019";"BF21, BF22, BF23, RBE22, RBE23, RBE24, RBV22, RBV23, RECOMENDADO, REVER242";;100078192;"100026975
"
312568;1;"DISPENSADOR DE GRANO DIGITAL";"02/06/2020 9:31:14";69,99;99,9;73009;"GSM, LLC";42;;"BF21, BF22, BF23, COMPARADOR, COMP_FR, COMP_PT, HORAS23, RBE22, RBE23, RBE24, RBV22, RBV23, RECOMENDADO, REGALAR, REVER242, RII-RAE";;100108416;"100035697
"
312574;1;"FUNDAS UNIVERSALES PARA ASIENTO";"07/03/2017 18:19:46";39,99;44,99;1125;"ROC IMPORT";13;"COMPETICION 2017, CAZA 2018-2019, CAZA 2017-2018";"BF21, BF22, BF23, COMP_FR, COMP_PT, HORAS23, RBE22, RBE23, RBE24, RBV22, RBV23, RECOMENDADO, REVER242";"19/09/2022 18:29:37";100049055;"100017922
"
312576;1;"KIT PARA ARRASTRAR ANIMALES";"07/08/2018 13:30:53";24,99;24,99;73009;"GSM, LLC";15;"CAZA 2019-2020, CAZA 2018-2019";"BERREA, BF21, BF22, BF23, OFERTA_2UD, RBE22, RBE23, RBE24, RBV22, RBV23, RECOMENDADO, REVER242, SD21";;100078562;"100027146
"
312601;1;"DISPENSADOR DE GRANO PLEGABLE";"18/03/2014 15:29:43";109,99;129,9;73009;"GSM, LLC";28;"COMPETICION 2017, CAZA 2019-2020, CAZA 2018-2019, CAZA 2017-2018, CAZA 2016-2017, CAZA 2015-16, CAZA 2014-15";"BF21, BF22, BF23, COMPARADOR, COMP_FR, COMP_PT, CSW, HORAS23, OFERTA_X UDS., OFERTA_2UD, RBE22, RBE23, RBE24, RBV22, RBV23, RECOMENDADO, REVER242, RII-RAE, SD21";;100014458;"100005975
"
312853;1;"SOPORTE PARA CAMARAS DE CAZA";"02/03/2016 13:24:47";39,99;39,99;73009;"GSM, LLC";1;"COMPETICION 2017, COMPETICION 2016, CAZA 2019-2020, CAZA 2018-2019, CAZA 2017-2018, CAZA 2016-2017";"BF21, BF22, BF23, OFERTA_X UDS., OFERTA_2UD, RBE22, RBE23, RBE24, RBV22, RBV23, RECOMENDADO, REVER242";;100034031;"100012910
"
312861-20;2;"CAMARA DIGITAL DE 20 MEGAPIXELS FLASH NEGRO";"28/09/2021 12:31:34";69,99;159,99;73009;"GSM, LLC";92;;"BF21, BF22, BF23, COMPARADOR, COMP_FR, COMP_PT, HORAS23, IRN21, IRN22, RBE22, RBE23, RBE24, RBV22, RBV23, RECOMENDADO, REVER242, RII-RAE";;100132261;"100042601
"
312871;1;"SOPORTE AJUSTABLE PARA CAMARAS";"02/06/2020 9:19:43";24,99;39,99;73009;"GSM, LLC";21;;"BF21, BF22, BF23, RBE22, RBE23, RBE24, RBV22, RBV23, RECOMENDADO, REVER242, RV21, SD21";;100108419;"100035700
"
314640;2;"BOTAS FOREST MUFLON T.40";"10/08/2012 11:39:00";119;159,95;100001123;"CALZADOS BOREAL, S.L";1;;"BF22, KLIM, OUTLET, PTECH, RBE22, RBE23, RBV22, RBV23, REVER242, RTECH, RV21, SD21";;100003515;"100001513
"
315740;1;"BOTA CHIRUCA ANTARTIDA T-40";"23/07/2013 11:26:11";98,99;98,99;9009;"CALZADOS FAL S.A.";0;"ESQUI 2015, CAZA 2018-2019, CAZA 2017-2018, CAZA 2016-2017, CAZA 2015-16, CAZA 2014-15";"KIT CALZADO, REVER242";;100009807;"100004144
"
315741;1;"BOTA CHIRUCA ANTARTIDA T-41";"23/07/2013 11:26:58";98,99;98,99;9009;"CALZADOS FAL S.A.";0;"ESQUI 2015, CAZA 2018-2019, CAZA 2017-2018, CAZA 2016-2017, CAZA 2015-16, CAZA 2014-15";"KIT CALZADO, REVER242";;100009808;"100004144
"
315742;1;"BOTA CHIRUCA ANTARTIDA T-42";"23/07/2013 11:27:37";98,99;98,99;9009;"CALZADOS FAL S.A.";0;"ESQUI 2015, CAZA 2018-2019, CAZA 2017-2018, CAZA 2016-2017, CAZA 2015-16, CAZA 2014-15";"COMPARADOR, COMP_FR, COMP_PT, KIT CALZADO, REVER242";;100009809;"100004144
"
315744;1;"BOTA CHIRUCA ANTARTIDA T-44";"23/07/2013 11:28:54";98,99;98,99;9009;"CALZADOS FAL S.A.";0;"ESQUI 2015, CAZA 2018-2019, CAZA 2017-2018, CAZA 2016-2017, CAZA 2015-16, CAZA 2014-15";"KIT CALZADO, REVER242";;100009811;"100004144
"
315745;1;"BOTA CHIRUCA ANTARTIDA T-45";"23/07/2013 11:29:35";98,99;98,99;9009;"CALZADOS FAL S.A.";0;"ESQUI 2015, CAZA 2018-2019, CAZA 2017-2018, CAZA 2016-2017, CAZA 2015-16, CAZA 2014-15";"KIT CALZADO, REVER242";;100009812;"100004144
"
312106;2;"DETECTOR VOLUMETRICO POR INFRARROJOS SIN CABLE";"09/08/2010 16:08:09";27,99;39,99;1245;"CD PRODUCTS, S.A";3;"CAZA 2014-15";"BF21, BF22, BF23, OUTLET, RBE23, RBE24, RBV22, RBV23, REVER242, RV21";;420409;"33476
"
312113;2;"MANOS LIBRES SOLAR BLUETOOTH";"06/08/2014 17:09:22";29,99;49,99;1245;"CD PRODUCTS, S.A";2;"CAZA 2014-15";"BF21, BF22, BF23, OUTLET, RBE23, RBE24, RBV22, RBV23, REGALAR, REVER242, RV21";;100018521;"100007255
"
312128;2;"SISTEMA DE SEGURIDAD ALERTACAM";"23/07/2015 19:37:37";129,99;189;1245;"CD PRODUCTS, S.A";2;"NAUTICA 2017, COMPETICION 2017, CAZA 2018-2019, CAZA 2017-2018, CAZA 2016-2017, CAZA 2015-16";"BF22, OCULTO WEB, OUTLET, RBE23, RBE24, RBV22, RBV23, REVER242";;100028474;"100010764
"
312128-D;2;"DETECTOR DE MOVIMIENTO ADICIONAL PARA ALERTACAM";"23/07/2015 19:43:42";31,99;44,99;1245;"CD PRODUCTS, S.A";1;"NAUTICA 2017, COMPETICION 2017, CAZA 2018-2019, CAZA 2017-2018, CAZA 2016-2017, CAZA 2015-16";"BF21, BF22, BF23, OUTLET, RBE22, RBE23, RBE24, RBV22, RBV23, REVER242, RV21";;100028475;"100015859
"
312308;1;"SILLA ESPECIAL CAZA";"21/06/2004 23:57:50";19,99;43,08;100001124;"HANGZHOU ZHONGKAI SPORTS TECHNOLOGY CO., LTD";471;"PESCA 2016, PESCA 2015, COMPETICION 2017, COMPETICION 2015, CAZA 2019-2020, CAZA 2018-2019, CAZA 2017-2018, CAZA 2016-2017, CAZA 2015-16";"BF21, BF23, CSW, EXCLUSIVO, HORAS23, IRN21, OFERTA_2UD, RBE24, RBV23, RECOMENDADO, REVER242, X23";;3888;"758
"
312351-39;2;"BOTA TACTICA ARENA T.39";"03/08/2016 13:19:18";43,99;61,2;72888;"MARTINEZ ALBAINOX, S.L.U.";3;"COMPETICION 2017, CAZA 2019-2020, CAZA 2018-2019, CAZA 2016-2017";"BF21, BF22, BF23, KIT CUERO, KLIM, OUTLET, PRECIO_FIJO, PTECH, RBE22, RBE23, RBE24, RBV22, RBV23, REVER242, RTECH";"02/05/2024 9:02:11";100040252;"100015123
"
312351-40;2;"BOTA TACTICA ARENA T.40";"05/08/2016 12:27:18";43,99;61,2;72888;"MARTINEZ ALBAINOX, S.L.U.";4;"COMPETICION 2017, CAZA 2019-2020, CAZA 2018-2019, CAZA 2016-2017";"BF21, BF22, BF23, KIT CUERO, KLIM, OUTLET, PRECIO_FIJO, PTECH, RBE22, RBE23, RBE24, RBV22, RBV23, REVER242, RTECH";"02/05/2024 9:02:11";100040253;"100015123
"
312351-41;2;"BOTA TACTICA ARENA T.41";"05/08/2016 12:27:42";43,99;61,2;72888;"MARTINEZ ALBAINOX, S.L.U.";0;"COMPETICION 2017, CAZA 2019-2020, CAZA 2018-2019, CAZA 2016-2017";"BF21, BF22, BF23, KIT CUERO, KLIM, OUTLET, PRECIO_FIJO, PTECH, RBE22, RBE23, RBE24, RBV22, RBV23, REVER242, RTECH";"02/05/2024 9:02:11";100040254;"100015123
"
312351-45;2;"BOTA TACTICA ARENA T.45";"05/08/2016 12:29:44";43,99;61,2;72888;"MARTINEZ ALBAINOX, S.L.U.";2;"COMPETICION 2017, CAZA 2019-2020, CAZA 2018-2019, CAZA 2016-2017";"BF21, BF22, BF23, KIT CUERO, KLIM, OUTLET, PRECIO_FIJO, PTECH, RBE22, RBE23, RBE24, RBV22, RBV23, REVER242, RTECH";"02/05/2024 9:02:11";100040258;"100015123
"
312422;1;"BARRERAS DE OLOR P/CULTIVO-20 LAMINAS (2 PAQUETES)";"18/06/2004 19:29:50";39,99;39,99;100000428;"HAGOPUR AG";16;"COMPETICION 2017, CAZA 2019-2020, CAZA 2018-2019, CAZA 2016-2017, CAZA 2015-16, CAZA 2014-15";"BF21, BF23, OFERTA_X UDS., OFERTA_2UD, RBE22, RBE23, RBE24, RBV22, RBV23, RECOMENDADO, REVER242, RV21, SPRAY_OLOR";;22826;"10419
"
312444;1;"BANDEJA PARA EL TRANSPORTE ";"02/08/2006 10:37:12";39,99;39,99;100001114;"GEORG FRITZMANN & SÖHNE GMBH";12;"COMPETICION 2017, CAZA 2019-2020, CAZA 2018-2019, CAZA 2017-2018, CAZA 2016-2017, CAZA 2015-16, CAZA 2014-15";"BERREA, BF21, BF22, BF23, OFERTA_X UDS., OFERTA_2UD, RBE22, RBE23, RBE24, RBV22, RBV23, RECOMENDADO, REVER242";;60831;"15596
"
312475-1;2;"BATERIA RECARGABLE PARA DISPENSADOR DIGITAL CON PLACA SOLAR";"02/06/2011 16:39:56";19,99;19,99;1252;DAISA(BATERIAS);2;;REVER242;;100006003;"100002561
"
312488;1;"BOLSA PLEGABLE PARA EL MALETERO";"29/07/2011 14:16:37";89,99;89,99;9079;"FRANKONIA JAGD";18;"COMPETICION 2017, CAZA 2019-2020, CAZA 2018-2019, CAZA 2017-2018, CAZA 2016-2017, CAZA 2015-16, CAZA 2014-15";"BERREA, BF22, BF23, HORAS23, OFERTA_X UDS., OFERTA_2UD, RECOMENDADO, REVER242";;426817;"34393
"
312500;1;"SILLA-TABURETE TRIPODE MADERA PLEGABLE  ";"18/06/2004 19:29:50";34,99;59,99;9079;"FRANKONIA JAGD";38;"COMPETICION 2015, CAZA 2019-2020, CAZA 2018-2019, CAZA 2017-2018, CAZA 2016-2017, CAZA 2015-16, CAZA 2014-15";"BF21, BF23, CSW, HORAS23, IRN21, OFERTA_2UD, RBE22, RBE24, RBV22, RBV23, RECOMENDADO, REGALAR, REVER242, RV21, SD21";;3903;"281
"
312502;1;"SILLA TIPO GADABOUT";"18/06/2004 19:29:50";99,99;99,99;9241;"LINDEN LEISURE LTD";58;"CAZA 2019-2020, CAZA 2018-2019, CAZA 2017-2018, CAZA 2016-2017, CAZA 2015-16, CAZA 2014-15";"BF23, COMPARADOR, COMP_FR, COMP_PT, CSW, HORAS23, REVER242";;39715;"11641
"
312522;1;"BANDEJA DE TRANSPORTE ARRASTRABLE";"02/08/2014 10:38:32";79,99;89,99;9079;"FRANKONIA JAGD";10;"COMPETICION 2017, COMPETICION 2015, CAZA 2019-2020, CAZA 2018-2019, CAZA 2017-2018, CAZA 2016-2017, CAZA 2015-16, CAZA 2014-15";"BERREA, BF21, BF22, BF23, COMPARADOR, COMP_FR, COMP_PT, HORAS23, OFERTA_2UD, RBE22, RBE23, RBV23, RECOMENDADO, REVER242";;100018020;"100006995
"
312525;1;"BASTON ASIENTO DE CAZA";"05/08/2013 11:44:07";33;39,95;100001798;"STAR WORLD INTERNATIONAL";81;"COMPETICION 2017, CAZA 2019-2020, CAZA 2018-2019, CAZA 2017-2018, CAZA 2016-2017, CAZA 2015-16, CAZA 2014-15";"BF21, BF22, BF23, CSW, HORAS23, RBE22, RBE23, RBE24, RBV22, RBV23, RECOMENDADO, REVER242, RV21";;100018199;"100007133
"
312530;2;"CAMARA CON AVISADOR ANIMALES/ INTRUSOS VIA MENS.-MAIL";"02/08/2013 13:22:12";219,99;299,95;100001764;"SKY SUPER TECHNOLOGY (HK) CO., LIMITED (SPROMISE)";59;"COMPETICION 2017, CAZA 2019-2020, CAZA 2018-2019, CAZA 2017-2018, CAZA 2016-2017, CAZA 2015-16, CAZA 2014-15";"BF21, BF22, BF23, CANDADO, COMPARADOR, COMP_FR, COMP_PT, HORAS23, IRN21, IRN22, OFERTA_X UDS., OFERTA_2UD, RBE22, RBE23, RBE24, RBV22, RBV23, RECOMENDADO, REGALAR, REVER242, SD21";;100009638;"100004093
"
312560;1;"PUESTO DE CAZA PORTATIL";"31/07/2012 14:59:55";299,99;299,99;100001196;"BERGER & SCHRÖTER GmbH";11;"CAZA 2019-2020, CAZA 2018-2019, CAZA 2017-2018, CAZA 2016-2017, CAZA 2015-16, CAZA 2014-15";"BF21, BF22, BF23, COMPARADOR, COMP_FR, COMP_PT, HORAS23, RBE22, RBE23, RBV22, RBV23, RECOMENDADO, REVER242, SD21";;100007422;"100003022
"
312560-S;1;"SOPORTE PARA PUESTO DE CAZA PORTATIL";"01/08/2018 13:48:21";99,99;99,99;100001196;"BERGER & SCHRÖTER GmbH";11;"CAZA 2019-2020, CAZA 2018-2019";"BF21, BF22, BF23, RBE22, RBE23, RBE24, RBV22, RBV23, RECOMENDADO, REVER242";;100078192;"100026975
"
312568;1;"DISPENSADOR DE GRANO DIGITAL";"02/06/2020 9:31:14";69,99;99,9;73009;"GSM, LLC";42;;"BF21, BF22, BF23, COMPARADOR, COMP_FR, COMP_PT, HORAS23, RBE22, RBE23, RBE24, RBV22, RBV23, RECOMENDADO, REGALAR, REVER242, RII-RAE";;100108416;"100035697
"
312574;1;"FUNDAS UNIVERSALES PARA ASIENTO";"07/03/2017 18:19:46";39,99;44,99;1125;"ROC IMPORT";13;"COMPETICION 2017, CAZA 2018-2019, CAZA 2017-2018";"BF21, BF22, BF23, COMP_FR, COMP_PT, HORAS23, RBE22, RBE23, RBE24, RBV22, RBV23, RECOMENDADO, REVER242";"19/09/2022 18:29:37";100049055;"100017922
"
312576;1;"KIT PARA ARRASTRAR ANIMALES";"07/08/2018 13:30:53";24,99;24,99;73009;"GSM, LLC";15;"CAZA 2019-2020, CAZA 2018-2019";"BERREA, BF21, BF22, BF23, OFERTA_2UD, RBE22, RBE23, RBE24, RBV22, RBV23, RECOMENDADO, REVER242, SD21";;100078562;"100027146
"
312601;1;"DISPENSADOR DE GRANO PLEGABLE";"18/03/2014 15:29:43";109,99;129,9;73009;"GSM, LLC";28;"COMPETICION 2017, CAZA 2019-2020, CAZA 2018-2019, CAZA 2017-2018, CAZA 2016-2017, CAZA 2015-16, CAZA 2014-15";"BF21, BF22, BF23, COMPARADOR, COMP_FR, COMP_PT, CSW, HORAS23, OFERTA_X UDS., OFERTA_2UD, RBE22, RBE23, RBE24, RBV22, RBV23, RECOMENDADO, REVER242, RII-RAE, SD21";;100014458;"100005975
"
312853;1;"SOPORTE PARA CAMARAS DE CAZA";"02/03/2016 13:24:47";39,99;39,99;73009;"GSM, LLC";1;"COMPETICION 2017, COMPETICION 2016, CAZA 2019-2020, CAZA 2018-2019, CAZA 2017-2018, CAZA 2016-2017";"BF21, BF22, BF23, OFERTA_X UDS., OFERTA_2UD, RBE22, RBE23, RBE24, RBV22, RBV23, RECOMENDADO, REVER242";;100034031;"100012910
"
312861-20;2;"CAMARA DIGITAL DE 20 MEGAPIXELS FLASH NEGRO";"28/09/2021 12:31:34";69,99;159,99;73009;"GSM, LLC";92;;"BF21, BF22, BF23, COMPARADOR, COMP_FR, COMP_PT, HORAS23, IRN21, IRN22, RBE22, RBE23, RBE24, RBV22, RBV23, RECOMENDADO, REVER242, RII-RAE";;100132261;"100042601
"
312871;1;"SOPORTE AJUSTABLE PARA CAMARAS";"02/06/2020 9:19:43";24,99;39,99;73009;"GSM, LLC";21;;"BF21, BF22, BF23, RBE22, RBE23, RBE24, RBV22, RBV23, RECOMENDADO, REVER242, RV21, SD21";;100108419;"100035700
"
314640;2;"BOTAS FOREST MUFLON T.40";"10/08/2012 11:39:00";119;159,95;100001123;"CALZADOS BOREAL, S.L";1;;"BF22, KLIM, OUTLET, PTECH, RBE22, RBE23, RBV22, RBV23, REVER242, RTECH, RV21, SD21";;100003515;"100001513
"
315740;1;"BOTA CHIRUCA ANTARTIDA T-40";"23/07/2013 11:26:11";98,99;98,99;9009;"CALZADOS FAL S.A.";0;"ESQUI 2015, CAZA 2018-2019, CAZA 2017-2018, CAZA 2016-2017, CAZA 2015-16, CAZA 2014-15";"KIT CALZADO, REVER242";;100009807;"100004144
"
315741;1;"BOTA CHIRUCA ANTARTIDA T-41";"23/07/2013 11:26:58";98,99;98,99;9009;"CALZADOS FAL S.A.";0;"ESQUI 2015, CAZA 2018-2019, CAZA 2017-2018, CAZA 2016-2017, CAZA 2015-16, CAZA 2014-15";"KIT CALZADO, REVER242";;100009808;"100004144
"
315742;1;"BOTA CHIRUCA ANTARTIDA T-42";"23/07/2013 11:27:37";98,99;98,99;9009;"CALZADOS FAL S.A.";0;"ESQUI 2015, CAZA 2018-2019, CAZA 2017-2018, CAZA 2016-2017, CAZA 2015-16, CAZA 2014-15";"COMPARADOR, COMP_FR, COMP_PT, KIT CALZADO, REVER242";;100009809;"100004144
"
315744;1;"BOTA CHIRUCA ANTARTIDA T-44";"23/07/2013 11:28:54";98,99;98,99;9009;"CALZADOS FAL S.A.";0;"ESQUI 2015, CAZA 2018-2019, CAZA 2017-2018, CAZA 2016-2017, CAZA 2015-16, CAZA 2014-15";"KIT CALZADO, REVER242";;100009811;"100004144
"
315745;1;"BOTA CHIRUCA ANTARTIDA T-45";"23/07/2013 11:29:35";98,99;98,99;9009;"CALZADOS FAL S.A.";0;"ESQUI 2015, CAZA 2018-2019, CAZA 2017-2018, CAZA 2016-2017, CAZA 2015-16, CAZA 2014-15";"KIT CALZADO, REVER242";;100009812;"100004144
"
315746;1;"BOTA CHIRUCA ANTARTIDA T-46";"23/07/2013 11:30:17";98,99;98,99;9009;"CALZADOS FAL S.A.";0;"ESQUI 2015, CAZA 2018-2019, CAZA 2017-2018, CAZA 2016-2017, CAZA 2015-16, CAZA 2014-15";"KIT CALZADO, REVER242, RV21";;100009813;"100004144
"
315747;1;"BOTA CHIRUCA ANTARTIDA T-47";"23/07/2013 11:30:51";98,99;98,99;9009;"CALZADOS FAL S.A.";0;"ESQUI 2015, CAZA 2018-2019, CAZA 2017-2018, CAZA 2016-2017, CAZA 2015-16, CAZA 2014-15";"KIT CALZADO, REVER242";;100009814;"100004144
"
316000-38;1;"BOTAS CHIRUCA BULLDOG BOA T-38";"28/06/2018 19:07:00";229,99;249,99;9009;"CALZADOS FAL S.A.";1;"CAZA 2020-2021 (WEB), CAZA 2019-2020, CAZA 2018-2019";"BF21, BF22, BF23, EXCLUSIVO, KIT CALZADO, KLIM, LQCHIRUCA, PTECH, RBE22, RBE23, RBE24, RBV22, RBV23, REVER242, RTECH, RV21, SD21";;100078345;"100027046
"
316000-39;1;"BOTAS CHIRUCA BULLDOG BOA T-39";"28/06/2018 19:07:00";229,99;249,99;9009;"CALZADOS FAL S.A.";1;"CAZA 2020-2021 (WEB), CAZA 2019-2020, CAZA 2018-2019";"BF21, BF22, BF23, CAMINO, EXCLUSIVO, KIT CALZADO, KLIM, PTECH, RBE22, RBE23, RBE24, RBV22, RBV23, REVER242, RTECH, RV21, SD21";;100078346;"100027046
"
316000-40;1;"BOTAS CHIRUCA BULLDOG BOA T-40";"28/06/2018 19:07:00";229,99;249,99;9009;"CALZADOS FAL S.A.";6;"CAZA 2020-2021 (WEB), CAZA 2019-2020, CAZA 2018-2019";"BF21, BF22, BF23, CAMINO, EXCLUSIVO, KIT CALZADO, KLIM, PTECH, RBE22, RBE23, RBE24, RBV22, RBV23, REVER242, RTECH, RV21, SD21";;100078347;"100027046
"
316000-41;1;"BOTAS CHIRUCA BULLDOG BOA T-41";"28/06/2018 19:07:01";229,99;249,99;9009;"CALZADOS FAL S.A.";10;"CAZA 2020-2021 (WEB), CAZA 2019-2020, CAZA 2018-2019";"BF21, BF22, BF23, CAMINO, EXCLUSIVO, KIT CALZADO, KLIM, PTECH, RBE22, RBE23, RBE24, RBV22, RBV23, REVER242, RTECH, RV21, SD21";;100078348;"100027046
"
316000-42;1;"BOTAS CHIRUCA BULLDOG BOA T-42";"28/06/2018 19:07:01";229,99;249,99;9009;"CALZADOS FAL S.A.";4;"CAZA 2020-2021 (WEB), CAZA 2019-2020, CAZA 2018-2019";"BF21, BF22, BF23, CAMINO, COMPARADOR, COMP_FR, COMP_PT, EXCLUSIVO, KIT CALZADO, KLIM, PTECH, RBE22, RBE23, RBE24, RBV22, RBV23, REVER242, RTECH, SD21";;100078349;"100027046
"
316000-43;1;"BOTAS CHIRUCA BULLDOG BOA T-43";"28/06/2018 19:07:01";229,99;249,99;9009;"CALZADOS FAL S.A.";5;"CAZA 2020-2021 (WEB), CAZA 2019-2020, CAZA 2018-2019";"BF21, BF22, BF23, CAMINO, EXCLUSIVO, KIT CALZADO, KLIM, PTECH, RBE22, RBE23, RBE24, RBV22, RBV23, REVER242, RTECH, RV21, SD21";;100078350;"100027046
"
316000-44;1;"BOTAS CHIRUCA BULLDOG BOA T-44";"28/06/2018 19:07:01";229,99;249,99;9009;"CALZADOS FAL S.A.";6;"CAZA 2020-2021 (WEB), CAZA 2019-2020, CAZA 2018-2019";"BF21, BF22, BF23, CAMINO, EXCLUSIVO, KIT CALZADO, KLIM, PTECH, RBE22, RBE23, RBE24, RBV22, RBV23, REVER242, RTECH, SD21";;100078351;"100027046
"
316000-45;1;"BOTAS CHIRUCA BULLDOG BOA T-45";"28/06/2018 19:07:01";229,99;249,99;9009;"CALZADOS FAL S.A.";3;"CAZA 2020-2021 (WEB), CAZA 2019-2020, CAZA 2018-2019";"BF21, BF22, BF23, CAMINO, EXCLUSIVO, KIT CALZADO, KLIM, PTECH, RBE22, RBE23, RBE24, RBV22, RBV23, REVER242, RTECH, RV21, SD21";;100078352;"100027046
"
316000-46;1;"BOTAS CHIRUCA BULLDOG BOA T-46";"28/06/2018 19:07:01";229,99;249,99;9009;"CALZADOS FAL S.A.";0;"CAZA 2020-2021 (WEB), CAZA 2019-2020, CAZA 2018-2019";"BF21, BF22, BF23, CAMINO, EXCLUSIVO, KIT CALZADO, KLIM, PTECH, RBE22, RBE23, RBV22, RBV23, REVER242, RTECH, SD21";;100078353;"100027046
"
316000-47;1;"BOTAS CHIRUCA BULLDOG BOA T-47";"28/06/2018 19:07:01";229,99;249,99;9009;"CALZADOS FAL S.A.";1;"CAZA 2020-2021 (WEB), CAZA 2019-2020, CAZA 2018-2019";"BF21, BF22, BF23, EXCLUSIVO, KIT CALZADO, KLIM, PTECH, RBE22, RBE23, RBE24, RBV23, REVER242, RTECH, RV21, SD21";;100078354;"100027046
"
316112-40;2;"SANDALIA CHIRUCA PANAMA T-40";"12/04/2019 13:31:23";55,99;79,95;9009;"CALZADOS FAL S.A.";1;;"BF22, LQCHIRUCA, OUTLET, RBV22, RBV23, REVER242, RV21";"15/10/2020 13:50:12";100089737;"100030273
"
316113-40;2;"SANDALIA CHIRUCA TUCUMAN T-40";"12/04/2019 13:31:24";38,99;54,99;9009;"CALZADOS FAL S.A.";1;;"BF23, LQCHIRUCA, OUTLET, RBE24, RBV22, RBV23, REVER242, RV21";"27/04/2022 9:30:13";100089751;"100030276
"
316115-40;1;"ZAPATOS PIEL NAUTICOS CON BORLA T-40";"04/06/2019 15:58:35";89,99;94,99;100000466;"LABOR (PEDRO L. LAZO TRUFERO S.L.U.)";8;;"BF21, BF22, BF23, CSW, KLIM, PTECH, RBE23, RBE24, RBV22, RBV23, REVER242, RTECH, RV21";;100093531;"100031477
"
316115-41;1;"ZAPATOS PIEL NAUTICOS CON BORLA T-41";"04/06/2019 15:58:35";89,99;94,99;100000466;"LABOR (PEDRO L. LAZO TRUFERO S.L.U.)";1;;"BF21, BF22, BF23, CSW, KLIM, PTECH, RBE23, RBE24, RBV22, RBV23, REVER242, RTECH, RV21";;100093532;"100031477
"
316115-42;1;"ZAPATOS PIEL NAUTICOS CON BORLA T-42";"04/06/2019 15:58:35";89,99;94,99;100000466;"LABOR (PEDRO L. LAZO TRUFERO S.L.U.)";1;;"BF21, BF22, BF23, CSW, KLIM, PTECH, RBE23, RBE24, RBV22, RBV23, REVER242, RTECH, RV21";;100093533;"100031477
"
316115-43;1;"ZAPATOS PIEL NAUTICOS CON BORLA T-43";"04/06/2019 15:58:35";89,99;94,99;100000466;"LABOR (PEDRO L. LAZO TRUFERO S.L.U.)";1;;"BF21, BF22, BF23, CSW, KLIM, PTECH, RBE23, RBE24, RBV22, RBV23, REVER242, RTECH, RV21";;100093534;"100031477
"
316115-44;1;"ZAPATOS PIEL NAUTICOS CON BORLA T-44";"04/06/2019 15:58:35";89,99;94,99;100000466;"LABOR (PEDRO L. LAZO TRUFERO S.L.U.)";2;;"BF21, BF22, BF23, CSW, KLIM, PTECH, RBE23, RBE24, RBV22, RBV23, REVER242, RTECH, RV21";;100093535;"100031477
"
316115-45;1;"ZAPATOS PIEL NAUTICOS CON BORLA T-45";"04/06/2019 15:58:35";89,99;94,99;100000466;"LABOR (PEDRO L. LAZO TRUFERO S.L.U.)";2;;"BF21, BF22, BF23, CSW, KLIM, PTECH, RBE23, RBE24, RBV22, RBV23, REVER242, RTECH, RV21";;100093536;"100031477
"
316116-40;2;"ZAPATOS PIEL NAUTICOS T-40";"04/06/2019 15:58:35";59,99;84,99;100000466;"LABOR (PEDRO L. LAZO TRUFERO S.L.U.)";1;;"BF21, BF22, BF23, KLIM, OUTLET, PTECH, RBE23, RBE24, RBV22, RBV23, REVER242, RTECH, RV21";;100093537;"100031478
"
316116-41;2;"ZAPATOS PIEL NAUTICOS T-41";"04/06/2019 15:58:35";59,99;84,99;100000466;"LABOR (PEDRO L. LAZO TRUFERO S.L.U.)";2;;"BF21, BF22, BF23, KLIM, OUTLET, PTECH, RBE23, RBE24, RBV22, RBV23, REVER242, RTECH, RV21";;100093538;"100031478
"
316116-42;2;"ZAPATOS PIEL NAUTICOS T-42";"04/06/2019 15:58:35";59,99;84,99;100000466;"LABOR (PEDRO L. LAZO TRUFERO S.L.U.)";2;;"BF21, BF22, BF23, KLIM, OUTLET, PTECH, RBE23, RBE24, RBV22, RBV23, REVER242, RTECH, RV21";;100093539;"100031478
"
316116-43;2;"ZAPATOS PIEL NAUTICOS T-43";"04/06/2019 15:58:35";59,99;84,99;100000466;"LABOR (PEDRO L. LAZO TRUFERO S.L.U.)";3;;"BF21, BF22, BF23, KLIM, OUTLET, PTECH, RBE23, RBE24, RBV22, RBV23, REVER242, RTECH, RV21";;100093540;"100031478
"
316116-44;2;"ZAPATOS PIEL NAUTICOS T-44";"04/06/2019 15:58:35";59,99;84,99;100000466;"LABOR (PEDRO L. LAZO TRUFERO S.L.U.)";3;;"BF21, BF22, BF23, KLIM, OUTLET, PTECH, RBE23, RBE24, RBV22, RBV23, REVER242, RTECH, RV21";;100093541;"100031478
"
316116-45;2;"ZAPATOS PIEL NAUTICOS T-45";"04/06/2019 15:58:35";59,99;94,99;100000466;"LABOR (PEDRO L. LAZO TRUFERO S.L.U.)";4;;"BF21, BF22, BF23, KLIM, OUTLET, PTECH, RBE23, RBE24, RBV22, RBV23, REVER242, RTECH, RV21";;100093542;"100031478
"
316120-38;1;"ZAPATO CHIRUCA SANTIAGO T-38";"10/05/2021 13:52:32";95,99;126,99;9009;"CALZADOS FAL S.A.";0;;"BF21, BF22, IRN21, KLIM, PTECH, RBV22, REVER242, RTECH";"05/04/2023 17:16:02";100128686;"100031983
"
316120-39;1;"ZAPATOS CHIRUCA SANTIAGO T-39";"22/07/2019 14:58:32";95,99;126,99;9009;"CALZADOS FAL S.A.";0;"CAZA 2020-2021 (WEB), CAZA 2019-2020";"BF21, BF22, BF23, COMPARADOR, COMP_FR, COMP_PT, IRN21, KIT CALZADO, KLIM, PTECH, RBE22, RBE24, RBV22, RBV23, RECOMENDADO, REVER242, RTECH";"07/06/2024 11:18:31";100096543;"100031983
"
316120-40;1;"ZAPATOS CHIRUCA SANTIAGO T-40";"22/07/2019 14:58:32";95,99;126,99;9009;"CALZADOS FAL S.A.";3;"CAZA 2020-2021 (WEB), CAZA 2019-2020";"BF21, BF22, BF23, KIT CALZADO, KLIM, PTECH, RBE22, RBE24, RBV22, RBV23, RECOMENDADO, REVER242, RTECH";"07/06/2024 11:18:31";100096544;"100031983
"
316120-41;1;"ZAPATOS CHIRUCA SANTIAGO T-41";"22/07/2019 14:58:32";95,99;126,99;9009;"CALZADOS FAL S.A.";1;"CAZA 2020-2021 (WEB), CAZA 2019-2020";"BF21, BF22, BF23, KIT CALZADO, KLIM, PTECH, RBE22, RBE24, RBV22, RBV23, RECOMENDADO, REVER242, RTECH";"07/06/2024 11:18:31";100096545;"100031983
"
316120-42;1;"ZAPATOS CHIRUCA SANTIAGO T-42";"22/07/2019 14:58:32";95,99;126,99;9009;"CALZADOS FAL S.A.";2;"CAZA 2020-2021 (WEB), CAZA 2019-2020";"BF21, BF22, BF23, KIT CALZADO, KLIM, PTECH, RBE22, RBE24, RBV22, RBV23, RECOMENDADO, REVER242, RTECH";"07/06/2024 11:18:31";100096546;"100031983
"
316120-43;1;"ZAPATOS CHIRUCA SANTIAGO T-43";"22/07/2019 14:58:32";95,99;126,99;9009;"CALZADOS FAL S.A.";4;"CAZA 2020-2021 (WEB), CAZA 2019-2020";"BF21, BF22, BF23, IRN21, KIT CALZADO, KLIM, PTECH, RBE22, RBE24, RBV22, RBV23, RECOMENDADO, REVER242, RTECH";"07/06/2024 11:18:31";100096547;"100031983
"
316120-44;1;"ZAPATOS CHIRUCA SANTIAGO T-44";"22/07/2019 14:58:32";95,99;126,99;9009;"CALZADOS FAL S.A.";2;"CAZA 2020-2021 (WEB), CAZA 2019-2020";"BF21, BF22, BF23, KIT CALZADO, KLIM, PTECH, RBE22, RBE24, RBV22, RBV23, RECOMENDADO, REVER242, RTECH";"07/06/2024 11:18:31";100096548;"100031983
"
316120-45;1;"ZAPATOS CHIRUCA SANTIAGO T-45";"22/07/2019 14:58:32";95,99;126,99;9009;"CALZADOS FAL S.A.";2;"CAZA 2020-2021 (WEB), CAZA 2019-2020";"BF21, BF22, BF23, IRN21, KIT CALZADO, KLIM, PTECH, RBE22, RBE24, RBV22, RBV23, RECOMENDADO, REVER242, RTECH";"07/06/2024 11:18:31";100096549;"100031983
"
316120-46;1;"ZAPATOS CHIRUCA SANTIAGO T-46";"22/07/2019 14:58:32";95,99;126,99;9009;"CALZADOS FAL S.A.";1;"CAZA 2020-2021 (WEB), CAZA 2019-2020";"BF21, BF22, BF23, IRN21, KIT CALZADO, KLIM, PTECH, RBE22, RBE24, RBV22, RBV23, RECOMENDADO, REVER242, RTECH";"07/06/2024 11:18:31";100096550;"100031983
"
316121-46;1;"BOTA BERETTA SETTER GTX T-46";"23/07/2019 14:24:18";156,99;165;8007;"BERETTA BENELLI IBERICA, S.A.";4;"CAZA 2019-2020";"CAMINO, IRN21, IRN22, KIT BOTAS, KLIM, PRECIO_FIJO, PTECH, REVER242, RTECH";"18/03/2024 19:09:23";100096542;"100031981
"
316126-39;1;"BOTA PAREDES RONCESVALLES T-39";"30/07/2019 10:29:59";55,99;76,99;1022;"PAREDES (PACAL SHOES, S.L.U. )";1;"CAZA 2019-2020";"BF21, BF22, BF23, CAMINO, COMPARADOR, COMP_FR, COMP_PT, KIT CALZADO, KLIM, PTECH, RBE22, RBE23, RBE24, RBV22, RBV23, RECOMENDADO, REVER242, RTECH";"20/03/2024 11:24:36";100096712;"100032023
"
316126-40;1;"BOTA PAREDES RONCESVALLES T-40";"30/07/2019 10:29:59";55,99;76,99;1022;"PAREDES (PACAL SHOES, S.L.U. )";5;"CAZA 2019-2020";"BF21, BF22, BF23, CAMINO, KIT CALZADO, KLIM, PTECH, RBE22, RBE23, RBE24, RBV22, RBV23, RECOMENDADO, REVER242, RTECH";"20/03/2024 11:24:36";100096714;"100032023
"
316126-41;1;"BOTA PAREDES RONCESVALLES T-41";"30/07/2019 10:29:59";55,99;76,99;1022;"PAREDES (PACAL SHOES, S.L.U. )";3;"CAZA 2019-2020";"BF21, BF22, BF23, CAMINO, KIT CALZADO, KLIM, PTECH, RBE22, RBE23, RBE24, RBV22, RBV23, RECOMENDADO, REVER242, RTECH";"20/03/2024 11:24:36";100096715;"100032023
"
316126-42;1;"BOTA PAREDES RONCESVALLES T-42";"30/07/2019 10:29:59";55,99;76,99;1022;"PAREDES (PACAL SHOES, S.L.U. )";5;"CAZA 2019-2020";"BF21, BF22, BF23, CAMINO, KIT CALZADO, KLIM, PTECH, RBE22, RBE23, RBE24, RBV22, RBV23, RECOMENDADO, REVER242, RTECH";"20/03/2024 11:24:36";100096716;"100032023
"
316126-43;1;"BOTA PAREDES RONCESVALLES T-43";"30/07/2019 10:29:59";55,99;76,99;1022;"PAREDES (PACAL SHOES, S.L.U. )";5;"CAZA 2019-2020";"BF21, BF22, BF23, CAMINO, KIT CALZADO, KLIM, PTECH, RBE22, RBE23, RBE24, RBV22, RBV23, RECOMENDADO, REVER242, RTECH";"20/03/2024 11:24:36";100096717;"100032023
"
316126-44;1;"BOTA PAREDES RONCESVALLES T-44";"30/07/2019 10:29:59";55,99;76,99;1022;"PAREDES (PACAL SHOES, S.L.U. )";3;"CAZA 2019-2020";"BF21, BF22, BF23, CAMINO, KIT CALZADO, KLIM, PTECH, RBE22, RBE23, RBE24, RBV22, RBV23, RECOMENDADO, REVER242, RTECH";"20/03/2024 11:24:36";100096718;"100032023
"
316126-45;1;"BOTA PAREDES RONCESVALLES T-45";"30/07/2019 10:29:59";55,99;76,99;1022;"PAREDES (PACAL SHOES, S.L.U. )";2;"CAZA 2019-2020";"BF21, BF22, BF23, CAMINO, KIT CALZADO, KLIM, PTECH, RBE22, RBE23, RBE24, RBV22, RBV23, RECOMENDADO, REVER242, RTECH";"20/03/2024 11:24:36";100096719;"100032023
"
316126-46;1;"BOTA PAREDES RONCESVALLES T-46";"30/07/2019 10:29:59";55,99;76,99;1022;"PAREDES (PACAL SHOES, S.L.U. )";3;"CAZA 2019-2020";"BF21, BF22, BF23, CAMINO, KIT CALZADO, KLIM, PTECH, RBE22, RBE23, RBE24, RBV22, RBV23, RECOMENDADO, REVER242, RTECH";"20/03/2024 11:24:36";100096720;"100032023
"
316127-39;1;"ZAPATO PAREDES MATEO T-39";"30/07/2019 10:30:02";37,99;53,99;1022;"PAREDES (PACAL SHOES, S.L.U. )";2;"CAZA 2019-2020";"BF21, BF22, COMPARADOR, COMP_FR, COMP_PT, KLIM, PTECH, RBE22, RBE23, RBV22, REVER242, RTECH";"20/03/2024 11:24:37";100096722;"100032025
"
316127-40;1;"ZAPATO PAREDES MATEO T-40";"30/07/2019 10:30:02";37,99;53,99;1022;"PAREDES (PACAL SHOES, S.L.U. )";0;"CAZA 2019-2020";"BF21, BF22, KLIM, PTECH, RBE22, RBE23, RBV22, REVER242, RTECH";"20/03/2024 11:24:37";100096723;"100032025
"
316127-41;1;"ZAPATO PAREDES MATEO T-41";"30/07/2019 10:30:02";37,99;53,99;1022;"PAREDES (PACAL SHOES, S.L.U. )";1;"CAZA 2019-2020";"BF21, BF22, KLIM, PTECH, RBE22, RBE23, RBV22, REVER242, RTECH";"20/03/2024 11:24:37";100096724;"100032025
"
316127-42;1;"ZAPATO PAREDES MATEO T-42";"30/07/2019 10:30:03";37,99;53,99;1022;"PAREDES (PACAL SHOES, S.L.U. )";3;"CAZA 2019-2020";"BF21, BF22, KLIM, PTECH, RBE22, RBE23, RBV22, REVER242, RTECH";"20/03/2024 11:24:37";100096725;"100032025
"
316127-43;1;"ZAPATO PAREDES MATEO T-43";"30/07/2019 10:30:03";37,99;53,99;1022;"PAREDES (PACAL SHOES, S.L.U. )";2;"CAZA 2019-2020";"BF21, BF22, KLIM, PTECH, RBE22, RBE23, RBV22, REVER242, RTECH";"20/03/2024 11:24:37";100096726;"100032025
"
316127-44;1;"ZAPATO PAREDES MATEO T-44";"30/07/2019 10:30:03";37,99;53,99;1022;"PAREDES (PACAL SHOES, S.L.U. )";4;"CAZA 2019-2020";"BF21, BF22, KLIM, PTECH, RBE22, RBE23, RBV22, REVER242, RTECH";"20/03/2024 11:24:37";100096727;"100032025
"
316127-45;1;"ZAPATO PAREDES MATEO T-45";"30/07/2019 10:30:03";37,99;53,99;1022;"PAREDES (PACAL SHOES, S.L.U. )";1;"CAZA 2019-2020";"BF21, BF22, KLIM, PTECH, RBE22, RBE23, RBV22, REVER242, RTECH";"20/03/2024 11:24:37";100096728;"100032025
"
316127-46;1;"ZAPATO PAREDES MATEO T-46";"30/07/2019 10:30:03";37,99;53,99;1022;"PAREDES (PACAL SHOES, S.L.U. )";0;"CAZA 2019-2020";"BF21, BF22, KLIM, PTECH, RBE22, RBE23, RBV22, REVER242, RTECH";"20/03/2024 11:24:37";100096729;"100032025
"
320111;1;"FUNDA ACOLCHADA PARA RIFLE CON VISOR ";"13/07/2005 15:16:01";38,99;47,95;100001124;"HANGZHOU ZHONGKAI SPORTS TECHNOLOGY CO., LTD";260;"COMPETICION 2017, COMPETICION 2015, CAZA 2019-2020, CAZA 2018-2019, CAZA 2017-2018, CAZA 2016-2017, CAZA 2015-16, CAZA 2014-15";"BF21, BF22, BF23, CSW, HORAS23, RBE22, RBE23, RBE24, RBV22, RBV23, RECOMENDADO, REVER242, RV21, SD21";;53853;"14241
"
320116;2;"FUNDA ACOLCHADA PARA CARABINA DE BALINES (122 CM) SIN LOGO";"06/08/2007 12:37:10";34,99;34,99;100001124;"HANGZHOU ZHONGKAI SPORTS TECHNOLOGY CO., LTD";40;"COMPETICION 2017, COMPETICION 2015, CAZA 2019-2020, CAZA 2018-2019, CAZA 2017-2018, CAZA 2016-2017, CAZA 2015-16, CAZA 2014-15";"BF21, BF22, BF23, RBE22, RBE23, RBE24, RBV22, RBV23, RECOMENDADO, REVER242, SD21";;101674;"17008
"
320116S;1;"FUNDA ACOLCHADA PARA CARABINA DE BALINES (122 CM) CON LOGO";"19/01/2016 11:55:17";29,99;29,99;100001124;"HANGZHOU ZHONGKAI SPORTS TECHNOLOGY CO., LTD";29;;"BF21, BF22, BF23, CSW, RBE22, RBE23, RBE24, RBV22, RBV23, RECOMENDADO, REVER242";;100042850;"100015865
"
320140;2;"FUNDA SUPERPROTECCION PARA RIFLE CON VISOR";"29/06/2011 11:11:47";54,99;59,99;100001124;"HANGZHOU ZHONGKAI SPORTS TECHNOLOGY CO., LTD";242;"COMPETICION 2017, COMPETICION 2015, CAZA 2019-2020, CAZA 2018-2019, CAZA 2017-2018, CAZA 2016-2017, CAZA 2015-16, CAZA 2014-15";"BF21, BF22, BF23, HORAS23, OUTLET, RBE22, RBE23, RBE24, RBV22, RBV23, RECOMENDADO, REGALAR, REVER242";;100003639;"100001568
"
320153;1;"FUNDA ALLTERRAIN";"24/02/2016 17:11:43";39,99;39,99;100001762;"ALPINE INNOVATIONS";0;"COMPETICION 2017, COMPETICION 2016, CAZA 2019-2020, CAZA 2018-2019, CAZA 2017-2018, CAZA 2016-2017";"BERREA, BF21, BF22, BF23, CSW, RBE22, RBE23, RBE24, RBV22, RBV23, RECOMENDADO, REVER242, RV21";;100033996;"100012897
"
320155-1;1;"FUNDA ARTESANAL DE CUERO RIGIDO PARA VISOR DIAM:8 CM-LONG:36 CM";"04/07/2016 11:29:01";59,99;69,95;100001798;"STAR WORLD INTERNATIONAL";19;"COMPETICION 2017, CAZA 2019-2020, CAZA 2017-2018, CAZA 2016-2017";"BF21, BF22, BF23, CSW, HORAS23, RBE22, RBE23, RBE24, RBV22, RBV23, RECOMENDADO, REVER242, RV21";;100040270;"100015131
"
320155-2;1;"FUNDA ARTESANAL DE CUERO RIGIDO PARA VISOR DIAM:10 CM-LONG:40 CM";"04/07/2016 11:31:59";69,99;79,95;100001798;"STAR WORLD INTERNATIONAL";42;"COMPETICION 2017, CAZA 2019-2020, CAZA 2017-2018, CAZA 2016-2017";"BF21, BF22, BF23, CSW, HORAS23, IRN21, RBE22, RBE23, RBE24, RBV22, RBV23, RECOMENDADO, REVER242, RV21";;100040271;"100015131
"
320200;1;"FUNDA SERRAJE SP/PR DESMONTADA";"18/06/2004 19:29:50";59,99;59,99;1028;"SALO-SPORT -VERONICA DUMITRESCU, VALENTINA";1;"COMPETICION 2017, COMPETICION 2015, CAZA 2019-2020, CAZA 2018-2019, CAZA 2017-2018, CAZA 2016-2017, CAZA 2015-16, CAZA 2014-15";"BF21, BF22, BF23, RBE22, RBE23, RBE24, RBV22, RBV23, RECOMENDADO, REVER242";;3924;"100015145
"
320218;1;"FUNDA CUERO ESC SEMIAUT MONTADA O RIFLE S/VISOR";"18/06/2004 19:29:50";179,99;199,99;1226;"HERMANOS PEDRAZA (LUIS PEDRAZA LOPEZ)";6;"COMPETICION 2017, CAZA 2019-2020, CAZA 2018-2019, CAZA 2017-2018, CAZA 2016-2017, CAZA 2015-16, CAZA 2014-15";"BF22, BF23, GRABAR, IRN21, RBE23, RBV22, RBV23, RECOMENDADO, REVER242";;39571;"11488
"
320219;1;"FUNDA ARTESANAL DE CUERO PARA RIFLE CON VISOR";"18/06/2004 19:29:50";199,99;239,99;1226;"HERMANOS PEDRAZA (LUIS PEDRAZA LOPEZ)";2;"COMPETICION 2015, CAZA 2019-2020, CAZA 2018-2019, CAZA 2017-2018, CAZA 2016-2017, CAZA 2015-16, CAZA 2014-15";"BF21, BF22, BF23, GRABAR, RBE22, RBE23, RBV22, RBV23, RECOMENDADO, REVER242";;39572;"11489
"
320220;1;"FUNDA ELITE DE CUERO PARA RIFLE CON VISOR";"18/06/2004 19:29:50";279,99;329,99;1226;"HERMANOS PEDRAZA (LUIS PEDRAZA LOPEZ)";7;"CAZA 2019-2020, CAZA 2018-2019, CAZA 2017-2018, CAZA 2016-2017, CAZA 2015-16, CAZA 2014-15";"BF21, BF22, BF23, GRABAR, RBE22, RBE23, RBV22, RBV23, RECOMENDADO, REGALAR, REVER242";;39573;"11490
"
320224;1;"FUNDA DOBLE PARA 2 RIFLES ";"27/07/2006 11:43:27";59,99;89,95;100001124;"HANGZHOU ZHONGKAI SPORTS TECHNOLOGY CO., LTD";183;"CAZA 2019-2020, CAZA 2018-2019, CAZA 2017-2018, CAZA 2016-2017, CAZA 2015-16, CAZA 2014-15";"BF21, BF22, BF23, CSW, RBE22, RBE23, RBE24, RBV22, RBV23, RECOMENDADO, REVER242, RV21, SD21";;60814;"15579
"
320226;1;"FUNDA DE CUERO PARA RIFLE CON VISOR ";"31/07/2008 15:46:07";209,99;249,99;1226;"HERMANOS PEDRAZA (LUIS PEDRAZA LOPEZ)";22;"COMPETICION 2017, COMPETICION 2015, CAZA 2019-2020, CAZA 2018-2019, CAZA 2017-2018, CAZA 2016-2017, CAZA 2015-16, CAZA 2014-15";"BF21, BF22, BF23, GRABAR, IRN21, RBE23, RBV22, RBV23, RECOMENDADO, REVER242";;407541;"21675
"
320400;1;"FUNDA DE SERRAJE PARA ESCOPETA SEMIAUT.MONTADA O RIFLE S/VISO";"18/06/2004 19:29:50";69,99;69,99;1028;"SALO-SPORT -VERONICA DUMITRESCU, VALENTINA";8;"COMPETICION 2017, CAZA 2019-2020, CAZA 2018-2019, CAZA 2017-2018, CAZA 2016-2017, CAZA 2015-16, CAZA 2014-15";"BF21, BF22, BF23, RBE22, RBE23, RBE24, RBV22, RBV23, RECOMENDADO, REVER242";;3928;"375
"
320500;1;"FUNDA PARA ESCOPETA SEMIAUTOMATICA MONTADA O RIFLE SIN VISOR";"18/06/2004 19:29:50";44,99;44,99;1028;"SALO-SPORT -VERONICA DUMITRESCU, VALENTINA";4;"COMPETICION 2017, COMPETICION 2015, CAZA 2019-2020, CAZA 2017-2018, CAZA 2016-2017, CAZA 2015-16, CAZA 2014-15";"BF21, BF22, BF23, RBE22, RBE23, RBE24, RBV22, RBV23, RECOMENDADO, REVER242";;3950;"376
"
320952;2;"TROFEO CABEZA CORZO";"03/08/2006 11:52:48";64,99;104,95;72964;"JULIO ABELLA DIAZ";2;;"BF21, BF22, BF23, OUTLET, RBE23, RBE24, RBV22, RBV23, REGALAR, REVER242, RV21";;100002890;"100001260
"
320960;2;"GEMELOS BALA 6,35";"03/08/2006 12:11:20";49,99;71,99;72964;"JULIO ABELLA DIAZ";1;;"BF21, BF22, BF23, IRN21, IRN22, LB23, OUTLET, RBE23, RBE24, RBV22, RBV23, REGALAR, REVER242, RV21";;100102605;"100033912
"
320999;2;"LLAVERO TROMPETA CAZA";"17/11/2009 18:43:57";59,99;79,99;72964;"JULIO ABELLA DIAZ";2;;"BF21, BF22, BF23, IRN21, LB23, OUTLET, RBE22, RBE23, RBE24, RBV22, RBV23, REGALAR, REVER242, RV21";;100002896;"100001266
"
321032;2;"CINTURON PAÑUELO ANCHO 6,5 CM";"31/07/2012 18:32:26";59,99;81,99;100001135;"GUSTAVO LOPEZ VELASCO";1;;"BF21, BF22, BF23, IRN21, LB23, OUTLET, RBE22, RBE23, RBE24, RBV22, RBV23, REVER242, RV21";;100102673;"100033926
"
321102-G;1;"FUNDA ARTESANAL CUERO PARA VISOR GRANDE";"18/06/2004 19:29:50";134,99;139,99;1226;"HERMANOS PEDRAZA (LUIS PEDRAZA LOPEZ)";7;"CAZA 2019-2020, CAZA 2018-2019, CAZA 2017-2018, CAZA 2016-2017, CAZA 2015-16, CAZA 2014-15";"BF21, BF22, BF23, GRABAR, RBE23, RBE24, RBV22, RBV23, RECOMENDADO, REVER242";;413290;"11467
"
321102-M;1;"FUNDA ARTESANAL CUERO PARA VISOR PEQUEÑO";"18/06/2004 19:29:50";129,99;134,99;1226;"HERMANOS PEDRAZA (LUIS PEDRAZA LOPEZ)";2;"CAZA 2019-2020, CAZA 2018-2019, CAZA 2017-2018, CAZA 2016-2017, CAZA 2015-16, CAZA 2014-15";"BF21, BF22, BF23, GRABAR, RBE22, RBE23, RBE24, RBV22, RBV23, RECOMENDADO, REVER242, RV21";;39550;"11467
"
321506;1;"MOCHILA ESPECIAL RECECHO";"02/08/2013 13:28:41";29,99;49,99;100001124;"HANGZHOU ZHONGKAI SPORTS TECHNOLOGY CO., LTD";448;"PESCA 2015, COMPETICION 2017, COMPETICION 2015, CAZA 2019-2020, CAZA 2018-2019, CAZA 2017-2018, CAZA 2016-2017, CAZA 2015-16, CAZA 2014-15";"BERREA, BF23, CAZA2021, HORAS23, RBE24, RECOMENDADO, REGALAR, REVER242";;100009740;"100004126
"
321529;1;"MALETIN P/ ESCOPETA SUPERPUESTA (TERMOF)";"18/06/2004 19:29:50";79,99;79,99;1094;"NEGRINI SRL";7;"COMPETICION 2015, CAZA 2019-2020, CAZA 2018-2019, CAZA 2017-2018, CAZA 2016-2017, CAZA 2015-16, CAZA 2014-15";"BF21, BF22, BF23, RBE23, RBE24, RBV22, RBV23, REVER242";;39578;"11495
"
321531;1;"MALETIN RIGIDO PARA ARMA LARGA (123X28X11)";"18/06/2004 19:29:50";69,99;69,99;1094;"NEGRINI SRL";21;"COMPETICION 2017, COMPETICION 2015, CAZA 2019-2020, CAZA 2018-2019, CAZA 2017-2018, CAZA 2016-2017, CAZA 2015-16, CAZA 2014-15";"BF21, BF22, BF23, HORAS23, IRN21, RBE22, RBE23, RBE24, RBV22, RBV23, REGALAR, REVER242";;3958;"538
"
321550;1;"MOCHILA ARTESANAL DE CUERO";"18/06/2004 19:29:50";89,99;89,99;100003781;"ARTESANIA REVENGA S.L.";1;"COMPETICION 2017, COMPETICION 2015, CAZA 2019-2020, CAZA 2017-2018, CAZA 2016-2017, CAZA 2015-16, CAZA 2014-15";"BF21, BF22, BF23, CAZA2021, CSW, IRN21, IRN22, RBE23, RBE24, RBV22, RBV23, RECOMENDADO, REGALAR, REVER242";;39705;"11631
"
321550-E;1;"MOCHILA ARTESANAL DE CUERO BANDERA DE ESPAÑA";"29/07/2015 16:31:00";99,99;99,99;100003781;"ARTESANIA REVENGA S.L.";3;"CAZA 2019-2020, CAZA 2017-2018, CAZA 2016-2017, CAZA 2015-16";"BF21, BF22, BF23, CAZA2021, IRN21, RBE23, RBE24, RBV22, RBV23, REVER242, TOP VENTAS";;100028371;"100010983
"
321558;1;"MOCHILA ARTESANAL DECORADA";"04/08/2005 19:24:02";79,99;89,99;100003781;"ARTESANIA REVENGA S.L.";9;"COMPETICION 2017, COMPETICION 2015, CAZA 2019-2020, CAZA 2018-2019, CAZA 2017-2018, CAZA 2016-2017, CAZA 2015-16";"BF21, BF22, BF23, CAZA2021, CSW, RBE22, RBE23, RBV22, RECOMENDADO, REGALAR, REVER242, TOP VENTAS";;53861;"14249
"
321558-E;1;"MOCHILA ARTESANAL DECORADA BANDERA DE ESPAÑA";"29/07/2015 16:25:51";95,99;95,99;100003781;"ARTESANIA REVENGA S.L.";3;"CAZA 2019-2020, CAZA 2018-2019, CAZA 2017-2018, CAZA 2016-2017, CAZA 2015-16";"BF21, BF22, BF23, CAZA2021, IRN21, RBE23, RBE24, RBV22, RBV23, RECOMENDADO, REVER242";;100028414;"100011028
"
321565;1;"MOCHILA CON BOLSA INTERIOR ";"04/08/2008 19:06:09";69,99;69,99;100003781;"ARTESANIA REVENGA S.L.";6;"PESCA 2015, COMPETICION 2017, COMPETICION 2015, CAZA 2019-2020, CAZA 2018-2019, CAZA 2017-2018, CAZA 2016-2017, CAZA 2015-16, CAZA 2014-15";"BF21, BF22, BF23, CAZA2021, CSW, RBE22, RBE23, RBV22, RBV23, RECOMENDADO, REGALAR, REVER242, TOP VENTAS";;407580;"21709
"
321580-L;2;"PLANTILLAS RECARGABLES CON CALEFACC./ MANDO A DISTANCIA T.L";"29/07/2013 18:43:06";125,99;179,99;100001427;"CISAS (C";1;;"ARNES, BERREA, BF21, BF22, BF23, OUTLET, RBE23, RBV22, RBV23, REVER242, RV21";;100097334;"100032244
"
45652-3;2;"QUICK CAMERA ADAPTER ZEISS";"05/05/2006 12:10:11";399,99;499,95;9022;"EXCOPESA 2000 S.L.";1;;"ARMA_VENTA_PRIORITARIA, BF22, BF23, OUTLET, RBE22, RBE23, RBE24, RBV22, RBV23, REVER242, RV21, SD21";;431566;"35576
"
45708;2;"CUERPO DE TELESCOPIO ZEISS DIASCOPE 65 T FLGREEN";"12/02/2007 15:23:00";1249,99;1789,99;9022;"EXCOPESA 2000 S.L.";1;;"ARMA_VENTA_PRIORITARIA, BF22, BF23, COMPARADOR, COMP_FR, COMP_PT, EXC_2022, GARANTIA 10 AÑOS, OUTLET, RBE23, RBE24, RBV22, RBV23, REVER242, SD21";;101319;"31031
"
45835;1;"PRISMATICOS PREMIER OPTICS 10X42 LIGHT";"02/07/2016 12:46:49";119,99;199,99;100000586;"BOSMA LTD";38;"CAZA 2019-2020, CAZA 2018-2019, CAZA 2017-2018, CAZA 2016-2017";"ARNES, BERREA, BF21, BF22, BF23, CM22, CM23, COMUNIONES, CSW, HORAS23, IRN21, IRN22, PROMO_IVA, RBE22, RBE23, RBE24, RBV22, RBV23, RECOMENDADO, REVER242, RV21, X23, X24";;100058088;"100021602
"
45854;1;"PRISMATICO BUSHNELL PRIME 8X42 ";"29/07/2019 11:14:50";162,99;204;7046;"BORCHERS S.A.";3;"CAZA 2019-2020";"ARNES, BF23, COMPARADOR, COMP_FR, COMP_PT, HORAS23, REVER242, VALENCIA";"22/04/2024 11:13:37";100097005;"100031853
"
47005;1;"MONOCULAR BUSHNELL 6X50 EQUINOX Z2";"16/05/2019 9:21:23";398,99;542;7046;"BORCHERS S.A.";0;"CAZA 2019-2020";"BERREA, BF21, BF23, CNOCTUR, COMPARADOR, COMP_FR, COMP_PT, EXC_INT, FINSI23, REVER242, VALENCIA";"22/04/2024 11:13:38";100092433;"100031176
"
47262-1;2;"ADAPTADOR GS 1X20";"31/07/2014 13:42:35";34,99;49,99;100002758;"MAKERS VISION TECHNOLOGY , SL.";1;"CAZA 2019-2020, CAZA 2018-2019, CAZA 2017-2018, CAZA 2016-2017, CAZA 2015-16";"BF21, BF22, BF23, OUTLET, RBE22, RBE23, RBE24, RBV22, RBV23, REVER242";;100018180;"100007119
"
48002-1;2;"ANILLAS DESMONTABLES LEUPOLD QR 30 MM BAJAS";"22/11/2017 15:19:42";79,49;79,49;7046;"BORCHERS S.A.";27;;"BF21, BF23, OUTLET, RBE22, RBE23, RBV22, RBV23, REVER242";"22/04/2024 11:13:35";100121403;"100039425
"
48003-4;1;"ANILLAS BLASER 40 MM (2 UDS)";"22/11/2017 15:20:57";131,99;132;100003940;"BLASER OUTDOOR GROUP, S.L.";1;;"RBV22, REVER242";"19/01/2024 18:24:54";100122915;"100039796
"
48006-2DB;2;"BASES APEL BLUE PARA REMINGTON ";"31/05/2021 18:18:41";129,99;199,99;7046;"BORCHERS S.A.";1;;"BF23, RBE23, RBV22, RBV23, REVER242";;100136043;"100043582
"
48006-3D;1;"BASES APEL P/MAUSER 98";"22/11/2017 17:54:30";209,99;259,99;7046;"BORCHERS S.A.";1;;"BF23, RBE22, RBE23, RBV22, RBV23, REVER242";;100136049;"100043586
"
48007-1D;2;"ANILLAS APEL 26 MM P/FN BAR ";"22/11/2017 17:54:31";259,99;319,99;7046;"BORCHERS S.A.";4;;"BF23, OUTLET, RBE22, RBE23, RBV22, RBV23, REVER242";;100136046;"100043583
"
48008-2D;2;"ANILLAS APEL 30 MM P/REMINGTON 700 ";"22/11/2017 17:54:31";339,99;339,99;7046;"BORCHERS S.A.";3;;"BF21, BF23, OUTLET, RBV23, REVER242";;100124057;"100040043
"
48008-4D;2;"ANILLAS APEL 30 MM P/SAKO 85 ";"22/11/2017 17:54:31";289,99;319,99;7046;"BORCHERS S.A.";2;;"BF21, BF23, OUTLET, RBE22, RBE23, RBV23, REVER242";;100124059;"100040043
"
48023-A;2;"ANILLAS WEAVER RAPIDA PICATINNY ACERO REFORZADAS 30 MM- ALTA";"24/10/2018 16:21:11";44,99;44,99;100001228;"COMERCIAL EL CALDEN, S.L.";16;;"BF21, BF23, OUTLET, PRECIO_FIJO, RBE23, REVER242";"02/01/2024 10:58:40";100102852;"100033994
"
48023-B;2;"ANILLAS WEAVER RAPIDA PICATINNY ACERO REFORZADAS 30 MM- BAJA";"24/10/2018 16:20:26";44,99;44,99;100001228;"COMERCIAL EL CALDEN, S.L.";9;;"BF21, BF23, OUTLET, PRECIO_FIJO, RBV22, REVER242, RV21";"02/01/2024 10:58:40";100102849;"100033994
"
48023-M;2;"ANIILLAS WEAVER RAPIDA PICATINNY ACERO REFORZADAS 30 MM- MEDIA";"24/10/2018 16:17:26";44,99;44,99;100001228;"COMERCIAL EL CALDEN, S.L.";8;;"BF21, BF23, OUTLET, PRECIO_FIJO, RBE23, RBV22, RBV23, REVER242, RV21";"02/01/2024 10:58:40";100102851;"100033994
"
502220;1;"MANTA DE VIAJE REVERSIBLE";"12/07/2005 14:30:14";69,99;69,99;1231;"CURZON CLASSICS, S.L.";0;"CAZA 2020-2021 (WEB)";"BF21, BF23, CSW, RBE23, REVER242";;54360;"14463
"
502407L;1;"CALCETIN CAZA THERMOLITE 40 CM. ALTO T.L (41-45)";"28/07/2004 16:53:20";26,99;26,99;1167;"MUNDOIMPORT, S.L. (CALCETINES MUND)";13;"COMPETICION 2015, CAZA 2019-2020, CAZA 2018-2019, CAZA 2017-2018, CAZA 2016-2017, CAZA 2015-16, CAZA 2014-15";"BF21, BF22, BF23, OFERTA_2UD, RBE22, RBE23, RBE24, RBV22, RBV23, RECOMENDADO, REVER242";;100008702;"34477
"
502407M;1;"CALCETIN CAZA THERMOLITE 40 CM. ALTO T.M (36-40)";"28/07/2004 16:52:47";26,99;26,99;1167;"MUNDOIMPORT, S.L. (CALCETINES MUND)";10;"COMPETICION 2015, CAZA 2019-2020, CAZA 2018-2019, CAZA 2017-2018, CAZA 2016-2017, CAZA 2015-16, CAZA 2014-15";"BF21, BF22, BF23, OFERTA_2UD, RBE22, RBE23, RBE24, RBV22, RBV23, RECOMENDADO, REVER242, RV21";;48816;"34477
"
50241S;2;"CALCETIN LORPEN TEPA T. S (35-37)";"04/09/2007 11:37:52";24,99;41,99;72789;"LORPELAND (TERNUA GROUP) (IMPORT ARRASATE)";3;"CAZA 2016-2017, CAZA 2015-16, CAZA 2014-15";"BF21, BF22, BF23, OFERTA_2UD, OUTLET, RBE22, RBE23, RBE24, RBV22, RBV23, REVER242";;427130;"34476
"
5024214S;2;"CALCETIN LORPEN H2W T.S (35-38)";"04/09/2007 16:35:49";13,99;19,99;72789;"LORPELAND (TERNUA GROUP) (IMPORT ARRASATE)";3;"CAZA 2019-2020, CAZA 2016-2017, CAZA 2015-16, CAZA 2014-15";"BF22, BF23, OUTLET, RBE22, RBE23, RBE24, RBV22, RBV23, REVER242";;427121;"34474
"
502433-S;2;"CALCETIN LORPEN TXML 762 COOLMAX T-S";"23/02/2010 10:46:39";17,49;17,49;72789;"LORPELAND (TERNUA GROUP) (IMPORT ARRASATE)";1;;"RBE24, RBV23, REVER242, RV21";;100184688;"100055957
"
502438-S;2;"CALCETIN LORPEN TCXTW 361 COOLMAX T-S";"23/02/2011 9:21:31";9,99;15,39;72789;"LORPELAND (TERNUA GROUP) (IMPORT ARRASATE)";8;;"BF23, OUTLET, RBE24, RBV23, REVER242, RV21";;100102264;"100033770
"
502445L;1;"CALCETINES MUND ANTIAMPOLLAS T.L (42-45)";"02/08/2012 19:10:09";29,99;29,99;1167;"MUNDOIMPORT, S.L. (CALCETINES MUND)";5;"CAZA 2019-2020, CAZA 2018-2019, CAZA 2017-2018, CAZA 2016-2017, CAZA 2015-16, CAZA 2014-15";"BF22, BF23, CAMINO, OFERTA_2UD, RBE23, RBE24, RBV22, RBV23, REVER242";;100003456;"100001495
"
502445M;1;"CALCETINES MUND ANTIAMPOLLAS T.M (38-41)";"02/08/2012 19:05:38";29,99;29,99;1167;"MUNDOIMPORT, S.L. (CALCETINES MUND)";14;"CAZA 2019-2020, CAZA 2018-2019, CAZA 2017-2018, CAZA 2016-2017, CAZA 2015-16, CAZA 2014-15";"BF22, BF23, CAMINO, OFERTA_2UD, RBE23, RBE24, RBV22, RBV23, REVER242";;100003455;"100001495
"
502445XL;1;"CALCETINES MUND ANTIAMPOLLAS T.XL (46-49)";"02/08/2012 19:10:29";29,99;29,99;1167;"MUNDOIMPORT, S.L. (CALCETINES MUND)";5;"CAZA 2019-2020, CAZA 2018-2019, CAZA 2017-2018, CAZA 2016-2017, CAZA 2015-16, CAZA 2014-15";"BF22, BF23, CAMINO, OFERTA_2UD, RBE23, RBE24, RBV22, RBV23, REVER242";;100003457;"100001495
"
502460;2;"FUNDA PORTABOTAS EXTENSIBLE CAZA";"31/10/2008 10:06:53";17,99;19,99;100001124;"HANGZHOU ZHONGKAI SPORTS TECHNOLOGY CO., LTD";372;"COMPETICION 2017, COMPETICION 2015, CAZA 2019-2020, CAZA 2018-2019, CAZA 2017-2018, CAZA 2016-2017, CAZA 2015-16, CAZA 2014-15";"BF21, BF22, BF23, IRN21, RBE22, RBE23, RBE24, RBV22, RECOMENDADO, REVER242, SD21, X23";;427150;"34479
"
502550S;2;"GORRO BERETTA FISHERMAN T.S";"23/10/2009 19:02:22";39,99;61,99;8007;"BERETTA BENELLI IBERICA, S.A.";1;;"BF22, BF23, LB23, OUTLET, PRECIO_FIJO, RBE22, RBE23, RBE24, RBV23, REVER242, RV21";;100112108;"21777
"
502805;2;"PARCHE CON BORDADO DE PERRO";"29/07/2013 18:27:37";9,99;9,99;100001286;"EVAYSER BORDADOS Y TROQUELADOS";3;"CAZA 2018-2019, CAZA 2017-2018, CAZA 2016-2017, CAZA 2015-16, CAZA 2014-15";"BF23, LB23, RBE24, RBV23, REVER242";;100009859;"100010968
"
502833-B;2;"GORRA TIRO PRO BERETTA BLANCA ";"10/03/2014 11:04:03";19,99;24,99;8007;"BERETTA BENELLI IBERICA, S.A.";1;;"BF23, LB23, OUTLET, RBE24, RBV23, REVER242";;100016080;"100006297
"
502840S;2;"CALCETINES BAJOS TIRO BERETTA T-S";"10/03/2014 11:06:46";10,99;14,99;8007;"BERETTA BENELLI IBERICA, S.A.";1;;"BF23, OUTLET, PRECIO_FIJO, RBE24, RBV22, RBV23, REVER242, RV21";;100016093;"100006300
"
502846-M;2;"CHALECO PERCUSSION AZUL T.M";"29/02/2016 11:44:02";42,99;42,99;100000926;TREESCO;1;"COMPETICION 2017, COMPETICION 2016, CAZA 2019-2020, CAZA 2018-2019, CAZA 2017-2018, CAZA 2016-2017";"BF21, BF22, BF23, LB23, RBE22, RBE23, RBE24, RBV22, RBV23, REVER242, RV21";;100034014;"100012906
"
502846-XL;2;"CHALECO PERCUSSION AZUL T.XL";"29/02/2016 11:45:13";42,99;42,99;100000926;TREESCO;1;"COMPETICION 2017, COMPETICION 2016, CAZA 2019-2020, CAZA 2018-2019, CAZA 2017-2018, CAZA 2016-2017";"BF21, BF22, BF23, LB23, RBE22, RBE23, RBE24, RBV22, RBV23, REVER242, RV21";;100034016;"100012906
"
45854;1;"PRISMATICO BUSHNELL PRIME 8X42 ";"29/07/2019 11:14:50";162,99;204;7046;"BORCHERS S.A.";3;"CAZA 2019-2020";"ARNES, BF23, COMPARADOR, COMP_FR, COMP_PT, HORAS23, REVER242, VALENCIA";"22/04/2024 11:13:37";100097005;"100031853
"
47005;1;"MONOCULAR BUSHNELL 6X50 EQUINOX Z2";"16/05/2019 9:21:23";398,99;542;7046;"BORCHERS S.A.";0;"CAZA 2019-2020";"BERREA, BF21, BF23, CNOCTUR, COMPARADOR, COMP_FR, COMP_PT, EXC_INT, FINSI23, REVER242, VALENCIA";"22/04/2024 11:13:38";100092433;"100031176
"
47262-1;2;"ADAPTADOR GS 1X20";"31/07/2014 13:42:35";34,99;49,99;100002758;"MAKERS VISION TECHNOLOGY , SL.";1;"CAZA 2019-2020, CAZA 2018-2019, CAZA 2017-2018, CAZA 2016-2017, CAZA 2015-16";"BF21, BF22, BF23, OUTLET, RBE22, RBE23, RBE24, RBV22, RBV23, REVER242";;100018180;"100007119
"
48002-1;2;"ANILLAS DESMONTABLES LEUPOLD QR 30 MM BAJAS";"22/11/2017 15:19:42";79,49;79,49;7046;"BORCHERS S.A.";27;;"BF21, BF23, OUTLET, RBE22, RBE23, RBV22, RBV23, REVER242";"22/04/2024 11:13:35";100121403;"100039425
"
48003-4;1;"ANILLAS BLASER 40 MM (2 UDS)";"22/11/2017 15:20:57";131,99;132;100003940;"BLASER OUTDOOR GROUP, S.L.";1;;"RBV22, REVER242";"19/01/2024 18:24:54";100122915;"100039796
"
48006-2DB;2;"BASES APEL BLUE PARA REMINGTON ";"31/05/2021 18:18:41";129,99;199,99;7046;"BORCHERS S.A.";1;;"BF23, RBE23, RBV22, RBV23, REVER242";;100136043;"100043582
"
48006-3D;1;"BASES APEL P/MAUSER 98";"22/11/2017 17:54:30";209,99;259,99;7046;"BORCHERS S.A.";1;;"BF23, RBE22, RBE23, RBV22, RBV23, REVER242";;100136049;"100043586
"
48007-1D;2;"ANILLAS APEL 26 MM P/FN BAR ";"22/11/2017 17:54:31";259,99;319,99;7046;"BORCHERS S.A.";4;;"BF23, OUTLET, RBE22, RBE23, RBV22, RBV23, REVER242";;100136046;"100043583
"
48008-2D;2;"ANILLAS APEL 30 MM P/REMINGTON 700 ";"22/11/2017 17:54:31";339,99;339,99;7046;"BORCHERS S.A.";3;;"BF21, BF23, OUTLET, RBV23, REVER242";;100124057;"100040043
"
48008-4D;2;"ANILLAS APEL 30 MM P/SAKO 85 ";"22/11/2017 17:54:31";289,99;319,99;7046;"BORCHERS S.A.";2;;"BF21, BF23, OUTLET, RBE22, RBE23, RBV23, REVER242";;100124059;"100040043
"
48023-A;2;"ANILLAS WEAVER RAPIDA PICATINNY ACERO REFORZADAS 30 MM- ALTA";"24/10/2018 16:21:11";44,99;44,99;100001228;"COMERCIAL EL CALDEN, S.L.";16;;"BF21, BF23, OUTLET, PRECIO_FIJO, RBE23, REVER242";"02/01/2024 10:58:40";100102852;"100033994
"
48023-B;2;"ANILLAS WEAVER RAPIDA PICATINNY ACERO REFORZADAS 30 MM- BAJA";"24/10/2018 16:20:26";44,99;44,99;100001228;"COMERCIAL EL CALDEN, S.L.";9;;"BF21, BF23, OUTLET, PRECIO_FIJO, RBV22, REVER242, RV21";"02/01/2024 10:58:40";100102849;"100033994
"
48023-M;2;"ANIILLAS WEAVER RAPIDA PICATINNY ACERO REFORZADAS 30 MM- MEDIA";"24/10/2018 16:17:26";44,99;44,99;100001228;"COMERCIAL EL CALDEN, S.L.";8;;"BF21, BF23, OUTLET, PRECIO_FIJO, RBE23, RBV22, RBV23, REVER242, RV21";"02/01/2024 10:58:40";100102851;"100033994
"
502220;1;"MANTA DE VIAJE REVERSIBLE";"12/07/2005 14:30:14";69,99;69,99;1231;"CURZON CLASSICS, S.L.";0;"CAZA 2020-2021 (WEB)";"BF21, BF23, CSW, RBE23, REVER242";;54360;"14463
"
502407L;1;"CALCETIN CAZA THERMOLITE 40 CM. ALTO T.L (41-45)";"28/07/2004 16:53:20";26,99;26,99;1167;"MUNDOIMPORT, S.L. (CALCETINES MUND)";13;"COMPETICION 2015, CAZA 2019-2020, CAZA 2018-2019, CAZA 2017-2018, CAZA 2016-2017, CAZA 2015-16, CAZA 2014-15";"BF21, BF22, BF23, OFERTA_2UD, RBE22, RBE23, RBE24, RBV22, RBV23, RECOMENDADO, REVER242";;100008702;"34477
"
502407M;1;"CALCETIN CAZA THERMOLITE 40 CM. ALTO T.M (36-40)";"28/07/2004 16:52:47";26,99;26,99;1167;"MUNDOIMPORT, S.L. (CALCETINES MUND)";10;"COMPETICION 2015, CAZA 2019-2020, CAZA 2018-2019, CAZA 2017-2018, CAZA 2016-2017, CAZA 2015-16, CAZA 2014-15";"BF21, BF22, BF23, OFERTA_2UD, RBE22, RBE23, RBE24, RBV22, RBV23, RECOMENDADO, REVER242, RV21";;48816;"34477
"
50241S;2;"CALCETIN LORPEN TEPA T. S (35-37)";"04/09/2007 11:37:52";24,99;41,99;72789;"LORPELAND (TERNUA GROUP) (IMPORT ARRASATE)";3;"CAZA 2016-2017, CAZA 2015-16, CAZA 2014-15";"BF21, BF22, BF23, OFERTA_2UD, OUTLET, RBE22, RBE23, RBE24, RBV22, RBV23, REVER242";;427130;"34476
"
5024214S;2;"CALCETIN LORPEN H2W T.S (35-38)";"04/09/2007 16:35:49";13,99;19,99;72789;"LORPELAND (TERNUA GROUP) (IMPORT ARRASATE)";3;"CAZA 2019-2020, CAZA 2016-2017, CAZA 2015-16, CAZA 2014-15";"BF22, BF23, OUTLET, RBE22, RBE23, RBE24, RBV22, RBV23, REVER242";;427121;"34474
"
502433-S;2;"CALCETIN LORPEN TXML 762 COOLMAX T-S";"23/02/2010 10:46:39";17,49;17,49;72789;"LORPELAND (TERNUA GROUP) (IMPORT ARRASATE)";1;;"RBE24, RBV23, REVER242, RV21";;100184688;"100055957
"
502438-S;2;"CALCETIN LORPEN TCXTW 361 COOLMAX T-S";"23/02/2011 9:21:31";9,99;15,39;72789;"LORPELAND (TERNUA GROUP) (IMPORT ARRASATE)";8;;"BF23, OUTLET, RBE24, RBV23, REVER242, RV21";;100102264;"100033770
"
502445L;1;"CALCETINES MUND ANTIAMPOLLAS T.L (42-45)";"02/08/2012 19:10:09";29,99;29,99;1167;"MUNDOIMPORT, S.L. (CALCETINES MUND)";5;"CAZA 2019-2020, CAZA 2018-2019, CAZA 2017-2018, CAZA 2016-2017, CAZA 2015-16, CAZA 2014-15";"BF22, BF23, CAMINO, OFERTA_2UD, RBE23, RBE24, RBV22, RBV23, REVER242";;100003456;"100001495
"
502445M;1;"CALCETINES MUND ANTIAMPOLLAS T.M (38-41)";"02/08/2012 19:05:38";29,99;29,99;1167;"MUNDOIMPORT, S.L. (CALCETINES MUND)";14;"CAZA 2019-2020, CAZA 2018-2019, CAZA 2017-2018, CAZA 2016-2017, CAZA 2015-16, CAZA 2014-15";"BF22, BF23, CAMINO, OFERTA_2UD, RBE23, RBE24, RBV22, RBV23, REVER242";;100003455;"100001495
"
502445XL;1;"CALCETINES MUND ANTIAMPOLLAS T.XL (46-49)";"02/08/2012 19:10:29";29,99;29,99;1167;"MUNDOIMPORT, S.L. (CALCETINES MUND)";5;"CAZA 2019-2020, CAZA 2018-2019, CAZA 2017-2018, CAZA 2016-2017, CAZA 2015-16, CAZA 2014-15";"BF22, BF23, CAMINO, OFERTA_2UD, RBE23, RBE24, RBV22, RBV23, REVER242";;100003457;"100001495
"
502460;2;"FUNDA PORTABOTAS EXTENSIBLE CAZA";"31/10/2008 10:06:53";17,99;19,99;100001124;"HANGZHOU ZHONGKAI SPORTS TECHNOLOGY CO., LTD";372;"COMPETICION 2017, COMPETICION 2015, CAZA 2019-2020, CAZA 2018-2019, CAZA 2017-2018, CAZA 2016-2017, CAZA 2015-16, CAZA 2014-15";"BF21, BF22, BF23, IRN21, RBE22, RBE23, RBE24, RBV22, RECOMENDADO, REVER242, SD21, X23";;427150;"34479
"
502550S;2;"GORRO BERETTA FISHERMAN T.S";"23/10/2009 19:02:22";39,99;61,99;8007;"BERETTA BENELLI IBERICA, S.A.";1;;"BF22, BF23, LB23, OUTLET, PRECIO_FIJO, RBE22, RBE23, RBE24, RBV23, REVER242, RV21";;100112108;"21777
"
502805;2;"PARCHE CON BORDADO DE PERRO";"29/07/2013 18:27:37";9,99;9,99;100001286;"EVAYSER BORDADOS Y TROQUELADOS";3;"CAZA 2018-2019, CAZA 2017-2018, CAZA 2016-2017, CAZA 2015-16, CAZA 2014-15";"BF23, LB23, RBE24, RBV23, REVER242";;100009859;"100010968
"
502833-B;2;"GORRA TIRO PRO BERETTA BLANCA ";"10/03/2014 11:04:03";19,99;24,99;8007;"BERETTA BENELLI IBERICA, S.A.";1;;"BF23, LB23, OUTLET, RBE24, RBV23, REVER242";;100016080;"100006297
"
502840S;2;"CALCETINES BAJOS TIRO BERETTA T-S";"10/03/2014 11:06:46";10,99;14,99;8007;"BERETTA BENELLI IBERICA, S.A.";1;;"BF23, OUTLET, PRECIO_FIJO, RBE24, RBV22, RBV23, REVER242, RV21";;100016093;"100006300
"
502846-M;2;"CHALECO PERCUSSION AZUL T.M";"29/02/2016 11:44:02";42,99;42,99;100000926;TREESCO;1;"COMPETICION 2017, COMPETICION 2016, CAZA 2019-2020, CAZA 2018-2019, CAZA 2017-2018, CAZA 2016-2017";"BF21, BF22, BF23, LB23, RBE22, RBE23, RBE24, RBV22, RBV23, REVER242, RV21";;100034014;"100012906
"
502846-XL;2;"CHALECO PERCUSSION AZUL T.XL";"29/02/2016 11:45:13";42,99;42,99;100000926;TREESCO;1;"COMPETICION 2017, COMPETICION 2016, CAZA 2019-2020, CAZA 2018-2019, CAZA 2017-2018, CAZA 2016-2017";"BF21, BF22, BF23, LB23, RBE22, RBE23, RBE24, RBV22, RBV23, REVER242, RV21";;100034016;"100012906
"
504008;1;"BOLSAS DE OJEO CINTURON";"18/05/2018 11:23:09";45,99;45,99;7003;"BENISPORT (JOSE MONLLOR, S.L.)";2;"CAZA 2019-2020";"BF21, BF22, BF23, RBE22, RBE23, RBE24, RBV22, RBV23, REVER242";"07/06/2024 11:20:17";100075199;"100026003
"
504429;1;"BANCO DE TIRO";"11/07/2018 16:11:32";79,99;79,99;100001124;"HANGZHOU ZHONGKAI SPORTS TECHNOLOGY CO., LTD";59;"CAZA 2018-2019";"BF21, BF22, BF23, CSW, HORAS23, RBE22, RBE23, RBE24, RBV22, RBV23, RECOMENDADO, REGALAR, REVER242, X23, X24";;100078134;"100026918
"
504500;1;"ESTUCHE COMPLETO DE LIMPIEZA PARA ESCOPETAS";"18/06/2004 19:29:50";34,99;39,99;9116;"STIL CRIN S.R.L.";41;"COMPETICION 2017, COMPETICION 2015, CAZA 2019-2020, CAZA 2018-2019, CAZA 2017-2018, CAZA 2016-2017, CAZA 2015-16, CAZA 2014-15";"COMPARADOR, COMP_FR, COMP_PT, HORAS23, RECOMENDADO, REVER242, TOP VENTAS";;4367;"406
"
504505A;1;"QUICK CLEAN P/ESCOPETAS CAL.12 ";"08/08/2006 18:04:47";23,99;25,9;73009;"GSM, LLC";14;"COMPETICION 2015, CAZA 2019-2020, CAZA 2018-2019, CAZA 2017-2018, CAZA 2016-2017, CAZA 2015-16, CAZA 2014-15";"BF21, BF22, BF23, RBE23, RBE24, RBV22, RBV23, RECOMENDADO, REVER242";;60803;"15576
"
504505B;1;"QUICK CLEAN P/ESCOPETAS CAL.20";"10/08/2006 15:52:26";23,99;25,9;73009;"GSM, LLC";9;"CAZA 2019-2020, CAZA 2018-2019, CAZA 2017-2018, CAZA 2016-2017, CAZA 2015-16, CAZA 2014-15";"BF21, BF22, BF23, RBE22, RBE23, RBE24, RBV22, RBV23, RECOMENDADO, REVER242";;60804;"15576
"
504506;1;"QUICK CLEAN P/CARABINAS CAL.22";"08/08/2006 18:05:10";21,99;25,9;73009;"GSM, LLC";9;"COMPETICION 2015, CAZA 2019-2020, CAZA 2018-2019, CAZA 2017-2018, CAZA 2016-2017, CAZA 2015-16, CAZA 2014-15";"BF21, BF22, BF23, RBE23, RBE24, RBV22, RBV23, RECOMENDADO, REVER242";;60805;"15576
"
504507B;1;"QUICK CLEAN P/RIFLES CL.7 MM (7MM,280,284 Y 270)";"10/08/2006 15:59:12";21,99;25,9;73009;"GSM, LLC";13;"CAZA 2019-2020, CAZA 2018-2019, CAZA 2017-2018, CAZA 2016-2017, CAZA 2015-16, CAZA 2014-15";"BF21, BF22, BF23, RBE23, RBE24, RBV22, RBV23, RECOMENDADO, REVER242";;60807;"15576
"
504507C;1;"QUICK CLEAN P/RIFLES CL.30-06, 308 Y 300";"10/08/2006 16:00:08";19,99;25,9;73009;"GSM, LLC";9;"COMPETICION 2015, CAZA 2019-2020, CAZA 2018-2019, CAZA 2017-2018, CAZA 2016-2017, CAZA 2015-16, CAZA 2014-15";"BF21, BF23, RBE23, RBE24, RBV22, RBV23, RECOMENDADO, REVER242";;60808;"15576
"
504507D;1;"QUICK CLEAN P/RIFLES CL. 9,3 MM(375, 9.3X72, ETC.)";"10/08/2006 16:01:23";21,99;25,9;73009;"GSM, LLC";13;"CAZA 2019-2020, CAZA 2018-2019, CAZA 2017-2018, CAZA 2016-2017, CAZA 2015-16, CAZA 2014-15";"BF21, BF22, BF23, RBE23, RBE24, RBV22, RBV23, RECOMENDADO, REVER242";;60809;"15576
"
504508B;1;"QUICK CLEAN P/PISTOLAS CAL.9 MM";"10/08/2006 16:02:46";19,99;25,9;73009;"GSM, LLC";2;"CAZA 2019-2020, CAZA 2018-2019, CAZA 2017-2018, CAZA 2016-2017, CAZA 2015-16, CAZA 2014-15";"BF21, BF22, BF23, RBE23, RBE24, RBV22, RBV23, RECOMENDADO, REVER242";;60811;"15576
"
504514;2;"ALFOMBRA WALTHER PARA EL CUIDADO DE LAS ARMAS 40X100 CM";"26/07/2016 17:09:02";20,99;29,99;9079;"FRANKONIA JAGD";12;"CAZA 2019-2020, CAZA 2018-2019, CAZA 2017-2018, CAZA 2016-2017";"OUTLET, RBE24, RBV22, RBV23, RECOMENDADO, REVER242";;100040302;"100015095
"
504517;2;"TAPPETINO STIL CRIN";"31/07/2018 12:46:59";23,99;32,99;9116;"STIL CRIN S.R.L.";11;"CAZA 2019-2020, CAZA 2018-2019";"BF22, BF23, OUTLET, RBE23, RBE24, RBV22, RBV23, RECOMENDADO, REVER242";;100078145;"100026930
"
504608;1;"SILLA DE CAZA BENCHMASTER";"02/08/2006 10:14:53";129,99;119,99;100001196;"BERGER & SCHRÖTER GmbH";16;"CAZA 2019-2020, CAZA 2018-2019, CAZA 2017-2018, CAZA 2016-2017, CAZA 2015-16, CAZA 2014-15";"BF21, BF22, BF23, COMPARADOR, COMP_FR, COMP_PT, HORAS23, IRN21, IRN22, RBE22, RBE23, RBV22, RBV23, RECOMENDADO, REVER242";;60825;"15590
"
505206;1;"CANTONERA ELITE";"26/03/2012 17:25:30";34,99;34,99;100001112;"THE ALLEN COMPANY, INC.";7;"COMPETICION 2017, CAZA 2019-2020, CAZA 2018-2019, CAZA 2017-2018, CAZA 2016-2017, CAZA 2015-16, CAZA 2014-15";"BF21, BF22, BF23, CSW, RBE23, RBE24, RBV22, RBV23, RECOMENDADO, REVER242, RV21";;100001660;"100000722
"
50822;2;"CARABINA MARLIN XT CAL.22LR";"04/08/2014 12:34:00";435,99;475;7046;"BORCHERS S.A.";1;"COMPETICION 2017, CAZA 2019-2020, CAZA 2016-2017, CAZA 2015-16, CAZA 2014-15";"BF22, BF23, NOGOO_ES, NOGOO_PT, OUTLET, RBE24, RBV23, REVER242";"06/08/2020 16:00:28";100018042;"100007016
"
50828;2;"CARABINA SEMIAUTOMATICA KALASHNIKOV";"05/08/2009 19:51:36";569,99;690;100000247;"SPORT-JAGD S.L.";1;;"ARMA_VENTA_PRIORITARIA, BF21, BF22, BF23, EXC_2022, LIQUIDACION_ARMAS, NOGOO_ES, NOGOO_PT, OUTLET, RBE23, RBE24, RBV22, RBV23, REVER242, RV21, SD21";;413044;"31653
"
508305;1;"BOLSO MORRAL";"18/06/2004 19:29:50";42,99;49,99;1028;"SALO-SPORT -VERONICA DUMITRESCU, VALENTINA";10;"PESCA 2015, COMPETICION 2017, CAZA 2019-2020, CAZA 2018-2019, CAZA 2017-2018, CAZA 2016-2017, CAZA 2015-16, CAZA 2014-15";"BF22, HORAS23, RBV22, RBV23, RECOMENDADO, REGALAR, REVER242";;4455;"280
"
508313;1;"BIPODE HARRIS DE PATAS LARGAS ";"28/07/2004 12:58:54";138,99;179,99;100001667;"HARRIS ENGINEERING, INC.";15;"COMPETICION 2017, CAZA 2019-2020, CAZA 2018-2019, CAZA 2017-2018, CAZA 2016-2017, CAZA 2015-16";"BF21, BF22, BF23, COMPARADOR, COMP_FR, COMP_PT, HORAS23, IRN21, IRN22, RBE24, RBV22, RBV23, RECOMENDADO, REVER242";"02/01/2023 8:45:19";46380;"12857
"
508314;1;"BIPODE HARRIS DE PATAS CORTAS";"28/07/2004 12:58:17";108,99;149,99;100001667;"HARRIS ENGINEERING, INC.";16;"COMPETICION 2017, CAZA 2019-2020, CAZA 2018-2019, CAZA 2017-2018, CAZA 2016-2017, CAZA 2015-16, CAZA 2014-15";"BERREA, BF21, BF22, BF23, COMPARADOR, COMP_FR, COMP_PT, HORAS23, IRN21, IRN22, RBE24, RBV23, RECOMENDADO, REVER242";"02/01/2023 8:45:19";46381;"12857
"
508319-1;1;"PANTALLA-PANTALLA TORTOLA";"18/06/2004 19:29:50";79,99;89,99;100001124;"HANGZHOU ZHONGKAI SPORTS TECHNOLOGY CO., LTD";155;"COMPETICION 2017, CAZA 2019-2020, CAZA 2018-2019, CAZA 2017-2018, CAZA 2016-2017, CAZA 2015-16, CAZA 2014-15";"BF21, BF22, BF23, CAZA2021, COMPARADOR, COMP_FR, COMP_PT, HORAS23, OFERTA_X UDS., OFERTA_2UD, RBE22, RBE23, RBE24, RBV22, RBV23, RECOMENDADO, REVER242";;39712;"11638
"
508320;1;"RED CAMUFLAJE--PANTALLA DE CAMUFLAJE";"18/06/2004 19:29:50";32,99;34,99;100003726;"QUANZHOU PESIN OUTDOOR PRODUCTS CO., LTD.";404;"COMPETICION 2017, COMPETICION 2015, CAZA 2019-2020, CAZA 2018-2019, CAZA 2017-2018, CAZA 2016-2017, CAZA 2015-16, CAZA 2014-15";"BF21, BF22, BF23, CAZA2021, COMPARADOR, COMP_FR, COMP_PT, HORAS23, IRN21, RBE22, RBE23, RBE24, RBV22, RBV23, RECOMENDADO, REGALAR, REVER242";;48838;"100053431
"
508322;1;"RELOJ DIGITAL PARA ESPERAS DE JABALI CON 64 MEMORIAS";"18/06/2004 19:29:50";84,99;94,9;100001114;"GEORG FRITZMANN & SÖHNE GMBH";8;"CAZA 2019-2020, CAZA 2018-2019, CAZA 2017-2018, CAZA 2016-2017, CAZA 2015-16, CAZA 2014-15";"BF21, BF22, BF23, COMPARADOR, COMP_FR, COMP_PT, OFERTA_X UDS., OFERTA_2UD, RBE22, RBE23, RBE24, RBV22, RBV23, RECOMENDADO, REVER242, RII-RAE INTRA";;22812;"10407
"
508345;1;"ADITIVO PARA JABALIES";"18/06/2004 19:29:50";22,89;26,95;73009;"GSM, LLC";87;"COMPETICION 2017, COMPETICION 2015, CAZA 2019-2020, CAZA 2018-2019, CAZA 2017-2018, CAZA 2016-2017, CAZA 2015-16, CAZA 2014-15";"BF23, CSW, OFERTA_2UD, RBE24, RECOMENDADO, REVER242";;22886;"10430
"
508369;2;"CONCENTRADO PARA  ADIESTRAMIENTO DE PERROS EN LA CAZA DE CIERVO";"02/08/2006 13:26:59";19,99;29,9;9079;"FRANKONIA JAGD";1;;"BF21, BF22, BF23, OUTLET, RBE23, RBE24, RBV22, RBV23, REVER242, RV21";;60861;"33128
"
508390;1;"PUESTO DE ESPERAS";"23/04/2008 16:31:32";109,99;149,99;100002097;"HANGZHOU FOREIGN ECONOMIC RELATIONS AND TRADE SERVICE CO., LTD";114;"COMPETICION 2017, CAZA 2019-2020, CAZA 2018-2019, CAZA 2017-2018, CAZA 2016-2017, CAZA 2015-16, CAZA 2014-15";"BF21, BF22, BF23, CAZA2021, COMPARADOR, COMP_FR, COMP_PT, HORAS23, IRN21, RBE22, RBE23, RBE24, RBV22, RBV23, RECOMENDADO, REGALAR, REVER242, RV21, TOP VENTAS";;407152;"21537
"
508414;1;"PUESTO DE ESPERAS CON SILLA";"06/08/2009 19:58:24";98,99;169;100002097;"HANGZHOU FOREIGN ECONOMIC RELATIONS AND TRADE SERVICE CO., LTD";108;"COMPETICION 2017, CAZA 2019-2020, CAZA 2018-2019, CAZA 2017-2018, CAZA 2016-2017, CAZA 2015-16, CAZA 2014-15";"BF21, BF22, BF23, CAZA2021, COMPARADOR, COMP_FR, COMP_PT, HORAS23, IRN21, RBE22, RBE23, RBE24, RBV22, RBV23, RECOMENDADO, REGALAR, REVER242, RV21";;413019;"32012
"
508416;1;"ATRAYENTE JABALIES PIG OUT";"04/08/2010 10:58:21";24,99;26,95;73009;"GSM, LLC";154;"COMPETICION 2017, COMPETICION 2015, CAZA 2019-2020, CAZA 2018-2019, CAZA 2017-2018, CAZA 2016-2017, CAZA 2015-16, CAZA 2014-15";"BF23, OFERTA_2UD, RBE24, RECOMENDADO, REVER242";;419900;"33279
"
508417;1;"ATRAYENTE JABALIES HOG HEAVEN";"04/08/2010 11:00:37";24,99;26,95;73009;"GSM, LLC";113;"COMPETICION 2017, COMPETICION 2015, CAZA 2018-2019, CAZA 2017-2018, CAZA 2016-2017, CAZA 2015-16, CAZA 2014-15";"BF23, OFERTA_2UD, RBE24, RECOMENDADO, REVER242";;419902;"33280
"
508432;1;"EXTRACTO CON TRUFA NATURAL";"06/08/2009 20:18:35";37,99;37,99;100000428;"HAGOPUR AG";20;"CAZA 2019-2020, CAZA 2018-2019, CAZA 2017-2018, CAZA 2016-2017, CAZA 2015-16, CAZA 2014-15";"BF21, BF22, BF23, OFERTA_2UD, RBE22, RBE23, RBE24, RBV22, RBV23, RECOMENDADO, REVER242, RV21";"03/10/2022 9:07:37";415006;"32017
"
508436;1;"JUEGO DE ALFOMBRILLAS";"06/08/2009 20:27:58";39,99;39,99;100001124;"HANGZHOU ZHONGKAI SPORTS TECHNOLOGY CO., LTD";166;"PESCA 2015, ESQUI 2015, COMPETICION 2017, CAZA 2019-2020, CAZA 2018-2019, CAZA 2017-2018, CAZA 2016-2017, CAZA 2015-16, CAZA 2014-15";"BF21, BF22, BF23, HORAS23, IRN21, IRN22, OFERTA_2UD, RBE22, RBE23, RBE24, RBV22, RBV23, RECOMENDADO, REGALAR, REVER242, RV21, SD21";;415015;"32024
"
508439;1;"EXTRACTO ESPECIAL PARA CORZO";"30/03/2010 16:53:33";36,99;36,99;100000428;"HAGOPUR AG";34;"COMPETICION 2017, COMPETICION 2015, C019-2020, CAZA 2018-2019, CAZA 2017-2018, CAZA 2016-2017, CAZA 2015-16, CAZA 2014-15";"BF21, BF22, BF23, HORAS23, IRN21, RBE22, RBE23, RBE24, RBV22, RBV23, RECOMENDADO, REVER242, RV21, SD21";;4508;"172
"
511400;1;"LANZAPLATOS DE PIE";"18/06/2004 19:29:50";99,99;99,99;73009;"GSM, LLC";14;"COMPETICION 2017, COMPETICION 2015, CAZA 2019-2020, CAZA 2018-2019, CAZA 2017-2018, CAZA 2016-2017, CAZA 2015-16, CAZA 2014-15";"BF21, BF22, BF23, HORAS23, IRN21, RBE22, RBE23, RBE24, RBV22, RBV23, RECOMENDADO, REGALAR, REVER242";;4511;"174
"
512001;2;"RECOGEDOR TELESCOPICO PARA VAINAS";"07/03/2017 18:08:16";19,99;27,99;1125;"ROC IMPORT";4;"COMPETICION 2017, CAZA 2019-2020, CAZA 2018-2019, CAZA 2017-2018";"BF23, OUTLET, RBE23, RBE24, RBV23, RECOMENDADO, REVER242";"19/09/2022 18:29:37";100049053;"100017920
"
512011;1;"TAPONES SILENCER RECARGABLES 2.0";"23/07/2019 12:45:02";149,99;199,99;73009;"GSM, LLC";39;"CAZA 2019-2020";"BF21, BF22, BF23, COMPARADOR, COMP_FR, COMP_PT, CSW, IRN21, IRN22, RBE22, RBE23, RBE24, RBV22, RBV23, RECOMENDADO, REVER242, RII-RAE, X23";;100097048;"100032118
"
512020;1;"AURICULARES RAZOR ELECTRONICOS HD";"29/07/2019 11:38:35";79,99;115,99;73009;"GSM, LLC";176;"CAZA 2019-2020";"BF21, BF22, BF23, COMPARADOR, COMP_FR, COMP_PT, CSW, HORAS23, IRN21, IRN22, RBE22, RBE23, RBE24, RBV22, RBV23, RECOMENDADO, REVER242, RII-RAE, X23";;100097678;"100012901
"
512022;1;"CASCOS RAZOR ELECTRONICOS HD CON BLUETOOTH";"02/06/2020 9:22:34";129,99;199,99;73009;"GSM, LLC";35;;"BF21, BF22, BF23, COMPARADOR, COMP_FR, COMP_PT, CSW, HORAS23, RBE22, RBE23, RBE24, RBV22, RBV23, RECOMENDADO, REVER242, RII-RAE, SCASCOS, SD21, X23";;100108418;"100035699
"
512023;1;"KIT COMPLETO DE CASCOS - GAFAS - TAPONES";"02/06/2020 9:24:37";29,99;79,99;73009;"GSM, LLC";49;;"BF21, BF22, BF23, CM22, CM23, CSW, IRN21, RBE22, RBE23, RBE24, RBV23, RECOMENDADO, REGALAR, REVER242, RII-RAE, RV21";;100108417;"100035698
"
512154-1;2;"CABLE DE CONEXION DE CASCOS A EMISORA";"01/08/2008 15:46:14";29,99;49,95;100001713;"HUNTER ELECTRONIC AB";109;"COMPETICION 2017, CAZA 2019-2020, CAZA 2018-2019, CAZA 2017-2018, CAZA 2016-2017, CAZA 2015-16, CAZA 2014-15";"BF21, BF22, BF23, OUTLET, RBE22, RBE23, RBV22, RBV23, REVER242, RV21";;408006;"21870
"
512154-3;2;"CABLE DE CONEXION A EMISORAS ( YAESU FT-270E )";"02/03/2016 11:42:20";49,99;59,99;100001153;"NAC INTERCOM SOL.DE COM.SL.";2;"COMPETICION 2017, CAZA 2018-2019, CAZA 2017-2018, CAZA 2016-2017";"BF21, BF22, OUTLET, RBE22, RBE23, RBV22, RBV23, REVER242, RV21";;100034013;"21870
"
512167-K;1;"CASCOS ULTRAFINOS ELECTRONICOS ESTEREOS KAKI";"23/04/2012 17:24:03";39;65,99;100001124;"HANGZHOU ZHONGKAI SPORTS TECHNOLOGY CO., LTD";203;"COMPETICION 2017, COMPETICION 2015, CAZA 2019-2020, CAZA 2018-2019, CAZA 2017-2018, CAZA 2016-2017, CAZA 2015-16, CAZA 2014-15";"BF21, BF22, BF23, HORAS23, IRN21, RBE22, RBE23, RBE24, RBV22, RBV23, RECOMENDADO, REGALAR, REVER242, RV21, SCASCOS, SD21";;100001941;"21687
"
508466;1;"CARRILLERA DE PRECISION PARA RIFLE";"30/04/2014 11:28:25";79,99;79,99;100001428;"BEARSKIN (BEARPROOF AS)";0;"CAZA 2019-2020, CAZA 2018-2019, CAZA 2017-2018, CAZA 2016-2017, CAZA 2015-16, CAZA 2014-15";"BF21, BF22, BF23, COMPARADOR, COMP_FR, COMP_PT, CSW, RBE22, RBE23, RBE24, RBV22, RBV23, REVER242";;100018190;"100007128
"
512210;1;"HOMBRERA ANTI-RETROCESO";"18/06/2004 19:29:50";39,99;39,99;100001124;"HANGZHOU ZHONGKAI SPORTS TECHNOLOGY CO., LTD";172;"CAZA 2015-16, CAZA 2014-15";"BF21, BF22, BF23, CM23, CSW, RBE23, RBE24, RBV22, RBV23, RECOMENDADO, REVER242";;100003139;"100001357
"
508469;1;"BASCULA DIGITAL";"02/08/2018 12:26:18";69,99;69,99;73009;"GSM, LLC";15;"CAZA 2019-2020, CAZA 2018-2019";"BERREA, BF21, BF22, BF23, HORAS23, RBE22, RBE23, RBE24, RBV22, RBV23, RECOMENDADO, REVER242, RV21";;100078260;"100027033
"
512211;1;"SACO PARA APOYO TRASERO";"01/08/2008 15:29:12";16,99;25,99;100001124;"HANGZHOU ZHONGKAI SPORTS TECHNOLOGY CO., LTD";171;"COMPETICION 2017, COMPETICION 2015, CAZA 2019-2020, CAZA 2018-2019, CAZA 2017-2018, CAZA 2016-2017, CAZA 2015-16, CAZA 2014-15";"BF21, BF22, BF23, RBE22, RBE23, RBE24, RBV22, RBV23, RECOMENDADO, REVER242, SD21";;407550;"21684
"
508477;2;"PUESTO DE CAZA INVISIBLE";"23/04/2019 16:41:11";209,99;299,99;100002419;"GHOSTBLIND INDUSTRIES, INC";6;"CAZA 2019-2020";"BF21, BF22, BF23, CAZA2021, COMPARADOR, COMP_FR, COMP_PT, HORAS23, IRN21, IRN22, OUTLET, RBE22, RBE23, RBE24, RBV22, RBV23, RECOMENDADO, REGALAR, REVER242, SD21, TOP VENTAS";;100090254;"100030470
"
512212;1;"SACO PARA APOYO FRONTAL";"01/08/2008 15:29:55";16,99;19,99;100001124;"HANGZHOU ZHONGKAI SPORTS TECHNOLOGY CO., LTD";153;"COMPETICION 2017, COMPETICION 2015, CAZA 2019-2020, CAZA 2018-2019, CAZA 2017-2018, CAZA 2016-2017, CAZA 2015-16, CAZA 2014-15";"BF21, BF22, BF23, RBE22, RBE23, RBE24, RBV22, RBV23, RECOMENDADO, REVER242, RV21, SD21";;407551;"21684
"
508482;2;"ALFOMBRA JABALI (45X75 CM)";"18/03/2014 11:39:56";39,99;39,99;1170;"AKAH (ALBRECHT KIND GMBH)";4;"CAZA 2014-15";"OUTLET, REVER242";;100014461;"100005977
"
512621;2;"KIT TACTICO BOMBEROS";"08/08/2013 12:31:06";29,99;49,9;9079;"FRANKONIA JAGD";3;;"BF21, BF22, BF23, COMUNIONES, OUTLET, RBE23, RBE24, RBV22, RBV23, REGALAR, REVER242, RV21";;100009921;"100004189
"
508501;2;"PASTA GOURMET PARA ATRAER JABALIES";"07/08/2018 13:35:28";36,99;36,99;100000428;"HAGOPUR AG";4;"CAZA 2019-2020, CAZA 2018-2019";"BF23, CSW, OFERTA_2UD, RBE23, RBE24, RBV23, RECOMENDADO, REVER242";"03/10/2022 9:07:37";100078563;"100027147
"
512658-14;2;"PULSERA CAUCHO BANDERA DE NAVARRA";"25/08/2011 18:47:29";6,99;9,99;100000866;"HECTOR AMBROSIO ARAVENA";5;"COMPETICION 2015, CAZA 2018-2019, CAZA 2016-2017, CAZA 2014-15";"BF23, LB23, OUTLET, RBE24, RBV23, REVER242";;100003033;"34401
"
508509;2;"KIT DESINFECTANTE 1L";"29/07/2019 16:16:48";17,99;24,99;100000428;"HAGOPUR AG";6;"CAZA 2019-2020";"BF21, BF22, BF23, OUTLET, RBE23, RBE24, RBV22, RBV23, RECOMENDADO, REVER242, RV21";;100098341;"100032412
"
512658-15;2;"PULSERA CAUCHO BANDERA DE PAIS VASCO";"25/08/2011 18:47:58";6,99;9,99;100000866;"HECTOR AMBROSIO ARAVENA";1;"COMPETICION 2015, CAZA 2018-2019, CAZA 2016-2017, CAZA 2014-15";"BF23, LB23, OUTLET, RBE24, RBV23, REVER242";;100003034;"34401
"
508511;1;"MOCHILA CHIRUCA SETAS";"27/07/2016 15:43:06";48,99;65,99;9009;"CALZADOS FAL S.A.";1;"CAZA 2019-2020, CAZA 2018-2019, CAZA 2017-2018, CAZA 2016-2017";"BF21, BF22, BF23, COMPARADOR, COMP_FR, COMP_PT, RBE23, RBV22, RECOMENDADO, REVER242";"07/06/2024 11:18:31";100040188;"100015081
"
512658-16;2;"PULSERA CAUCHO BANDERA DE VALENCIA";"25/08/2011 18:48:30";6,99;9,99;100000866;"HECTOR AMBROSIO ARAVENA";10;"COMPETICION 2015, CAZA 2018-2019, CAZA 2016-2017, CAZA 2014-15";"BF23, LB23, OUTLET, RBE24, RBV23, REVER242";;100003035;"34401
"
508650;1;"RASTROJERAS CON 3 CORREAS LARGAS";"18/06/2004 19:29:50";59,99;59,99;1028;"SALO-SPORT -VERONICA DUMITRESCU, VALENTINA";5;"CAZA 2019-2020, CAZA 2018-2019, CAZA 2017-2018, CAZA 2016-2017, CAZA 2015-16, CAZA 2014-15";"BF21, BF22, BF23, IRN21, RBE22, RBE23, RBE24, RBV22, RBV23, RECOMENDADO, REGALAR, REVER242";;4481;"276
"
512658-3;2;"PULSERA CAUCHO BANDERA DE ASTURIAS";"25/08/2011 18:40:02";6,99;9,99;100000866;"HECTOR AMBROSIO ARAVENA";3;"COMPETICION 2015, CAZA 2018-2019, CAZA 2016-2017, CAZA 2014-15";"BF23, LB23, OUTLET, RBE24, RBV23, REVER242";;100003022;"34401
"
508910;1;"MOCHILA CHIRUCA 25L";"22/06/2019 10:37:40";64,99;64,99;9009;"CALZADOS FAL S.A.";0;;"BF21, BF22, BF23, CAMINO, COMPARADOR, COMP_FR, COMP_PT, IRN22, RBE22, RBE23, RBV22, RECOMENDADO, REVER242";"07/06/2024 11:18:32";100094310;"100031674
"
512658-4;2;"PULSERA CAUCHO BANDERA DE BALEARES";"25/08/2011 18:40:29";6,99;9,99;100000866;"HECTOR AMBROSIO ARAVENA";4;"COMPETICION 2015, CAZA 2018-2019, CAZA 2016-2017, CAZA 2014-15";"BF23, LB23, OUTLET, RBE24, RBV23, REVER242";;100003023;"34401
"
510006;1;"KIT DE MANTENIMIENTO BALLISTOL";"29/07/2009 19:42:19";54,99;59,99;1232;"KLEVER GmbH";31;"COMPETICION 2017, COMPETICION 2015, CAZA 2019-2020, CAZA 2018-2019, CAZA 2017-2018, CAZA 2016-2017, CAZA 2015-16, CAZA 2014-15";"BF22, BF23, COMPARADOR, COMP_FR, COMP_PT, HORAS23, IRN21, RBE23, RBE24, RBV23, RECOMENDADO, REGALAR, REVER242";;413181;"31751
"
512658-6;2;"PULSERA CAUCHO BANDERA DE CANTABRIA";"25/08/2011 18:42:42";6,99;9,99;100000866;"HECTOR AMBROSIO ARAVENA";3;"COMPETICION 2015, CAZA 2018-2019, CAZA 2016-2017, CAZA 2014-15";"BF23, LB23, OUTLET, RBE24, RBV23, REVER242";;100003025;"34401
"
510042;1;"BAQUETA VFG P/ ESCOPETAS (CAL 12, 16 Ó 20)";"18/06/2004 19:29:50";72,99;72,99;1236;"VFG FILZ KANN MEHR";26;"CAZA 2019-2020, CAZA 2018-2019, CAZA 2017-2018, CAZA 2016-2017, CAZA 2015-16, CAZA 2014-15";"BF21, BF22, BF23, RBE22, RBE23, RBE24, RBV22, RBV23, RECOMENDADO, REVER242, RV21";"14/05/2021 18:29:43";39420;"11422
"
512658-8;2;"PULSERA CAUCHO BANDERA DE CASTILLA LEON";"25/08/2011 18:43:43";9,99;9,99;100000866;"HECTOR AMBROSIO ARAVENA";1;"COMPETICION 2015, CAZA 2018-2019, CAZA 2016-2017, CAZA 2014-15";REVER242;;100003027;"34401
"
510048;1;"KIT DE PAVONADO RAPIDO";"04/08/2014 13:12:26";25,99;29,99;1232;"KLEVER GmbH";68;"COMPETICION 2017, CAZA 2019-2020, CAZA 2018-2019, CAZA 2017-2018, CAZA 2016-2017, CAZA 2015-16, CAZA 2014-15";"BF21, CSW, RECOMENDADO, REVER242";"04/02/2022 10:14:24";100018186;"100007125
"
512658-9;2;"PULSERA CAUCHO BANDERA DE CATALUÑA";"25/08/2011 18:44:16";6,99;9,99;100000866;"HECTOR AMBROSIO ARAVENA";1;"COMPETICION 2015, CAZA 2018-2019, CAZA 2016-2017, CAZA 2014-15";"BF23, LB23, OUTLET, RBE24, REVER242";;100003028;"34401
"
510068;1;"FIELTRO LIMPIADOR SUPERINTENSIVO ESCOP CAL 12 (100 UD)";"18/06/2004 19:29:50";69,99;69,99;1236;"VFG FILZ KANN MEHR";6;"CAZA 2019-2020, CAZA 2018-2019, CAZA 2017-2018, CAZA 2016-2017, CAZA 2015-16, CAZA 2014-15";"BF21, BF22, BF23, RBE22, RBE23, RBE24, RBV22, RBV23, RECOMENDADO, REVER242, RV21";"14/05/2021 18:29:43";39439;"100043758
"
512663-17;2;"PULSERA CUERO BANDERA DE LA RIOJA";"25/08/2011 18:59:14";8,99;12,99;100000866;"HECTOR AMBROSIO ARAVENA";1;"CAZA 2018-2019, CAZA 2016-2017";"BF23, LB23, OUTLET, RBE24, RBV23, REVER242";;100003056;"34402
"
510069;1;"FIELTRO LIMPIADOR SUPERINTENSIVO ESCOP CAL 20";"18/06/2004 19:29:50";69,99;69,99;1236;"VFG FILZ KANN MEHR";32;"CAZA 2019-2020, CAZA 2018-2019, CAZA 2017-2018, CAZA 2016-2017, CAZA 2015-16, CAZA 2014-15";"BF21, BF22, BF23, RBE22, RBE23, RBE24, RBV22, RBV23, RECOMENDADO, REVER242, RV21";"14/05/2021 18:29:43";39440;"100043758
"
512663-8;2;"PULSERA CUERO BANDERA DE CASTILLA LEON";"25/08/2011 18:54:58";8,99;12,99;100000866;"HECTOR AMBROSIO ARAVENA";1;"CAZA 2018-2019, CAZA 2016-2017";"BF23, LB23, OUTLET, RBE24, RBV23, REVER242";;100003047;"34402
"
511007;1;"GAFAS ESPECIALES PARA TIRO TRANSPARENTES";"05/08/2009 13:03:45";19,99;19,99;1183;"IRUDEK 2000, S.L.";56;"COMPETICION 2017, COMPETICION 2015, CAZA 2019-2020, CAZA 2018-2019, CAZA 2017-2018, CAZA 2016-2017, CAZA 2015-16, CAZA 2014-15";"BF21, BF22, BF23, RBE22, RBE23, RBE24, RBV22, RBV23, RECOMENDADO, REVER242, SD21";;413006;"32004
"
512670;1;"PULSERA DE PELO DE ELEFANTE GRUESA";"05/08/2011 15:28:03";269,99;269,99;73032;"MINERALES Y FOSILES (LOPEZ DE MANTEROLA SORIANO)";5;"COMPETICION 2017, CAZA 2019-2020, CAZA 2018-2019, CAZA 2017-2018, CAZA 2016-2017, CAZA 2015-16, CAZA 2014-15";"BF21, BF22, BF23, CSW, HORAS23, IRN21, IRN22, RBE22, RBE23, RBE24, RBV23, REVER242";;426821;"34397
"
511011;1;"GAFAS BROWNING CON 5 CRISTALES INTERCAMBIABLES";"05/08/2009 13:08:59";64,99;65,89;7001;"AGUIRRE Y CIA, S.A.";0;"COMPETICION 2017, CAZA 2019-2020, CAZA 2018-2019, CAZA 2017-2018, CAZA 2016-2017, CAZA 2015-16, CAZA 2014-15";"BF22, BF23, COMPARADOR, COMP_FR, COMP_PT, CSW, PRECIO_FIJO, RBE23, RBV22, REVER242";;415002;"32002
"
512671;1;"PULSERA DE PELO DE ELEFANTE ESTRECHA";"05/08/2011 15:29:31";139,99;139,99;73032;"MINERALES Y FOSILES (LOPEZ DE MANTEROLA SORIANO)";4;"COMPETICION 2017, CAZA 2019-2020, CAZA 2018-2019, CAZA 2017-2018, CAZA 2016-2017, CAZA 2015-16, CAZA 2014-15";"BF21, BF22, BF23, CSW, HORAS23, IRN21, LB23, RBE22, RBE23, RBE24, RBV23, REGALAR, REVER242";;426823;"34399
"
511069;1;"GAFAS CON 4 JUEGOS DE CRISTALES ";"24/03/2011 11:26:06";49,99;59,99;73009;"GSM, LLC";17;"COMPETICION 2017, CAZA 2019-2020, CAZA 2018-2019, CAZA 2017-2018, CAZA 2016-2017, CAZA 2015-16, CAZA 2014-15";"BF21, BF22, BF23, HORAS23, IRN21, IRN22, RBE22, RBE23, RBE24, RBV22, RBV23, RECOMENDADO, REGALAR, REVER242";;425859;"34143
"
512672;1;"PULSERA DE PELO DE ELEFANTE EN PLATA";"05/08/2011 15:32:41";199;199,99;73032;"MINERALES Y FOSILES (LOPEZ DE MANTEROLA SORIANO)";5;"COMPETICION 2017, CAZA 2019-2020, CAZA 2018-2019, CAZA 2017-2018, CAZA 2016-2017, CAZA 2015-16, CAZA 2014-15";"BF21, BF22, BF23, IRN21, LB23, RBE22, RBE23, RBE24, RBV22, REGALAR, REVER242, SD21";;426822;"34398
"
511310;1;"LANZAPLATOS CORTO";"18/06/2004 19:29:50";19,99;30,99;100001124;"HANGZHOU ZHONGKAI SPORTS TECHNOLOGY CO., LTD";47;"COMPETICION 2017, COMPETICION 2015, CAZA 2019-2020, CAZA 2018-2019, CAZA 2017-2018, CAZA 2016-2017, CAZA 2015-16, CAZA 2014-15";"BF21, BF22, BF23, HORAS23, IRN21, RBE22, RBE23, RBE24, RBV22, RBV23, RECOMENDADO, REVER242, RV21, SD21";;4508;"172
"
513252R;1;"LINTERNA LED LENSER M7R (RECARGABLE)";"06/08/2014 16:20:45";123,99;139;100000366;"REIBERCO INTERNACIONAL (LED LENSER)";0;"CAZA 2019-2020, CAZA 2018-2019, CAZA 2017-2018, CAZA 2016-2017, CAZA 2015-16, CAZA 2014-15";"BF21, BF22, BF23, COMPARADOR, COMP_FR, COMP_PT, RBE23, RBV22, RBV23, REVER242, RV21";;100018515;"100007249
"
511400;1;"LANZAPLATOS DE PIE";"18/06/2004 19:29:50";99,99;99,99;73009;"GSM, LLC";14;"COMPETICION 2017, COMPETICION 2015, CAZA 2019-2020, CAZA 2018-2019, CAZA 2017-2018, CAZA 2016-2017, CAZA 2015-16, CAZA 2014-15";"BF21, BF22, BF23, HORAS23, IRN21, RBE22, RBE23, RBE24, RBV22, RBV23, RECOMENDADO, REGALAR, REVER242";;4511;"174
"
513267R;1;"LINTERNA MAGNUM PRO RECARGABLE";"17/09/2019 11:03:11";99,99;159,99;100001124;"HANGZHOU ZHONGKAI SPORTS TECHNOLOGY CO., LTD";172;;"BF21, BF23, HORAS23, RBE24, RBV22, RECOMENDADO, REVER242, RV21, X23";;100102355;"100033824
"
512001;2;"RECOGEDOR TELESCOPICO PARA VAINAS";"07/03/2017 18:08:16";19,99;27,99;1125;"ROC IMPORT";4;"COMPETICION 2017, CAZA 2019-2020, CAZA 2018-2019, CAZA 2017-2018";"BF23, OUTLET, RBE23, RBE24, RBV23, RECOMENDADO, REVER242";"19/09/2022 18:29:37";100049053;"100017920
"
513305;2;"FOCO RECARGABLE LED DE 850 LUMENS";"23/07/2015 19:22:37";59,99;59,99;73009;"GSM, LLC";4;"NAUTICA 2017, CAZA 2019-2020, CAZA 2018-2019, CAZA 2017-2018, CAZA 2016-2017, CAZA 2015-16";"BF21, BF22, BF23, IRN21, RBE22, RBE23, RBE24, RBV22, RBV23, RECOMENDADO, REVER242, RII-RAE";;100028467;"100010758
"
512011;1;"TAPONES SILENCER RECARGABLES 2.0";"23/07/2019 12:45:02";149,99;199,99;73009;"GSM, LLC";39;"CAZA 2019-2020";"BF21, BF22, BF23, COMPARADOR, COMP_FR, COMP_PT, CSW, IRN21, IRN22, RBE22, RBE23, RBE24, RBV22, RBV23, RECOMENDADO, REVER242, RII-RAE, X23";;100097048;"100032118
"
512020;1;"AURICULARES RAZOR ELECTRONICOS HD";"29/07/2019 11:38:35";79,99;115,99;73009;"GSM, LLC";176;"CAZA 2019-2020";"BF21, BF22, BF23, COMPARADOR, COMP_FR, COMP_PT, CSW, HORAS23, IRN21, IRN22, RBE22, RBE23, RBE24, RBV22, RBV23, RECOMENDADO, REVER242, RII-RAE, X23";;100097678;"100012901
"
512022;1;"CASCOS RAZOR ELECTRONICOS HD CON BLUETOOTH";"02/06/2020 9:22:34";129,99;199,99;73009;"GSM, LLC";35;;"BF21, BF22, BF23, COMPARADOR, COMP_FR, COMP_PT, CSW, HORAS23, RBE22, RBE23, RBE24, RBV22, RBV23, RECOMENDADO, REVER242, RII-RAE, SCASCOS, SD21, X23";;100108418;"100035699
"
512023;1;"KIT COMPLETO DE CASCOS - GAFAS - TAPONES";"02/06/2020 9:24:37";29,99;79,99;73009;"GSM, LLC";49;;"BF21, BF22, BF23, CM22, CM23, CSW, IRN21, RBE22, RBE23, RBE24, RBV23, RECOMENDADO, REGALAR, REVER242, RII-RAE, RV21";;100108417;"100035698
"
512154-1;2;"CABLE DE CONEXION DE CASCOS A EMISORA";"01/08/2008 15:46:14";29,99;49,95;100001713;"HUNTER ELECTRONIC AB";109;"COMPETICION 2017, CAZA 2019-2020, CAZA 2018-2019, CAZA 2017-2018, CAZA 2016-2017, CAZA 2015-16, CAZA 2014-15";"BF21, BF22, BF23, OUTLET, RBE22, RBE23, RBV22, RBV23, REVER242, RV21";;408006;"21870
"
512154-3;2;"CABLE DE CONEXION A EMISORAS ( YAESU FT-270E )";"02/03/2016 11:42:20";49,99;59,99;100001153;"NAC INTERCOM SOL.DE COM.SL.";2;"COMPETICION 2017, CAZA 2018-2019, CAZA 2017-2018, CAZA 2016-2017";"BF21, BF22, OUTLET, RBE22, RBE23, RBV22, RBV23, REVER242, RV21";;100034013;"21870
"
512167-K;1;"CASCOS ULTRAFINOS ELECTRONICOS ESTEREOS KAKI";"23/04/2012 17:24:03";39;65,99;100001124;"HANGZHOU ZHONGKAI SPORTS TECHNOLOGY CO., LTD";203;"COMPETICION 2017, COMPETICION 2015, CAZA 2019-2020, CAZA 2018-2019, CAZA 2017-2018, CAZA 2016-2017, CAZA 2015-16, CAZA 2014-15";"BF21, BF22, BF23, HORAS23, IRN21, RBE22, RBE23, RBE24, RBV22, RBV23, RECOMENDADO, REGALAR, REVER242, RV21, SCASCOS, SD21";;100001941;"21687
"
512210;1;"HOMBRERA ANTI-RETROCESO";"18/06/2004 19:29:50";39,99;39,99;100001124;"HANGZHOU ZHONGKAI SPORTS TECHNOLOGY CO., LTD";172;"CAZA 2015-16, CAZA 2014-15";"BF21, BF22, BF23, CM23, CSW, RBE23, RBE24, RBV22, RBV23, RECOMENDADO, REVER242";;100003139;"100001357
"
513317;1;"LINTERNA DE CABEZA FORCE";"06/08/2018 12:44:50";39,99;39,99;73009;"GSM, LLC";18;"CAZA 2019-2020, CAZA 2018-2019";"BERREA, BF21, BF22, BF23, CAMINO, CM22, CM23, COMUNIONES, HORAS23, IRN21, IRN22, RBE22, RBE23, RBE24, RBV22, RBV23, RECOMENDADO, REGALAR, REVER242, RII-RAE";;100078431;"100027080
"
513324;2;"LINTERNA FENIX TK75 (1820)";"06/08/2018 12:57:28";159,99;219,99;100001326;"FENIX LINTERNAS Y FRONTALES";1;"CAZA 2019-2020, CAZA 2018-2019";"BF21, BF22, BF23, OUTLET, RBE22, RBE23, RBE24, RBV22, RBV23, REVER242, RV21, SD21";"31/05/2021 16:10:37";100078471;"100027097
"
513327;1;"KIT COMPLETO DE CAZA KLARUS XT12 GT PRO 1600 LUMENS";"27/05/2019 11:40:04";118,99;129,99;100001688;"KLARUS LIGHTING TECHNOLOGY CO., LIMITED";120;"CAZA 2019-2020";"BERREA, BF21, BF22, BF23, COMPARADOR, COMP_FR, COMP_PT, HORAS23, IRN21, IRN22, RBE22, RBE23, RBE24, RBV22, RBV23, RECOMENDADO, REVER242, RII-RAE, X23";;100092652;"100031295
"
513329;1;"LINTERNA RECARGABLE DE CABEZA KLARUS";"28/05/2020 12:34:59";39,95;69,99;100001688;"KLARUS LIGHTING TECHNOLOGY CO., LIMITED";0;;"BF21, BF22, BF23, COMPARADOR, COMP_FR, COMP_PT, CSW, RBE22, RBE23, RBE24, RBV22, RBV23, RECOMENDADO, REVER242, RII-RAE, RV21";;100108412;"100035692
"
513330;1;"LINTERNA KLARUS XT11R";"09/03/2021 11:24:32";49,95;95,99;100001688;"KLARUS LIGHTING TECHNOLOGY CO., LIMITED";14;;"BF21, BF22, BF23, COMPARADOR, COMP_FR, COMP_PT, CSW, RBE22, RBE23, RBE24, RBV22, RBV23, RECOMENDADO, REVER242, RII-RAE, RV21, 1300 LUMENS";;100124123;"100040052
"
513331;2;"LINTERNA KLARUS A1";"09/03/2021 11:29:39";34,99;49,99;100001688;"KLARUS LIGHTING TECHNOLOGY CO., LIMITED";16;;"BF21, BF22, BF23, CAMINO, COMPARADOR, COMP_FR, COMP_PT, COMUNIONES, HORAS23, IRN21, IRN22, RBE22, RBE23, RBE24, RBV22, RBV23, RECOMENDADO, REGALAR, REVER242, RII-RAE, RV21, 1100 LUMENS";;100124093;"100040045
"
513332;1;"LINTERNA KLARUS G15 V2";"09/03/2021 11:37:37";69,99;144,99;100001688;"KLARUS LIGHTING TECHNOLOGY CO., LIMITED";20;;"BF21, BF22, BF23, COMPARADOR, COMP_FR, COMP_PT, CSW, HORAS23, RBE22, RBE23, RBE24, RBV22, RBV23, RECOMENDADO, REGALAR, REVER242, RII-RAE, RV21, 4000 LUMENS";;100124161;"100040061
"
513866;1;"FOCO PARA FAREAR CON MANDO A DISTANCIA";"07/08/2009 11:46:54";129,99;129,99;100001196;"BERGER & SCHRÖTER GmbH";11;"COMPETICION 2017, COMPETICION 2015, CAZA 2019-2020, CAZA 2018-2019, CAZA 2017-2018, CAZA 2016-2017, CAZA 2015-16, CAZA 2014-15";"BERREA, BF21, BF22, BF23, HORAS23, RBE22, RBE23, RBE24, RBV22, RBV23, RECOMENDADO, REVER242";;415019;"32028
"
513870;1;"CARRUSEL CIMBELES (PALOMAS)";"01/08/2011 10:57:38";79,99;89;100002440;"STEPLAND GROUP SL";6;"CAZA 2019-2020, CAZA 2018-2019, CAZA 2017-2018, CAZA 2016-2017, CAZA 2015-16, CAZA 2014-15";"BF21, BF22, BF23, RBE22, RBE23, RBE24, RBV22, RBV23, RECOMENDADO, REVER242, RV21";"04/02/2022 10:09:53";426878;"34428
"
513871;2;"FOCO SUPERPOTENTE REVO 1100";"06/03/2019 18:55:29";99,99;149,99;73009;"GSM, LLC";11;"CAZA 2019-2020";"BERREA, BF21, BF23, HORAS23, OUTLET, RBE24, RBV22, RBV23, RECOMENDADO, REVER242, RII-RAE";;100086876;"100029542
"
513884;1;"FOCO PARA FAREAR ";"08/08/2017 12:13:06";59,99;69,95;73009;"GSM, LLC";53;"CAZA 2019-2020, CAZA 2018-2019, CAZA 2017-2018";"BERREA, BF21, BF22, BF23, HORAS23, RBE22, RBE23, RBE24, RBV22, RBV23, RECOMENDADO, REVER242, RII-RAE, SD21";;100058319;"100021656
"
515152;2;"FAJA ELASTICA PORTA-ARMAS Y COMPLEMENTOS";"10/08/2010 11:14:31";13,99;19,99;100000606;"SEGURIDAD E IMAGEN PROFESIONAL, S.L. (POLICIAPLUS)";6;"COMPETICION 2017, COMPETICION 2015, CAZA 2019-2020, CAZA 2018-2019, CAZA 2017-2018, CAZA 2016-2017, CAZA 2015-16, CAZA 2014-15";"OUTLET, RBE24, RBV23, REVER242";;422225;"33420
"
515154;1;"CINTURON EXTERIOR CON CIERRE CLIP DE SEGURIDAD";"10/08/2010 11:15:52";28,99;28,99;100000606;"SEGURIDAD E IMAGEN PROFESIONAL, S.L. (POLICIAPLUS)";6;"COMPETICION 2017, COMPETICION 2015, CAZA 2019-2020, CAZA 2018-2019, CAZA 2017-2018, CAZA 2016-2017, CAZA 2015-16, CAZA 2014-15";"BF23, RBE24, RBV23, REVER242";;422226;"33421
"
515158-M;2;"GUANTES TECNICOS ANTICORTE T.M";"19/08/2010 12:31:04";29,99;42,99;100000606;"SEGURIDAD E IMAGEN PROFESIONAL, S.L. (POLICIAPLUS)";2;"COMPETICION 2017, COMPETICION 2015, CAZA 2019-2020, CAZA 2018-2019, CAZA 2017-2018, CAZA 2016-2017, CAZA 2015-16, CAZA 2014-15";"BF21, BF22, BF23, OUTLET, RBE22, RBE23, RBE24, RBV22, RBV23, REVER242";;422216;"33414
"
515158-S;2;"GUANTES TECNICOS ANTICORTE T.S";"10/08/2010 11:02:50";29,99;42,99;100000606;"SEGURIDAD E IMAGEN PROFESIONAL, S.L. (POLICIAPLUS)";3;"COMPETICION 2017, COMPETICION 2015, CAZA 2019-2020, CAZA 2018-2019, CAZA 2017-2018, CAZA 2016-2017, CAZA 2015-16, CAZA 2014-15";"BF21, BF22, BF23, OUTLET, RBE22, RBE23, RBE24, RBV22, RBV23, REVER242";;422215;"33414
"
515158-XL;2;"GUANTES TECNICOS ANTICORTE T.XL";"19/08/2010 12:32:03";29,99;42,99;100000606;"SEGURIDAD E IMAGEN PROFESIONAL, S.L. (POLICIAPLUS)";4;"COMPETICION 2017, COMPETICION 2015, CAZA 2019-2020, CAZA 2018-2019, CAZA 2017-2018, CAZA 2016-2017, CAZA 2015-16, CAZA 2014-15";"BF21, BF22, BF23, OUTLET, RBE22, RBE23, RBE24, RBV22, RBV23, REVER242";;422218;"33414
"
515158-XXL;2;"GUANTES TECNICOS ANTICORTE T.XXL";"19/08/2010 12:32:23";29,99;42,99;100000606;"SEGURIDAD E IMAGEN PROFESIONAL, S.L. (POLICIAPLUS)";1;"COMPETICION 2017, COMPETICION 2015, CAZA 2019-2020, CAZA 2018-2019, CAZA 2017-2018, CAZA 2016-2017, CAZA 2015-16, CAZA 2014-15";"BF21, BF22, BF23, OUTLET, RBE22, RBE23, RBE24, RBV22, RBV23, REVER242";;422219;"33414
"
515301;2;"REPELENTE ELECTRONICO GARRAPATAS P/PERROS Y GATOS";"26/07/2016 18:02:48";27,99;39,99;9079;"FRANKONIA JAGD";31;"COMPETICION 2017, CAZA 2019-2020, CAZA 2018-2019, CAZA 2017-2018, CAZA 2016-2017";"BF21, BF22, BF23, OFERTA_X UDS., OFERTA_2UD, OUTLET, RBE23, RBE24, RBV22, RBV23, RECOMENDADO, REVER242, RV21";;100040175;"100015070
"
515303;2;"BOTE ACEITE BALLISTOL P/GUARDAR OBJETOS DE VALOR";"26/07/2016 18:04:49";29,99;29,99;9079;"FRANKONIA JAGD";9;"CAZA 2019-2020, CAZA 2018-2019, CAZA 2017-2018, CAZA 2016-2017";"BF22, OFERTA_2UD, RBE24, RECOMENDADO, REGALAR, REVER242";;100040177;"100015071
"
515413;1;"RELOJ PARA JABALIES                     ";"18/06/2004 19:29:50";49,99;59;100001114;"GEORG FRITZMANN & SÖHNE GMBH";18;"COMPETICION 2017, CAZA 2019-2020, CAZA 2018-2019, CAZA 2017-2018, CAZA 2016-2017, CAZA 2015-16, CAZA 2014-15";"BF21, BF22, BF23, COMPARADOR, COMP_FR, COMP_PT, CSW, HORAS23, OFERTA_X UDS., OFERTA_2UD, RBE22, RBE23, RBV22, RBV23, RECOMENDADO, REVER242, RII-RAE INTRA";;4590;"749
"
515418;2;"PLANTILLA CON COJIN DE CALOR";"18/06/2004 19:29:50";20,99;29,99;9079;"FRANKONIA JAGD";2;"ESQUI 2015, CAZA 2019-2020, CAZA 2018-2019, CAZA 2017-2018, CAZA 2016-2017, CAZA 2015-16, CAZA 2014-15";"IRN22, OUTLET, RBE24, RBV23, RECAMBIO_PLANTILLAS, REGALAR, REVER242";;4593;"292
"
515431;1;"REJILLA PROTECTORA";"18/06/2004 19:29:50";59,99;69;100001124;"HANGZHOU ZHONGKAI SPORTS TECHNOLOGY CO., LTD";12;"COMPETICION 2017, COMPETICION 2015, CAZA 2019-2020, CAZA 2018-2019, CAZA 2017-2018, CAZA 2016-2017, CAZA 2015-16, CAZA 2014-15";"BF21, BF22, BF23, RBE22, RBE23, RBE24, RBV22, RBV23, RECOMENDADO, REVER242, RV21, SD21, TOP VENTAS";;4600;"353
"
515457;1;"MOCHILA TIROL";"02/08/2006 10:52:06";69,99;69,99;100001798;"STAR WORLD INTERNATIONAL";199;"COMPETICION 2017, COMPETICION 2015, CAZA 2019-2020, CAZA 2018-2019, CAZA 2017-2018, CAZA 2016-2017, CAZA 2015-16, CAZA 2014-15";"BF21, BF22, BF23, CAZA2021, CSW, HORAS23, IRN21, IRN22, LB23, RBE22, RBE23, RBE24, RBV22, RBV23, RECOMENDADO, REGALAR, REVER242, RV21, SD21";;101698;"17027
"
515479;1;"BOLSA DE MUNICION DEHESA";"29/07/2015 16:22:54";22;24,9;100001798;"STAR WORLD INTERNATIONAL";11;"CAZA 2019-2020, CAZA 2018-2019, CAZA 2017-2018, CAZA 2016-2017, CAZA 2015-16";"BF21, BF22, BF23, CSW, HORAS23, IRN22, LB23, RBE22, RBE23, RBE24, RBV22, RBV23, RECOMENDADO, REVER242, RV21";;100028367;"100010673
"
515491;1;"MOCHILA TACTICA FLUO";"29/07/2015 16:23:54";58,99;58,99;100000926;TREESCO;0;"CAZA 2015-16";"BF21, BF22, BF23, CSW, RBE23, RBV22, REVER242";"14/04/2023 16:17:18";100028368;"100010674
"
515493;1;"MOCHILA DE LODEN";"29/07/2015 16:27:49";58;59,99;100001798;"STAR WORLD INTERNATIONAL";0;"COMPETICION 2017, CAZA 2019-2020, CAZA 2018-2019, CAZA 2017-2018, CAZA 2016-2017, CAZA 2015-16";"BF21, BF22, BF23, CAZA2021, CSW, IRN21, RBE22, RBE23, RBE24, RBV22, RBV23, RECOMENDADO, REGALAR, REVER242, RV21, TOP VENTAS";;100028370;"100010676
"
515507-D;2;"TERMO LAKEN KATUKI 0.5L DA";"23/04/2018 12:28:15";23,99;29,95;7033;"LAKEN S.A.";5;;"BF21, BF22, BF23, CAMINO, OUTLET, RBE22, RBE23, RBE24, RBV22, RBV23, REVER242";;100073292;"100025513
"
515507-J;2;"TERMO LAKEN KATUKI 0.5L J";"23/04/2018 12:28:14";23,99;29,95;7033;"LAKEN S.A.";2;;"BF21, BF22, BF23, CAMINO, OUTLET, RBE22, RBE23, RBE24, RBV22, RBV23, REVER242";;100073293;"100025513
"
515507-T;2;"TERMO LAKEN KATUKI 0.5L TV";"23/04/2018 12:28:14";23,99;29,95;7033;"LAKEN S.A.";2;;"BF21, BF22, BF23, CAMINO, OUTLET, RBE22, RBE23, RBE24, RBV22, RBV23, REVER242";;100073296;"100025513
"
515508-35;2;"PLANTILLA FOOTGEL SPORT T-35-38";"05/06/2018 17:34:39";11,99;15,99;100002163;INYERASP,S.L.;1;;"BF23, OUTLET, RBE24, RBV23, REVER242, RV21";;100076917;"100026550
"
515509-35;2;"PLANTILLA SRA FOOTGEL USO DIARIO T-35-38";"05/06/2018 17:34:39";10,99;14,99;100002163;INYERASP,S.L.;5;;"BF23, OUTLET, RBE24, RBV23, REVER242";;100076920;"100026551
"
515509-39;2;"PLANTILLA SRA FOOTGEL USO DIARIO T-39-42";"05/06/2018 17:34:39";10,99;14,99;100002163;INYERASP,S.L.;1;;"BF23, OUTLET, RBE24, RBV23, REVER242";;100076921;"100026551
"
515511-35;2;"PLANTILLA FOOTGEL CAMINO DE SANTIAGO T-35-38";"05/06/2018 17:34:40";13,99;19,99;100002163;INYERASP,S.L.;6;;"BF21, BF22, BF23, CAMINO, OUTLET, RBE22, RBE23, RBE24, RBV22, RBV23, REVER242, RV21";;100076924;"100026553
"
515557;1;"MOCHILA DE LODEN LUXE";"13/06/2017 17:08:11";55,99;79,99;100001798;"STAR WORLD INTERNATIONAL";37;"CAZA 2019-2020, CAZA 2018-2019, CAZA 2017-2018";"BF21, BF22, BF23, CAZA2021, HORAS23, IRN22, LB23, RBE22, RBE23, RBE24, RBV22, RBV23, RECOMENDADO, REGALAR, REVER242, RV21, TOP VENTAS";;100058105;"100021608
"
515558;1;"BOLSO MORRAL LODEN LUXE";"13/06/2017 17:09:25";59,99;59,99;100001798;"STAR WORLD INTERNATIONAL";22;"CAZA 2019-2020, CAZA 2018-2019, CAZA 2017-2018";"BF21, BF22, BF23, CSW, HORAS23, IRN21, IRN22, RBE22, RBE23, RBE24, RBV22, RBV23, RECOMENDADO, REVER242";;100058087;"100021601
"
515560;2;"MOCHILA ASIENTO ULTRA";"13/06/2017 17:11:18";69,99;99,95;100001798;"STAR WORLD INTERNATIONAL";21;"CAZA 2019-2020, CAZA 2018-2019, CAZA 2017-2018";"BF21, BF22, BF23, CAZA2021, HORAS23, LB23, OUTLET, RBE22, RBE23, RBE24, RBV22, RBV23, REGALAR, REVER242, RV21, SD21";;100058113;"100021610
"
516049;1;"AFILADOR ELECTRICO PROFESIONAL";"05/08/2011 15:45:33";59,99;149;100000987;"SMITH'S CONSUMER PRODUCTS";11;"PESCA 2015, COMPETICION 2017, COMPETICION 2015, CAZA 2019-2020, CAZA 2018-2019, CAZA 2017-2018, CAZA 2016-2017, CAZA 2015-16, CAZA 2014-15";"BF21, BF22, BF23, COMPARADOR, COMP_FR, COMP_PT, HORAS23, IRN21, IRN22, MICROPRECIOS CAZA 20-21, RBE22, RBE23, RBE24, RBV22, RBV23, RECOMENDADO, REVER242, RV21";;426659;"34346
"
516068;2;"SMITH'S SUPERTOOL";"07/03/2017 18:58:33";28,99;29,99;100000987;"SMITH'S CONSUMER PRODUCTS";2;"NAUTICA 2017, COMPETICION 2017, CAZA 2019-2020, CAZA 2018-2019, CAZA 2017-2018";"BF21, BF22, BF23, CAMINO, IRN21, IRN22, RBE22, RBE23, RBE24, RBV22, RBV23, RECOMENDADO, REGALAR, REVER242, TOP VENTAS";;100049062;"100017929
"
516070;1;"CALIENTAMANOS CON LINTERNA Y CARGADOR DE MOVIL";"01/08/2018 13:40:02";39,99;49,99;73009;"GSM, LLC";31;"CAZA 2019-2020, CAZA 2018-2019";"BF21, BF22, BF23, CAMINO, COMUNIONES, HORAS23, IRN21, IRN22, RBE22, RBE23, RBE24, RBV22, RBV23, RECOMENDADO, REVER242, RII-RAE";;100078187;"100026967
"
516071;2;"SMITH'S PACK CUCHILLO + AFILADOR";"08/08/2018 16:34:28";39,99;39,99;100000987;"SMITH'S CONSUMER PRODUCTS";4;"CAZA 2019-2020, CAZA 2018-2019";"BERREA, BF21, BF22, BF23, IRN21, IRN22, MICROPRECIOS CAZA 20-21, RBE22, RBE23, RBE24, RBV22, RBV23, REVER242";;100078142;"100026926
"
516082-M;2;"Chaqueta HART KERNIG-J - Talla M";"24/10/2018 13:54:17";199;199;1254;"EVIA SUMINISTROS EVIA, S.L.";0;;"BF21, BF22, BF23, RBE22, RBE23, RBE24, RBV23, REVER242, SD21, TEMPORADA_INVIERNO";"01/09/2021 11:00:09";100083780;"100028416
"
516244-M;2;"PANTALON FORESTER ELASTICO A6550 CRO AIGLE FA13-14 T.M";"29/05/2009 17:21:19";69,99;99,99;1244;"AIGLE-TIM SPORT,S.L.";1;;"BF22, BF23, LB22, LB23, OUTLET, RBE22, RBE23, RBE24, RBV22, RBV23, REVER242, RV21, SD21, TEMPORADA_INVIERNO";;415081;"32053
"
516632-M;2;"POLAR SOFTSHELL CON CALEFACCION ALPENHEAT NEGRA T.M";"06/08/2010 10:43:06";149,99;249,99;9050;"MANUFACTURAS DEPORTIVAS VIPER, S.A.";0;;"CALEFACTADO, OUTLET, REVER242";;420288;"33319
"
516632-XL;2;"POLAR SOFTSHELL CON CALEFACCION  ALPENHEAT NEGRA T.XL";"06/08/2010 10:44:22";129,99;199,99;9050;"MANUFACTURAS DEPORTIVAS VIPER, S.A.";4;;"BF21, BF22, CALEFACTADO, LB22, OUTLET, RBE22, RBE23, RBV22, REVER242, RV21, SD21, TEMPORADA_INVIERNO";;420290;"33319
"
516633-L;2;"CHALECO POLAR CON CALEFACCION ALPENHEAT  T.L";"06/08/2010 10:47:16";159,99;159,99;9050;"MANUFACTURAS DEPORTIVAS VIPER, S.A.";2;;REVER242;;420292;"33320
"
516824-L;1;"CHALECO PERCUSSION CLASSIC BORDADO T-L";"16/06/2011 14:01:28";56,99;56,99;100000926;TREESCO;1;"CAZA 2020-2021 (WEB), CAZA 2019-2020, CAZA 2018-2019, CAZA 2017-2018, CAZA 2016-2017, CAZA 2015-16, CAZA 2014-15";"BF21, BF22, BF23, CSW, IRN21, IRN22, RBE22, RBE23, RBE24, RBV23, RECOMENDADO, REVER242, RV21";;426924;"34441
"
516824-M;1;"CHALECO PERCUSSION CLASSIC BORDADO T-M";"16/06/2011 14:01:27";56,99;56,99;100000926;TREESCO;2;"CAZA 2020-2021 (WEB), CAZA 2019-2020, CAZA 2018-2019, CAZA 2017-2018, CAZA 2016-2017, CAZA 2015-16, CAZA 2014-15";"BF21, BF22, BF23, CSW, IRN21, IRN22, RBE23, RBE24, RBV23, RECOMENDADO, REVER242, RV21";;426923;"34441
"
516824-S;1;"CHALECO PERCUSSION CLASSIC BORDADO T-S";"26/06/2019 15:52:07";56,99;56,99;100000926;TREESCO;0;"CAZA 2020-2021 (WEB), CAZA 2019-2020";"BF22, BF23, CSW, IRN21, IRN22, RBE22, RBE23, RBE24, RBV23, REVER242, RV21";"14/04/2023 16:17:17";100119768;"34441
"
516824-XL;1;"CHALECO PERCUSSION CLASSIC BORDADO T-XL";"16/06/2011 14:01:28";56,99;56,99;100000926;TREESCO;0;"CAZA 2020-2021 (WEB), CAZA 2019-2020, CAZA 2018-2019, CAZA 2017-2018, CAZA 2016-2017, CAZA 2015-16, CAZA 2014-15";"BF21, BF22, BF23, CSW, IRN21, IRN22, RBE22, RBE23, RBE24, RBV23, RECOMENDADO, REVER242, RV21";;426925;"34441
"
516824-XXL;1;"CHALECO PERCUSSION CLASSIC BORDADO T-XXL";"16/06/2011 14:01:28";56,99;56,99;100000926;TREESCO;1;"CAZA 2020-2021 (WEB), CAZA 2019-2020, CAZA 2018-2019, CAZA 2017-2018, CAZA 2016-2017, CAZA 2015-16, CAZA 2014-15";"BF21, BF22, BF23, CSW, IRN21, IRN22, RBE22, RBE23, RBE24, RBV23, RECOMENDADO, REVER242, RV21";;426926;"34441
"
516824-XXXL;1;"CHALECO PERCUSSION CLASSIC BORDADO T-XXXL";"09/09/2013 10:06:35";56,99;56,99;100000926;TREESCO;1;"CAZA 2020-2021 (WEB), CAZA 2019-2020, CAZA 2018-2019, CAZA 2017-2018, CAZA 2016-2017, CAZA 2015-16, CAZA 2014-15";"BF21, BF22, BF23, COMP_FR, COMP_PT, CSW, IRN21, IRN22, RBE22, RBE23, RBE24, RBV23, REVER242, RV21";;100028076;"34441
"
516824-XXXXL;1;"CHALECO PERCUSSION CLASSIC BORDADO T-XXXXL";"22/07/2014 11:34:16";56,99;56,99;100000926;TREESCO;0;"CAZA 2020-2021 (WEB), CAZA 2019-2020, CAZA 2018-2019, CAZA 2017-2018, CAZA 2016-2017, CAZA 2015-16, CAZA 2014-15";"BF22, BF23, CSW, IRN22, RBE23, RBE24, RBV23, REVER242, RV21";;100028077;"34441
"
516826-38;1;"PANTALON REHALA T-38";"22/06/2017 17:51:23";46,99;46,99;100000926;TREESCO;2;"CAZA 2020-2021 (WEB), CAZA 2018-2019, CAZA 2017-2018";"BF21, BF22, BF23, CSW, RBE23, RBE24, RBV23, REVER242, RV21";"14/04/2023 16:17:17";100119606;"34489
"
516826-40;1;"PANTALON REHALA T-40";"22/07/2014 11:34:16";46,99;46,99;100000926;TREESCO;0;"CAZA 2020-2021 (WEB), CAZA 2018-2019, CAZA 2016-2017, CAZA 2015-16, CAZA 2014-15";"BF21, BF22, BF23, CSW, RBE23, RBE24, RBV23, REVER242, RV21";;100038779;"34489
"
516826-42;1;"PANTALON REHALA T-42";"16/06/2011 14:01:28";46,99;46,99;100000926;TREESCO;2;"CAZA 2020-2021 (WEB), CAZA 2018-2019, CAZA 2016-2017, CAZA 2015-16, CAZA 2014-15";"BF21, BF22, BF23, CSW, RBE22, RBE23, RBE24, RBV23, REVER242, RV21";;427205;"34489
"
516826-44;1;"PANTALON REHALA T-44";"16/06/2011 14:01:28";46,99;46,99;100000926;TREESCO;0;"CAZA 2020-2021 (WEB), CAZA 2018-2019, CAZA 2016-2017, CAZA 2015-16, CAZA 2014-15";"BF21, BF22, BF23, CSW, RBE23, RBE24, RBV23, REVER242, RV21";;427206;"34489
"
516826-46;1;"PANTALON REHALA T-46";"16/06/2011 14:01:28";46,99;46,99;100000926;TREESCO;1;"CAZA 2020-2021 (WEB), CAZA 2018-2019, CAZA 2016-2017, CAZA 2015-16, CAZA 2014-15";"BF21, BF22, BF23, CSW, RBE23, RBE24, RBV23, REVER242, RV21";;427207;"34489
"
516826-48;1;"PANTALON REHALA T-48";"16/06/2011 14:01:28";46,99;46,99;100000926;TREESCO;1;"CAZA 2020-2021 (WEB), CAZA 2018-2019, CAZA 2016-2017, CAZA 2015-16, CAZA 2014-15";"BF21, BF22, BF23, CSW, RBE23, RBE24, RBV23, REVER242, RV21";;427208;"34489
"
516826-50;1;"PANTALON REHALA T-50";"16/06/2011 14:01:28";46,99;46,99;100000926;TREESCO;0;"CAZA 2020-2021 (WEB), CAZA 2018-2019, CAZA 2016-2017, CAZA 2015-16, CAZA 2014-15";"BF21, BF22, BF23, CSW, RBE22, RBE23, RBE24, RBV23, REVER242, RV21";;427209;"3448/06/2013 12:33:50";47,99;47,99;100000926;TREESCO;0;"CAZA 2020-2021 (WEB), CAZA 2019-2020, CAZA 2018-2019, CAZA 2017-2018, CAZA 2016-2017, CAZA 2015-16, CAZA 2014-15";"BF22, BF23, CSW, IRN21, IRN22, RBE23, RBE24, RBV23, REGALAR, REVER242, TEMPORADA_INVIERNO";;100009682;"100004111
"
517360V59;1;"SOMBRERO INDIANA PERCUSSION VERDE T-59";"21/06/2013 12:33:51";47,99;47,99;100000926;TREESCO;4;"CAZA 2020-2021 (WEB), CAZA 2019-2020, CAZA 2018-2019, CAZA 2017-2018, CAZA 2016-2017, CAZA 2015-16, CAZA 2014-15";"BF22, BF23, CSW, IRN21, IRN22, RBE23, RBE24, RBV23, REGALAR, REVER242, TEMPORADA_INVIERNO";;100009683;"100004111
"
517360V61-62;1;"SOMBRERO INDIANA PERCUSSION VERDE T-61/62";"21/06/2013 12:33:51";47,99;47,99;100000926;TREESCO;1;"CAZA 2020-2021 (WEB), CAZA 2019-2020, CAZA 2018-2019, CAZA 2017-2018, CAZA 2016-2017, CAZA 2015-16, CAZA 2014-15";"BF21, BF22, BF23, CSW, IRN21, IRN22, RBE22, RBE23, RBE24, RBV23, REGALAR, REVER242, TEMPORADA_INVIERNO";;100009684;"100004111
"
517386-S;2;"PANTALON CHIRUCA ORFEO CON MEMBRANA FA61 T-S";"17/07/2014 11:45:15";79,99;113,99;9009;"CALZADOS FAL S.A.";1;"CAZA 2015-16, CAZA 2014-15";"LB22, OUTLET, RBE22, RBE23, RBE24, REVER242, TEMPORADA_INVIERNO";;100184372;"100004068
"
517421XXL-XXXL;2;"PANTALON INTERIOR CONFORT T.XXL/XXXL";"29/07/2013 17:53:10";14,99;29,99;1244;"AIGLE-TIM SPORT,S.L.";1;"CAZA 2016-2017, CAZA 2015-16, CAZA 2014-15";"BF23, LB22, LB23, OUTLET, RBE22, RBE23, RBE24, RBV22, RBV23, REVER242, RV21, TEMPORADA_INVIERNO";;100010090;"100021246
"
517433;1;"M. MOCHILA PEQUEÑA DE CAZA ROJA ";"26/03/2015 18:31:22";43,99;43,99;9009;"CALZADOS FAL S.A.";0;;REVER242;;100024908;"100009385
"
517434;1;"M. MOCHILA PEQUEÑA DE CAZA MORADA";"26/03/2015 18:31:22";43,99;43,99;9009;"CALZADOS FAL S.A.";0;;REVER242;;100024909;"100009385
"
517436-L;2;"GUANTES DE TIRO CHAMPION  T.L";"30/07/2013 12:58:41";19,99;39,99;100001287;"DRAGON GLOVES";12;"CAZA 2015-16, CAZA 2014-15";"BF21, BF22, BF23, LB23, OUTLET, RBE22, RBE23, RBE24, RBV22, RBV23, REVER242, RV21, SD21";;100009598;"100004081
"
517436-XL;2;"GUANTES DE TIRO CHAMPION T.XL";"30/07/2013 12:59:18";19,99;39,99;100001287;"DRAGON GLOVES";11;"CAZA 2015-16, CAZA 2014-15";"BF21, BF22, BF23, LB23, OUTLET, RBE22, RBE23, RBE24, RBV22, RBV23, REVER242, RV21, SD21";;100009600;"100004081
"
517437-L;2;"GUANTE DE PIEL COCKER T.L";"30/07/2013 13:01:09";29,99;49,95;100001287;"DRAGON GLOVES";11;"CAZA 2018-2019, CAZA 2017-2018, CAZA 2016-2017, CAZA 2015-16, CAZA 2014-15";"BF21, BF22, BF23, LB23, OUTLET, RBE22, RBE23, RBE24, RBV22, RBV23, REVER242, RV21, SD21";;100009648;"100004098
"
517439-L;2;"GUANTE PODENCO CON SYMPATEX Y PRIMALOFT T.L";"30/07/2013 13:07:35";29,99;69,99;100001287;"DRAGON GLOVES";9;;"BF21, BF22, BF23, LB23, OUTLET, RBE22, RBE23, RBE24, RBV22, RBV23, REVER242, RV21, SD21";;100009663;"100004103
"
517439-XL;2;"GUANTE PODENCO CON SYMPATEX Y PRIMALOFT T.XL";"30/07/2013 13:08:09";29,99;69,99;100001287;"DRAGON GLOVES";0;;"BF21, BF22, BF23, LB23, OUTLET, RBE22, RBE23, RBE24, RBV22, RBV23, REVER242, RV21, SD21";;100009664;"100004103
"
517443V-L;2;"GUANTE POINTER VELCRO T.L";"30/07/2013 13:34:39";20,99;29,99;100001287;"DRAGON GLOVES";47;"CAZA 2018-2019, CAZA 2017-2018, CAZA 2016-2017, CAZA 2015-16, CAZA 2014-15";"BF21, BF22, BF23, LB23, OUTLET, RBE22, RBE23, RBE24, RBV22, RBV23, REVER242, RV21, SD21";;100009645;"100021258
"
517444-M;2;"GUANTE + MANOPLA TECKEL EN POLARTEC WINDBLOCK  COLOR NEGRO T.M";"30/07/2013 13:56:28";37,99;49,95;100001287;"DRAGON GLOVES";1;;"BF22, BF23, LB23, OUTLET, RBE22, RBE23, RBE24, RBV22, RBV23, REVER242, RV21";;100009870;"100004101
"
517447-4;2;"PANTALON JUNIOR CAMU T-4";"31/07/2013 14:37:11";31,99;49,99;100000926;TREESCO;1;"CAZA 2015-16, CAZA 2014-15";"BF21, BF22, BF23, JUNIOR, LB23, OUTLET, RBE22, RBE23, RBE24, RBV22, RBV23, REVER242, RV21";"14/04/2023 16:17:18";100009986;"100004242
"
517588-L;2;"JERSEY CBO PERCUSSION CUELLO REDONDO T.L";"09/09/2013 17:13:59";55,99;55,99;100000926;TREESCO;3;;"BF21, BF22, BF23, LB22, RBE22, RBE23, RBE24, RBV22, RBV23, REVER242, RV21, SD21, TEMPORADA_INVIERNO";;100098505;"100032776
"
517588-S;2;"JERSEY CBO PERCUSSION CUELLO REDONDO T.S";"13/08/2019 9:44:35";55,99;55,99;100000926;TREESCO;2;;"BF21, BF22, BF23, LB22, RBE22, RBE23, RBE24, RBV22, RBV23, REVER242, RV21, SD21, TEMPORADA_INVIERNO";;100098498;"100032776
"
517694-XXXL;2;"PARKA BIETERLAND FA 15-16 T-XXXL";"09/06/2014 19:46:20";124,99;176,95;1254;"EVIA SUMINISTROS EVIA, S.L.";0;;"LB22, LB23, OUTLET, RBE22, RBE23, RBE24, REVER242, TEMPORADA_INVIERNO";;100185416;"100056129
"
517723-38;2;"PANTALON CLASSIC ALGODON T-38";"24/07/2014 17:36:23";19,99;29,99;100001707;"CONFECCIONES GARRIDO Y MUÑOZ, S.L";1;"CAZA 2015-16, CAZA 2014-15";"BF21, BF22, CSW, LB22, OUTLET, RBE22, RBE23, RBV22, REVER242";;100018250;"100007159
"
517723-42;2;"PANTALON CLASSIC ALGODON T-42";"24/07/2014 17:36:23";19,99;29,99;100001707;"CONFECCIONES GARRIDO Y MUÑOZ, S.L";1;"CAZA 2015-16, CAZA 2014-15";"BF22, CSW, LB22, OUTLET, RBE22, RBE23, RBV22, REVER242, RV21";;100018252;"100007159
"
517723-56;2;"PANTALON CLASSIC ALGODON T-56";"24/07/2014 17:36:24";19,99;29,99;100001707;"CONFECCIONES GARRIDO Y MUÑOZ, S.L";0;"CAZA 2015-16, CAZA 2014-15";"BF21, BF22, CSW, LB22, OUTLET, RBE22, RBE23, RBV22, REVER242";;100018259;"100007159
"
517731-52;2;"PANTALON PREMIUM ELASTICO Y ANTIESPINO T-52 (58 ITALIANA)";"24/07/2014 17:54:06";54,99;77,99;72974;"UNISPORT HOLDING S.R.L.";1;"COMPETICION 2015, CAZA 2014-15";"BF22, BF23, LB22, LB23, OUTLET, RBE22, RBE24, RBV22, RBV23, REVER242, RV21, TEMPORADA_INVIERNO";;100018237;"100007157
"
517731-54;2;"PANTALON PREMIUM ELASTICO Y ANTIESPINO T-54 (60 ITALIANA)";"24/07/2014 17:54:06";54,99;77,99;72974;"UNISPORT HOLDING S.R.L.";2;"COMPETICION 2015, CAZA 2014-15";"BF22, BF23, LB23, OUTLET, RBE23, RBE24, RBV22, RBV23, REVER242, RV21, TEMPORADA_INVIERNO";;100018238;"100007157
"
518104-L;2;"M. PANTALON TRANGO SRA BONCHI FA15-16 T.L";"25/08/2015 11:06:40";69,99;99,95;1213;TRANGO;1;;"BF21, MUJER, OUTLET, RBE22, REVER242, RV21, TEMPORADA_INVIERNO";;100102583;"100033906
"
518226-4;2;"GORRA JR GRIS OUTDOORS SS16T-4-6";"15/03/2016 17:36:19";10,99;17,99;100003018;"REGATTA LTD";2;;"BF23, JUNIOR, LB23, OUTLET, RBE24, RBV22, RBV23, REVER242, RV21";;100034699;"100013067
"
518227-4;2;"GORRA JR ROSA OUTDOORS SS16T-4-6";"15/03/2016 17:36:19";10,99;17,99;100003018;"REGATTA LTD";2;;"BF23, JUNIOR, LB23, OUTLET, RBE22, RBE24, RBV22, RBV23, REVER242, RV21";;100034692;"100013067
"
518227-7;2;"GORRA JR ROSA OUTDOORS SS16T-7-10";"15/03/2016 17:36:19";10,99;17,99;100003018;"REGATTA LTD";1;;"BF23, JUNIOR, LB23, OUTLET, RBE24, RBV22, RBV23, REVER242, RV21";;100034694;"100013067
"
518250-L;2;"CAMISA SRA SPAGNOLO 1754 SS16 T-L";"21/03/2016 14:53:26";19,99;49,99;100000327;"PAUL & ESTHER,  S.L.";1;;"OUTLET, RBV22, RBV23, REVER242, RV21";;100034993;"100013131
"
518250-M;2;"CAMISA SRA SPAGNOLO 1754 SS16 T-M";"21/03/2016 14:53:26";19,99;49,99;100000327;"PAUL & ESTHER,  S.L.";1;;"OUTLET, RBV22, RBV23, REVER242, RV21";;100034992;"100013131
"
518250-XL;2;"CAMISA SRA SPAGNOLO 1754 SS16 T-XL";"21/03/2016 14:53:26";19,99;49,99;100000327;"PAUL & ESTHER,  S.L.";1;;"OUTLET, RBV22, RBV23, REVER242, RV21";;100034994;"100013131
"
518251-L;2;"CAMISA SRA SPAGNOLO 1760 SS16 T-L";"21/03/2016 14:53:26";19,99;49,99;100000327;"PAUL & ESTHER,  S.L.";2;;"OUTLET, RBV22, RBV23, REVER242, RV21";;100034988;"100013131
"
518251-XL;2;"CAMISA SRA SPAGNOLO 1760 SS16 T-XL";"21/03/2016 14:53:26";19,99;49,99;100000327;"PAUL & ESTHER,  S.L.";1;;"OUTLET, RBE22, RBV22, RBV23, REVER242, RV21";;100034989;"100013131
"
518267-L;1;"CHALECO ARMOTION T-L";"25/05/2016 10:48:04";98,99;99,95;1254;"EVIA SUMINISTROS EVIA, S.L.";1;"CAZA 2019-2020, CAZA 2018-2019";"BF21, BF22, BF23, IRN21, RBE22, RBE23, RBE24, RBV23, RECOMENDADO, REVER242, TEMPORADA_INVIERNO";"01/03/2024 13:15:05";100038664;"100014447
"
518267-M;1;"CHALECO ARMOTION T-M";"25/05/2016 10:48:04";98,99;99,95;1254;"EVIA SUMINISTROS EVIA, S.L.";1;"CAZA 2019-2020, CAZA 2018-2019";"BF21, BF22, BF23, IRN21, RBE22, RBE23, RBE24, RBV23, RECOMENDADO, REVER242, TEMPORADA_INVIERNO";"01/03/2024 13:15:05";100038663;"100014447
"
518267-S;1;"CHALECO ARMOTION T-S";"25/05/2016 10:48:04";98,99;99,95;1254;"EVIA SUMINISTROS EVIA, S.L.";0;"CAZA 2019-2020, CAZA 2018-2019";"BF21, BF22, BF23, COMPARADOR, COMP_FR, COMP_PT, IRN21, PRECIO_FIJO, RBE22, RBE23, RBE24, RBV23, RECOMENDADO, REVER242, TEMPORADA_INVIERNO";"01/03/2024 13:15:05";100038662;"100014447
"
517360V55;1;"SOMBRERO INDIANA PERCUSSION VERDE T-55";"21/06/2013 12:33:50";47,99;47,99;100000926;TREESCO;0;"CAZA 2020-2021 (WEB), CAZA 2019-2020, CAZA 2018-2019, CAZA 2017-2018, CAZA 2016-2017, CAZA 2015-16, CAZA 2014-15";"BF22, BF23, CSW, IRN21, RBE23, RBE24, RBV23, REVER242";;100009681;"100004111
"
517360V57;1;"SOMBRERO INDIANA PERCUSSION VERDE T-57";"21/06/2013 12:33:50";47,99;47,99;100000926;TREESCO;0;"CAZA 2020-2021 (WEB), CAZA 2019-2020, CAZA 2018-2019, CAZA 2017-2018, CAZA 2016-2017, CAZA 2015-16, CAZA 2014-15";"BF22, BF23, CSW, IRN21, IRN22, RBE23, RBE24, RBV23, REGALAR, REVER242, TEMPORADA_INVIERNO";;100009682;"100004111
"
517360V59;1;"SOMBRERO INDIANA PERCUSSION VERDE T-59";"21/06/2013 12:33:51";47,99;47,99;100000926;TREESCO;4;"CAZA 2020-2021 (WEB), CAZA 2019-2020, CAZA 2018-2019, CAZA 2017-2018, CAZA 2016-2017, CAZA 2015-16, CAZA 2014-15";"BF22, BF23, CSW, IRN21, IRN22, RBE23, RBE24, RBV23, REGALAR, REVER242, TEMPORADA_INVIERNO";;100009683;"100004111
"
517360V61-62;1;"SOMBRERO INDIANA PERCUSSION VERDE T-61/62";"21/06/2013 12:33:51";47,99;47,99;100000926;TREESCO;1;"CAZA 2020-2021 (WEB), CAZA 2019-2020, CAZA 2018-2019, CAZA 2017-2018, CAZA 2016-2017, CAZA 2015-16, CAZA 2014-15";"BF21, BF22, BF23, CSW, IRN21, IRN22, RBE22, RBE23, RBE24, RBV23, REGALAR, REVER242, TEMPORADA_INVIERNO";;100009684;"100004111
"
517386-S;2;"PANTALON CHIRUCA ORFEO CON MEMBRANA FA61 T-S";"17/07/2014 11:45:15";79,99;113,99;9009;"CALZADOS FAL S.A.";1;"CAZA 2015-16, CAZA 2014-15";"LB22, OUTLET, RBE22, RBE23, RBE24, REVER242, TEMPORADA_INVIERNO";;100184372;"100004068
"
517421XXL-XXXL;2;"PANTALON INTERIOR CONFORT T.XXL/XXXL";"29/07/2013 17:53:10";14,99;29,99;1244;"AIGLE-TIM SPORT,S.L.";1;"CAZA 2016-2017, CAZA 2015-16, CAZA 2014-15";"BF23, LB22, LB23, OUTLET, RBE22, RBE23, RBE24, RBV22, RBV23, REVER242, RV21, TEMPORADA_INVIERNO";;100010090;"100021246
"
517433;1;"M. MOCHILA PEQUEÑA DE CAZA ROJA ";"26/03/2015 18:31:22";43,99;43,99;9009;"CALZADOS FAL S.A.";0;;REVER242;;100024908;"100009385
"
517434;1;"M. MOCHILA PEQUEÑA DE CAZA MORADA";"26/03/2015 18:31:22";43,99;43,99;9009;"CALZADOS FAL S.A.";0;;REVER242;;100024909;"100009385
"
517436-L;2;"GUANTES DE TIRO CHAMPION  T.L";"30/07/2013 12:58:41";19,99;39,99;100001287;"DRAGON GLOVES";12;"CAZA 2015-16, CAZA 2014-15";"BF21, BF22, BF23, LB23, OUTLET, RBE22, RBE23, RBE24, RBV22, RBV23, REVER242, RV21, SD21";;100009598;"100004081
"
517436-XL;2;"GUANTES DE TIRO CHAMPION T.XL";"30/07/2013 12:59:18";19,99;39,99;100001287;"DRAGON GLOVES";11;"CAZA 2015-16, CAZA 2014-15";"BF21, BF22, BF23, LB23, OUTLET, RBE22, RBE23, RBE24, RBV22, RBV23, REVER242, RV21, SD21";;100009600;"100004081
"
517437-L;2;"GUANTE DE PIEL COCKER T.L";"30/07/2013 13:01:09";29,99;49,95;100001287;"DRAGON GLOVES";11;"CAZA 2018-2019, CAZA 2017-2018, CAZA 2016-2017, CAZA 2015-16, CAZA 2014-15";"BF21, BF22, BF23, LB23, OUTLET, RBE22, RBE23, RBE24, RBV22, RBV23, REVER242, RV21, SD21";;100009648;"100004098
"
517439-L;2;"GUANTE PODENCO CON SYMPATEX Y PRIMALOFT T.L";"30/07/2013 13:07:35";29,99;69,99;100001287;"DRAGON GLOVES";9;;"BF21, BF22, BF23, LB23, OUTLET, RBE22, RBE23, RBE24, RBV22, RBV23, REVER242, RV21, SD21";;100009663;"100004103
"
517439-XL;2;"GUANTE PODENCO CON SYMPATEX Y PRIMALOFT T.XL";"30/07/2013 13:08:09";29,99;69,99;100001287;"DRAGON GLOVES";0;;"BF21, BF22, BF23, LB23, OUTLET, RBE22, RBE23, RBE24, RBV22, RBV23, REVER242, RV21, SD21";;100009664;"100004103
"
517443V-L;2;"GUANTE POINTER VELCRO T.L";"30/07/2013 13:34:39";20,99;29,99;100001287;"DRAGON GLOVES";47;"CAZA 2018-2019, CAZA 2017-2018, CAZA 2016-2017, CAZA 2015-16, CAZA 2014-15";"BF21, BF22, BF23, LB23, OUTLET, RBE22, RBE23, RBE24, RBV22, RBV23, REVER242, RV21, SD21";;100009645;"100021258
"
517444-M;2;"GUANTE + MANOPLA TECKEL EN POLARTEC WINDBLOCK  COLOR NEGRO T.M";"30/07/2013 13:56:28";37,99;49,95;100001287;"DRAGON GLOVES";1;;"BF22, BF23, LB23, OUTLET, RBE22, RBE23, RBE24, RBV22, RBV23, REVER242, RV21";;100009870;"100004101
"
517447-4;2;"PANTALON JUNIOR CAMU T-4";"31/07/2013 14:37:11";31,99;49,99;100000926;TREESCO;1;"CAZA 2015-16, CAZA 2014-15";"BF21, BF22, BF23, JUNIOR, LB23, OUTLET, RBE22, RBE23, RBE24, RBV22, RBV23, REVER242, RV21";"14/04/2023 16:17:18";100009986;"100004242
"
517588-L;2;"JERSEY CBO PERCUSSION CUELLO REDONDO T.L";"09/09/2013 17:13:59";55,99;55,99;100000926;TREESCO;3;;"BF21, BF22, BF23, LB22, RBE22, RBE23, RBE24, RBV22, RBV23, REVER242, RV21, SD21, TEMPORADA_INVIERNO";;100098505;"100032776
"
517588-S;2;"JERSEY CBO PERCUSSION CUELLO REDONDO T.S";"13/08/2019 9:44:35";55,99;55,99;100000926;TREESCO;2;;"BF21, BF22, BF23, LB22, RBE22, RBE23, RBE24, RBV22, RBV23, REVER242, RV21, SD21, TEMPORADA_INVIERNO";;100098498;"100032776
"
517694-XXXL;2;"PARKA BIETERLAND FA 15-16 T-XXXL";"09/06/2014 19:46:20";124,99;176,95;1254;"EVIA SUMINISTROS EVIA, S.L.";0;;"LB22, LB23, OUTLET, RBE22, RBE23, RBE24, REVER242, TEMPORADA_INVIERNO";;100185416;"100056129
"
517723-38;2;"PANTALON CLASSIC ALGODON T-38";"24/07/2014 17:36:23";19,99;29,99;100001707;"CONFECCIONES GARRIDO Y MUÑOZ, S.L";1;"CAZA 2015-16, CAZA 2014-15";"BF21, BF22, CSW, LB22, OUTLET, RBE22, RBE23, RBV22, REVER242";;100018250;"100007159
"
517723-42;2;"PANTALON CLASSIC ALGODON T-42";"24/07/2014 17:36:23";19,99;29,99;100001707;"CONFECCIONES GARRIDO Y MUÑOZ, S.L";1;"CAZA 2015-16, CAZA 2014-15";"BF22, CSW, LB22, OUTLET, RBE22, RBE23, RBV22, REVER242, RV21";;100018252;"100007159
"
517723-56;2;"PANTALON CLASSIC ALGODON T-56";"24/07/2014 17:36:24";19,99;29,99;100001707;"CONFECCIONES GARRIDO Y MUÑOZ, S.L";0;"CAZA 2015-16, CAZA 2014-15";"BF21, BF22, CSW, LB22, OUTLET, RBE22, RBE23, RBV22, REVER242";;100018259;"100007159
"
517731-52;2;"PANTALON PREMIUM ELASTICO Y ANTIESPINO T-52 (58 ITALIANA)";"24/07/2014 17:54:06";54,99;77,99;72974;"UNISPORT HOLDING S.R.L.";1;"COMPETICION 2015, CAZA 2014-15";"BF22, BF23, LB22, LB23, OUTLET, RBE22, RBE24, RBV22, RBV23, REVER242, RV21, TEMPORADA_INVIERNO";;100018237;"100007157
"
517731-54;2;"PANTALON PREMIUM ELASTICO Y ANTIESPINO T-54 (60 ITALIANA)";"24/07/2014 17:54:06";54,99;77,99;72974;"UNISPORT HOLDING S.R.L.";2;"COMPETICION 2015, CAZA 2014-15";"BF22, BF23, LB23, OUTLET, RBE23, RBE24, RBV22, RBV23, REVER242, RV21, TEMPORADA_INVIERNO";;100018238;"100007157
"
518104-L;2;"M. PANTALON TRANGO SRA BONCHI FA15-16 T.L";"25/08/2015 11:06:40";69,99;99,95;1213;TRANGO;1;;"BF21, MUJER, OUTLET, RBE22, REVER242, RV21, TEMPORADA_INVIERNO";;100102583;"100033906
"
518226-4;2;"GORRA JR GRIS OUTDOORS SS16T-4-6";"15/03/2016 17:36:19";10,99;17,99;100003018;"REGATTA LTD";2;;"BF23, JUNIOR, LB23, OUTLET, RBE24, RBV22, RBV23, REVER242, RV21";;100034699;"100013067
"
518227-4;2;"GORRA JR ROSA OUTDOORS SS16T-4-6";"15/03/2016 17:36:19";10,99;17,99;100003018;"REGATTA LTD";2;;"BF23, JUNIOR, LB23, OUTLET, RBE22, RBE24, RBV22, RBV23, REVER242, RV21";;100034692;"100013067
"
518227-7;2;"GORRA JR ROSA OUTDOORS SS16T-7-10";"15/03/2016 17:36:19";10,99;17,99;100003018;"REGATTA LTD";1;;"BF23, JUNIOR, LB23, OUTLET, RBE24, RBV22, RBV23, REVER242, RV21";;100034694;"100013067
"
518250-L;2;"CAMISA SRA SPAGNOLO 1754 SS16 T-L";"21/03/2016 14:53:26";19,99;49,99;100000327;"PAUL & ESTHER,  S.L.";1;;"OUTLET, RBV22, RBV23, REVER242, RV21";;100034993;"100013131
"
518250-M;2;"CAMISA SRA SPAGNOLO 1754 SS16 T-M";"21/03/2016 14:53:26";19,99;49,99;100000327;"PAUL & ESTHER,  S.L.";1;;"OUTLET, RBV22, RBV23, REVER242, RV21";;100034992;"100013131
"
518250-XL;2;"CAMISA SRA SPAGNOLO 1754 SS16 T-XL";"21/03/2016 14:53:26";19,99;49,99;100000327;"PAUL & ESTHER,  S.L.";1;;"OUTLET, RBV22, RBV23, REVER242, RV21";;100034994;"100013131
"
518251-L;2;"CAMISA SRA SPAGNOLO 1760 SS16 T-L";"21/03/2016 14:53:26";19,99;49,99;100000327;"PAUL & ESTHER,  S.L.";2;;"OUTLET, RBV22, RBV23, REVER242, RV21";;100034988;"100013131
"
518251-XL;2;"CAMISA SRA SPAGNOLO 1760 SS16 T-XL";"21/03/2016 14:53:26";19,99;49,99;100000327;"PAUL & ESTHER,  S.L.";1;;"OUTLET, RBE22, RBV22, RBV23, REVER242, RV21";;100034989;"100013131
"
518267-L;1;"CHALECO ARMOTION T-L";"25/05/2016 10:48:04";98,99;99,95;1254;"EVIA SUMINISTROS EVIA, S.L.";1;"CAZA 2019-2020, CAZA 2018-2019";"BF21, BF22, BF23, IRN21, RBE22, RBE23, RBE24, RBV23, RECOMENDADO, REVER242, TEMPORADA_INVIERNO";"01/03/2024 13:15:05";100038664;"100014447
"
518267-M;1;"CHALECO ARMOTION T-M";"25/05/2016 10:48:04";98,99;99,95;1254;"EVIA SUMINISTROS EVIA, S.L.";1;"CAZA 2019-2020, CAZA 2018-2019";"BF21, BF22, BF23, IRN21, RBE22, RBE23, RBE24, RBV23, RECOMENDADO, REVER242, TEMPORADA_INVIERNO";"01/03/2024 13:15:05";100038663;"100014447
"
518267-S;1;"CHALECO ARMOTION T-S";"25/05/2016 10:48:04";98,99;99,95;1254;"EVIA SUMINISTROS EVIA, S.L.";0;"CAZA 2019-2020, CAZA 2018-2019";"BF21, BF22, BF23, COMPARADOR, COMP_FR, COMP_PT, IRN21, PRECIO_FIJO, RBE22, RBE23, RBE24, RBV23, RECOMENDADO, REVER242, TEMPORADA_INVIERNO";"01/03/2024 13:15:05";100038662;"100014447
"
518267-XL;1;"CHALECO ARMOTION T-XL";"25/05/2016 10:48:04";98,99;99,95;1254;"EVIA SUMINISTROS EVIA, S.L.";1;"CAZA 2019-2020, CAZA 2018-2019";"BF21, BF22, BF23, IRN21, RBE22, RBE23, RBE24, RBV23, RECOMENDADO, REVER242, TEMPORADA_INVIERNO";"01/03/2024 13:15:05";100038666;"100014447
"
518267-XXL;1;"CHALECO ARMOTION T-XXL";"25/05/2016 10:48:04";98,99;99,95;1254;"EVIA SUMINISTROS EVIA, S.L.";0;"CAZA 2019-2020, CAZA 2018-2019";"BF21, BF22, BF23, IRN21, RBE22, RBE23, RBE24, RBV23, RECOMENDADO, REVER242, TEMPORADA_INVIERNO";"01/03/2024 13:15:05";100038665;"100014447
"
518267-XXXL;1;"CHALECO ARMOTION T-XXXL";"25/05/2016 10:48:04";98,99;99,95;1254;"EVIA SUMINISTROS EVIA, S.L.";3;"CAZA 2019-2020, CAZA 2018-2019";"BF21, BF22, BF23, IRN21, RBE22, RBE23, RBE24, RBV23, RECOMENDADO, REVER242, TEMPORADA_INVIERNO";"01/03/2024 13:15:05";100038667;"100014447
"
518274-XXL;2;"PARKA ARMOTION EVO T-XXL";"25/05/2016 10:55:23";169,99;225;1254;"EVIA SUMINISTROS EVIA, S.L.";0;"CAZA 2016-2017";"BF21, BF22, BF23, LB22, LB23, OUTLET, RBE22, RBE23, RBE24, RBV23, REVER242, RV21, SD21, TEMPORADA_INVIERNO";"01/03/2023 15:32:56";100038630;"100014442
"
518274-XXXL;2;"PARKA ARMOTION EVO T-XXXL";"25/05/2016 10:55:23";99,99;225;1254;"EVIA SUMINISTROS EVIA, S.L.";3;"CAZA 2016-2017";"BF21, BF22, BF23, LB22, LB23, OUTLET, RBE22, RBE23, RBE24, RBV23, REVER242, RV21, SD21, TEMPORADA_INVIERNO";"01/03/2023 15:32:56";100038631;"100014442
"
518298-L;1;"CHALECO REVERSIBLE VERDE/GHOST CAMO MITIC T-L";"15/06/2016 11:40:01";59,99;59,99;100000926;TREESCO;0;"CAZA 2019-2020, CAZA 2018-2019, CAZA 2017-2018, CAZA 2016-2017";"BF21, BF22, BF23, CSW, IRN21, RBE22, RBE23, RBE24, RBV22, REVER242";;100039949;"100014970
"
518298-M;1;"CHALECO REVERSIBLE VERDE/GHOST CAMO MITIC T-M";"15/06/2016 11:40:01";59,99;59,99;100000926;TREESCO;0;"CAZA 2019-2020, CAZA 2018-2019, CAZA 2017-2018, CAZA 2016-2017";"BF21, BF22, BF23, CSW, IRN21, RBE22, RBE23, RBE24, RBV22, REVER242";"14/04/2023 16:17:17";100039948;"100014970
"
518298-M;1;"CHALECO REVERSIBLE VERDE/GHOST CAMO MITIC T-M";"15/06/2016 11:40:01";59,99;59,99;100000926;TREESCO;0;"CAZA 2019-2020, CAZA 2018-2019, CAZA 2017-2018, CAZA 2016-2017";"BF21, BF22, BF23, CSW, IRN21, RBE22, RBE23, RBE24, RBV22, REVER242";"14/04/2023 16:17:17";100039948;"100014970
"
518298-XL;1;"CHALECO REVERSIBLE VERDE/GHOST CAMO MITIC T-XL";"15/06/2016 11:40:01";59,99;59,99;100000926;TREESCO;0;"CAZA 2019-2020, CAZA 2018-2019, CAZA 2017-2018, CAZA 2016-2017";"BF21, BF22, BF23, CSW, IRN21, RBE22, RBE23, RBE24, RBV22, REVER242";;100039950;"100014970
"
518298-XL;1;"CHALECO REVERSIBLE VERDE/GHOST CAMO MITIC T-XL";"15/06/2016 11:40:01";59,99;59,99;100000926;TREESCO;0;"CAZA 2019-2020, CAZA 2018-2019, CAZA 2017-2018, CAZA 2016-2017";"BF21, BF22, BF23, CSW, IRN21, RBE22, RBE23, RBE24, RBV22, REVER242";;100039950;"100014970
"
518298-XXL;1;"CHALECO REVERSIBLE VERDE/GHOST CAMO MITIC T-XXL";"15/06/2016 11:40:01";59,99;59,99;100000926;TREESCO;0;"CAZA 2019-2020, CAZA 2018-2019, CAZA 2017-2018, CAZA 2016-2017";"BF21, BF22, BF23, CSW, IRN21, RBE22, RBE23, RBE24, RBV22, REVER242";;100039951;"100014970
"
518298-XXL;1;"CHALECO REVERSIBLE VERDE/GHOST CAMO MITIC T-XXL";"15/06/2016 11:40:01";59,99;59,99;100000926;TREESCO;0;"CAZA 2019-2020, CAZA 2018-2019, CAZA 2017-2018, CAZA 2016-2017";"BF21, BF22, BF23, CSW, IRN21, RBE22, RBE23, RBE24, RBV22, REVER242";;100039951;"100014970
"
518298-XXXL;1;"CHALECO REVERSIBLE VERDE/GHOST CAMO MITIC T-XXXL";"15/06/2016 11:40:01";59,99;59,99;100000926;TREESCO;0;"CAZA 2019-2020, CAZA 2018-2019, CAZA 2017-2018, CAZA 2016-2017";"BF21, BF22, BF23, CSW, IRN21, RBE22, RBE23, RBE24, RBV22, REVER242";;100039952;"100014970
"
518298-XXXL;1;"CHALECO REVERSIBLE VERDE/GHOST CAMO MITIC T-XXXL";"15/06/2016 11:40:01";59,99;59,99;100000926;TREESCO;0;"CAZA 2019-2020, CAZA 2018-2019, CAZA 2017-2018, CAZA 2016-2017";"BF21, BF22, BF23, CSW, IRN21, RBE22, RBE23, RBE24, RBV22, REVER242";;100039952;"100014970
"
518302-L;1;"CAZADORA POLAR T-L";"15/06/2016 11:40:01";44,99;44,99;100000926;TREESCO;0;"CAZA 2020-2021 (WEB)";"BF21, BF22, BF23, CSW, RBE22, RBE24, RBV22, REVER242";;100038792;"100014480
"
518302-L;1;"CAZADORA POLAR T-L";"15/06/2016 11:40:01";44,99;44,99;100000926;TREESCO;0;"CAZA 2020-2021 (WEB)";"BF21, BF22, BF23, CSW, RBE22, RBE24, RBV22, REVER242";;100038792;"100014480
"
518302-M;1;"CAZADORA POLAR T-M";"15/06/2016 11:40:01";44,99;44,99;100000926;TREESCO;0;"CAZA 2020-2021 (WEB)";"BF21, BF22, BF23, CSW, RBE22, RBE24, RBV22, REVER242";;100038791;"100014480
"
518302-M;1;"CAZADORA POLAR T-M";"15/06/2016 11:40:01";44,99;44,99;100000926;TREESCO;0;"CAZA 2020-2021 (WEB)";"BF21, BF22, BF23, CSW, RBE22, RBE24, RBV22, REVER242";;100038791;"100014480
"
518302-S;1;"CAZADORA POLAR T-S";"15/06/2016 11:40:01";44,99;44,99;100000926;TREESCO;0;"CAZA 2020-2021 (WEB)";"BF21, BF22, BF23, CSW, RBE22, RBE24, RBV22, REVER242";;100038790;"100014480
"
518302-S;1;"CAZADORA POLAR T-S";"15/06/2016 11:40:01";44,99;44,99;100000926;TREESCO;0;"CAZA 2020-2021 (WEB)";"BF21, BF22, BF23, CSW, RBE22, RBE24, RBV22, REVER242";;100038790;"100014480
"
518302-XL;1;"CAZADORA POLAR T-XL";"15/06/2016 11:40:01";44,99;44,99;100000926;TREESCO;1;"CAZA 2020-2021 (WEB)";"BF21, BF22, BF23, CSW, RBE22, RBE24, RBV22, REVER242";;100038793;"100014480
"
518302-XL;1;"CAZADORA POLAR T-XL";"15/06/2016 11:40:01";44,99;44,99;100000926;TREESCO;1;"CAZA 2020-2021 (WEB)";"BF21, BF22, BF23, CSW, RBE22, RBE24, RBV22, REVER242";;100038793;"100014480
"
518302-XXL;1;"CAZADORA POLAR T-XXL";"15/06/2016 11:40:01";44,99;44,99;100000926;TREESCO;0;"CAZA 2020-2021 (WEB)";"BF21, BF22, BF23, LB23, RBE22, RBE24, RBV22, REVER242";;100038794;"100014480
"
518302-XXL;1;"CAZADORA POLAR T-XXL";"15/06/2016 11:40:01";44,99;44,99;100000926;TREESCO;0;"CAZA 2020-2021 (WEB)";"BF21, BF22, BF23, LB23, RBE22, RBE24, RBV22, REVER242";;100038794;"100014480
"
518302-XXXL;1;"CAZADORA POLAR T-XXXL";"15/06/2016 11:40:02";44,99;44,99;100000926;TREESCO;0;"CAZA 2020-2021 (WEB)";"BF21, BF22, BF23, CSW, LB23, RBE22, RBE24, RBV22, REVER242, RV21";;100038795;"100014480
"
518302-XXXL;1;"CAZADORA POLAR T-XXXL";"15/06/2016 11:40:02";44,99;44,99;100000926;TREESCO;0;"CAZA 2020-2021 (WEB)";"BF21, BF22, BF23, CSW, LB23, RBE22, RBE24, RBV22, REVER242, RV21";;100038795;"100014480
"
518307-L;1;"SOFTSHELL TOLEDO FLUO T-L";"15/06/2016 12:28:37";85,99;85,99;100000926;TREESCO;0;"CAZA 2020-2021 (WEB), CAZA 2019-2020, CAZA 2018-2019, CAZA 2017-2018, CAZA 2016-2017";"BF21, BF22, BF23, CSW, IRN22, RBE22, RBE23, RBE24, RBV22, REVER242, RV21, TEMPORADA_INVIERNO";;100038786;"100014479
"
518307-L;1;"SOFTSHELL TOLEDO FLUO T-L";"15/06/2016 12:28:37";85,99;85,99;100000926;TREESCO;0;"CAZA 2020-2021 (WEB), CAZA 2019-2020, CAZA 2018-2019, CAZA 2017-2018, CAZA 2016-2017";"BF21, BF22, BF23, CSW, IRN22, RBE22, RBE23, RBE24, RBV22, REVER242, RV21, TEMPORADA_INVIERNO";;100038786;"100014479
"
518307-M;1;"SOFTSHELL TOLEDO FLUOT-M";"15/06/2016 12:28:37";85,99;85,99;100000926;TREESCO;0;"CAZA 2020-2021 (WEB), CAZA 2019-2020, CAZA 2018-2019, CAZA 2017-2018, CAZA 2016-2017";"BF21, BF22, BF23, CSW, IRN22, RBE22, RBE23, RBE24, RBV22, REVER242, RV21, TEMPORADA_INVIERNO";"14/04/2023 16:17:17";100038785;"100014479
"
518307-M;1;"SOFTSHELL TOLEDO FLUOT-M";"15/06/2016 12:28:37";85,99;85,99;100000926;TREESCO;0;"CAZA 2020-2021 (WEB), CAZA 2019-2020, CAZA 2018-2019, CAZA 2017-2018, CAZA 2016-2017";"BF21, BF22, BF23, CSW, IRN22, RBE22, RBE23, RBE24, RBV22, REVER242, RV21, TEMPORADA_INVIERNO";"14/04/2023 16:17:17";100038785;"100014479
"
518307-XL;1;"SOFTSHELL TOLEDO FLUO T-XL";"15/06/2016 12:28:37";85,99;85,99;100000926;TREESCO;0;"CAZA 2020-2021 (WEB), CAZA 2019-2020, CAZA 2018-2019, CAZA 2017-2018, CAZA 2016-2017";"BF21, BF22, BF23, CSW, IRN22, RBE22, RBE23, RBE24, RBV22, REVER242, RV21, TEMPORADA_INVIERNO";;100038787;"100014479
"
518307-XL;1;"SOFTSHELL TOLEDO FLUO T-XL";"15/06/2016 12:28:37";85,99;85,99;100000926;TREESCO;0;"CAZA 2020-2021 (WEB), CAZA 2019-2020, CAZA 2018-2019, CAZA 2017-2018, CAZA 2016-2017";"BF21, BF22, BF23, CSW, IRN22, RBE22, RBE23, RBE24, RBV22, REVER242, RV21, TEMPORADA_INVIERNO";;100038787;"100014479
"
518307-XXL;1;"SOFTSHELL TOLEDO FLUO T-XXL";"15/06/2016 12:28:37";85,99;85,99;100000926;TREESCO;2;"CAZA 2020-2021 (WEB), CAZA 2019-2020, CAZA 2018-2019, CAZA 2017-2018, CAZA 2016-2017";"BF21, BF22, BF23, CSW, IRN22, RBE22, RBE23, RBE24, RBV22, REVER242, RV21, TEMPORADA_INVIERNO";;100038788;"100014479
"
518307-XXL;1;"SOFTSHELL TOLEDO FLUO T-XXL";"15/06/2016 12:28:37";85,99;85,99;100000926;TREESCO;2;"CAZA 2020-2021 (WEB), CAZA 2019-2020, CAZA 2018-2019, CAZA 2017-2018, CAZA 2016-2017";"BF21, BF22, BF23, CSW, IRN22, RBE22, RBE23, RBE24, RBV22, REVER242, RV21, TEMPORADA_INVIERNO";;100038788;"100014479
"
518307-XXXL;1;"SOFTSHELL TOLEDO FLUO T-XXXL";"15/06/2016 12:28:37";85,99;85,99;100000926;TREESCO;0;"CAZA 2020-2021 (WEB), CAZA 2019-2020, CAZA 2018-2019, CAZA 2017-2018, CAZA 2016-2017";"BF21, BF22, BF23, CSW, IRN22, RBE22, RBE23, RBE24, RBV22, REVER242, RV21, TEMPORADA_INVIERNO";;100038789;"100014479
"
518307-XXXL;1;"SOFTSHELL TOLEDO FLUO T-XXXL";"15/06/2016 12:28:37";85,99;85,99;100000926;TREESCO;0;"CAZA 2020-2021 (WEB), CAZA 2019-2020, CAZA 2018-2019, CAZA 2017-2018, CAZA 2016-2017";"BF21, BF22, BF23, CSW, IRN22, RBE22, RBE23, RBE24, RBV22, REVER242, RV21, TEMPORADA_INVIERNO";;100038789;"100014479
"
518308-L;1;"POLAR VERNEY CARRON REVERSIBLE T-L";"16/06/2016 16:23:18";69,99;71,95;100001427;"CISAS (CILVC)";0;"CAZA 2019-2020, CAZA 2018-2019, CAZA 2017-2018, CAZA 2016-2017";"BF21, BF22, BF23, CSW, RBE22, RBE23, RBE24, RBV22, REVER242";;100039988;"100014982
"
518308-L;1;"POLAR VERNEY CARRON REVERSIBLE T-L";"16/06/2016 16:23:18";69,99;71,95;100001427;"CISAS (CILVC)";0;"CAZA 2019-2020, CAZA 2018-2019, CAZA 2017-2018, CAZA 2016-2017";"BF21, BF22, BF23, CSW, RBE22, RBE23, RBE24, RBV22, REVER242";;100039988;"100014982
"
518308-M;1;"POLAR VERNEY CARRON REVERSIBLE T-M";"16/06/2016 16:23:18";69,99;71,95;100001427;"CISAS (CILVC)";0;"CAZA 2019-2020, CAZA 2018-2019, CAZA 2017-2018, CAZA 2016-2017";"BF21, BF22, BF23, CSW, RBE22, RBE23, RBE24, RBV22, REVER242";"24/08/2022 16:06:23";100039987;"100014982
"
518308-M;1;"POLAR VERNEY CARRON REVERSIBLE T-M";"16/06/2016 16:23:18";69,99;71,95;100001427;"CISAS (CILVC)";0;"CAZA 2019-2020, CAZA 2018-2019, CAZA 2017-2018, CAZA 2016-2017";"BF21, BF22, BF23, CSW, RBE22, RBE23, RBE24, RBV22, REVER242";"24/08/2022 16:06:23";100039987;"100014982
"
518308-XL;1;"POLAR VERNEY CARRON REVERSIBLE T-XL";"16/06/2016 16:23:18";69,99;71,95;100001427;"CISAS (CILVC)";0;"CAZA 2019-2020, CAZA 2018-2019, CAZA 2017-2018, CAZA 2016-2017";"BF21, BF22, BF23, CSW, RBE22, RBE23, RBE24, RBV22, REVER242";;100039989;"100014982
"
518308-XL;1;"POLAR VERNEY CARRON REVERSIBLE T-XL";"16/06/2016 16:23:18";69,99;71,95;100001427;"CISAS (CILVC)";0;"CAZA 2019-2020, CAZA 2018-2019, CAZA 2017-2018, CAZA 2016-2017";"BF21, BF22, BF23, CSW, RBE22, RBE23, RBE24, RBV22, REVER242";;100039989;"100014982
"
518308-XXL;1;"POLAR VERNEY CARRON REVERSIBLE T-XXL";"16/06/2016 16:23:18";69,99;71,95;100001427;"CISAS (CILVC)";0;"CAZA 2019-2020, CAZA 2018-2019, CAZA 2017-2018, CAZA 2016-2017";"BF21, BF22, BF23, CSW, RBE22, RBE23, RBE24, RBV22, REVER242";;100039990;"100014982
"
518308-XXL;1;"POLAR VERNEY CARRON REVERSIBLE T-XXL";"16/06/2016 16:23:18";69,99;71,95;100001427;"CISAS (CILVC)";0;"CAZA 2019-2020, CAZA 2018-2019, CAZA 2017-2018, CAZA 2016-2017";"BF21, BF22, BF23, CSW, RBE22, RBE23, RBE24, RBV22, REVER242";;100039990;"100014982
"
518308-XXXL;1;"POLAR VERNEY CARRON REVERSIBLE T-XXXL";"16/06/2016 16:23:18";69,99;71,95;100001427;"CISAS (CILVC)";0;"CAZA 2019-2020, CAZA 2018-2019, CAZA 2017-2018, CAZA 2016-2017";"BF21, BF22, BF23, CSW, RBE22, RBE23, RBE24, RBV22, REVER242, TEMPORADA_INVIERNO";;100039991;"100014982
"
518308-XXXL;1;"POLAR VERNEY CARRON REVERSIBLE T-XXXL";"16/06/2016 16:23:18";69,99;71,95;100001427;"CISAS (CILVC)";0;"CAZA 2019-2020, CAZA 2018-2019, CAZA 2017-2018, CAZA 2016-2017";"BF21, BF22, BF23, CSW, RBE22, RBE23, RBE24, RBV22, REVER242, TEMPORADA_INVIERNO";;100039991;"100014982
"
518411-40;2;"PANTALON CHINO BASICO 0777 TALLA 40";"29/08/2018 10:49:40";27,99;39,99;100000327;"PAUL & ESTHER,  S.L.";1;;"LB22, OUTLET, RBV22, RBV23, REVER242, RV21";;100079317;"100027333
"
518411-40;2;"PANTALON CHINO BASICO 0777 TALLA 40";"29/08/2018 10:49:40";27,99;39,99;100000327;"PAUL & ESTHER,  S.L.";1;;"LB22, OUTLET, RBV22, RBV23, REVER242, RV21";;100079317;"100027333
"
518614-S;2;"CAMISETA TERMICA VERNEY CARRION T-S";"14/08/2019 9:36:46";19,99;39,99;100001427;"CISAS (CILVC)";0;;"BF21, OUTLET, RBE22, REVER242, TEMPORADA_INVIERNO";;100097724;"100032411
"
518614-S;2;"CAMISETA TERMICA VERNEY CARRION T-S";"14/08/2019 9:36:46";19,99;39,99;100001427;"CISAS (CILVC)";0;;"BF21, OUTLET, RBE22, REVER242, TEMPORADA_INVIERNO";;100097724;"100032411
"
518616-L;2;"PARKA SALOME SRA. VERNEY CARRION T-L";"14/08/2019 9:36:46";49,99;55,99;100001427;"CISAS (CILVC)";1;;"BF21, BF22, BF23, LB22, LB23, MUJER, OUTLET, RBE22, RBE23, RBE24, RBV22, RBV23, REVER242, RV21, TEMPORADA_INVIERNO";;100097720;"100032407
"
518616-L;2;"PARKA SALOME SRA. VERNEY CARRION T-L";"14/08/2019 9:36:46";49,99;55,99;100001427;"CISAS (CILVC)";1;;"BF21, BF22, BF23, LB22, LB23, MUJER, OUTLET, RBE22, RBE23, RBE24, RBV22, RBV23, REVER242, RV21, TEMPORADA_INVIERNO";;100097720;"100032407
"
518616-XL;2;"PARKA SALOME SRA. VERNEY CARRION T-XL";"14/08/2019 9:36:46";49,99;55,99;100001427;"CISAS (CILVC)";2;;"BF21, BF22, BF23, LB22, LB23, MUJER, OUTLET, RBE22, RBE23, RBE24, RBV22, RBV23, REVER242, RV21, TEMPORADA_INVIERNO";;100097721;"100032407
"
518616-XL;2;"PARKA SALOME SRA. VERNEY CARRION T-XL";"14/08/2019 9:36:46";49,99;55,99;100001427;"CISAS (CILVC)";2;;"BF21, BF22, BF23, LB22, LB23, MUJER, OUTLET, RBE22, RBE23, RBE24, RBV22, RBV23, REVER242, RV21, TEMPORADA_INVIERNO";;100097721;"100032407
"
518616-XXL;2;"PARKA SALOME SRA. VERNEY CARRION T-XXL";"14/08/2019 9:36:46";49,99;55,99;100001427;"CISAS (CILVC)";3;;"BF21, BF22, BF23, LB22, LB23, MUJER, OUTLET, RBE22, RBE23, RBE24, RBV22, RBV23, REVER242, RV21, TEMPORADA_INVIERNO";;100097722;"100032407
"
518616-XXL;2;"PARKA SALOME SRA. VERNEY CARRION T-XXL";"14/08/2019 9:36:46";49,99;55,99;100001427;"CISAS (CILVC)";3;;"BF21, BF22, BF23, LB22, LB23, MUJER, OUTLET, RBE22, RBE23, RBE24, RBV22, RBV23, REVER242, RV21, TEMPORADA_INVIERNO";;100097722;"100032407
"
518644-12;2;"M. PANTALON SRA ESSENTIAL FA61 T.12";"22/08/2016 19:56:41";79,99;119,99;7009;"CLEMENTE GOMEZ DE ZAMORA S.A.";1;;"MUJER, OUTLET, RBE22, REVER242, RV21, TEMPORADA_INVIERNO";;100040962;"100015347
"
518644-12;2;"M. PANTALON SRA ESSENTIAL FA61 T.12";"22/08/2016 19:56:41";79,99;119,99;7009;"CLEMENTE GOMEZ DE ZAMORA S.A.";1;;"MUJER, OUTLET, RBE22, REVER242, RV21, TEMPORADA_INVIERNO";;100040962;"100015347
"
518661-XXL;2;"PANTALON CRO TRANGO GODEL FA61 T-XXL";"21/09/2016 12:19:16";49,99;79,99;1213;TRANGO;1;;"BF22, LB22, OUTLET, RBE22, RBE23, RBV22, RBV23, REVER242, RV21, TEMPORADA_INVIERNO";;100042151;"100015670
"
518687-S;2;"CHAQUETA  BERETTA QUICK DRY SS71 T-S";"10/02/2017 18:20:49";99,99;159,99;8007;"BERETTA BENELLI IBERICA, S.A.";0;;"BF22, BF23, LB22, LB23, OUTLET, PRECIO_FIJO, RBE22, RBE23, RBV22, RBV23, REVER242, RV21, SD21";"31/07/2020 10:46:42";100048219;"100017726
"
518706-10;2;"PARKA JR WITTON GREEN REGATTA SS17 T-9-10";"20/02/2017 12:36:59";19,99;31,99;100003018;"REGATTA LTD";3;;"BF22, BF23, JUNIOR, LB22, LB23, OUTLET, RBE23, RBE24, RBV22, RBV23, REVER242";;100048795;"100017858
"
518706-16;2;"PARKA JR WITTON GREEN REGATTA SS17 T-15-16";"20/02/2017 12:36:59";22,99;31,99;100003018;"REGATTA LTD";1;;"BF22, BF23, JUNIOR, LB22, LB23, OUTLET, RBE23, RBE24, RBV22, RBV23, REVER242";;100048798;"100017858
"
518707-40;2;"PANTALON ELASTICO CRO XERT REGATTA SS71 T-40";"20/02/2017 12:36:56";39,99;62,99;100003018;"REGATTA LTD";1;;"BF22, CAMINO, LB22, OUTLET, RBE23, RBV22, RBV23, REVER242, RV21";;100048801;"100017859
"
518707-50;2;"PANTALON ELASTICO CRO XERT REGATTA SS71 T-50";"20/02/2017 12:36:56";39,99;62,99;100003018;"REGATTA LTD";1;;"CAMINO, RBV22, RBV23, REVER242, RV21";;100048806;"100017859
"
518717-46;2;"D. ZAPATILLA VARANE REGATTA T-46";"20/02/2017 12:36:56";49,99;69,95;100003018;"REGATTA LTD";1;;"BF22, CAMINO, OUTLET, RBE23, RBV22, RBV23, REVER242, RV21";;100048875;"100017868
"
518725-S;2;"CAMISA PANA REGATTA MARRON FA71-81 T-S";"12/05/2017 11:44:11";29,99;44,99;100003018;"REGATTA LTD";0;;"BF21, BF22, OUTLET, RBE22, RBE23, RBV22, REVER242, TEMPORADA_INVIERNO";;100054487;"100021647
"
518748-L;1;"CHALECO HART TAVERA T-L";"05/06/2017 19:16:21";48,99;69,95;1254;"EVIA SUMINISTROS EVIA, S.L.";2;"CAZA 2019-2020, CAZA 2018-2019, CAZA 2017-2018";"BF21, BF22, BF23, RBE22, RBE23, RBE24, RBV23, REVER242, RV21";"01/03/2024 13:15:04";100055592;"100020517
"
518843-M;2;"D. GUANTE BERETTA PRO MESH FINGERLESS T-M";"19/02/2018 16:02:26";44,99;44,99;8007;"BERETTA BENELLI IBERICA, S.A.";3;;"PRECIO_FIJO, RBV23, REVER242";"11/03/2024 18:41:02";100072668;"100025273
"
518843-S;2;"D. GUANTE BERETTA PRO MESH FINGERLESS T-S";"20/02/2020 14:57:19";44,99;45;8007;"BERETTA BENELLI IBERICA, S.A.";1;;"PRECIO_FIJO, RBV22, REVER242";"18/03/2024 19:09:28";100106574;"100025273
"
518843-XL;2;"D. GUANTE BERETTA PRO MESH FINGERLESS T-XL";"19/02/2018 16:02:26";44,99;44,99;8007;"BERETTA BENELLI IBERICA, S.A.";4;;"PRECIO_FIJO, RBV23, REVER242";"11/03/2024 18:41:02";100072671;"100025273
"
518843-XXL;2;"D. GUANTE BERETTA PRO MESH FINGERLESS T-XXL";"20/02/2020 14:57:19";44,99;45;8007;"BERETTA BENELLI IBERICA, S.A.";2;;"PRECIO_FIJO, REVER242";"18/03/2024 19:09:28";100106575;"100025273
"
518844-L;2;"D. GUANTE BERETTA MESH SS02 T-L";"19/02/2018 16:02:26";54,99;54,99;8007;"BERETTA BENELLI IBERICA, S.A.";2;;"PRECIO_FIJO, RBE24, RBV23, REVER242";"11/03/2024 18:41:02";100072665;"100025271
"
518844-M;2;"D. GUANTE BERETTA MESH SS02 T-M";"19/02/2018 16:02:26";54,99;54,99;8007;"BERETTA BENELLI IBERICA, S.A.";5;;"PRECIO_FIJO, RBE24, RBV23, REVER242";"11/03/2024 18:41:02";100072666;"100025271
"
518844-S;2;"D. GUANTE BERETTA TARGET LEATHER T-S";"28/02/2020 13:34:21";54,99;55;8007;"BERETTA BENELLI IBERICA, S.A.";1;;"PRECIO_FIJO, REVER242";"18/03/2024 19:09:30";100107297;"100025271
"
518844-XL;2;"D. GUANTE BERETTA MESH SS02 T-XL";"19/02/2018 16:02:26";54,99;54,99;8007;"BERETTA BENELLI IBERICA, S.A.";4;;"PRECIO_FIJO, RBE24, RBV23, REVER242";"11/03/2024 18:41:02";100072667;"100025271
"
518844-XXL;2;"D. GUANTE BERETTA TARGET LEATHER T-XXL";"28/02/2020 13:34:21";54,99;55;8007;"BERETTA BENELLI IBERICA, S.A.";1;;"PRECIO_FIJO, REVER242";"18/03/2024 19:09:30";100107298;"100025271
"
518857-54;2;"PANTALON AIGLE CAMOSON KAKI SS81 T-54";"05/03/2018 13:57:57";39,99;75,99;1244;"AIGLE-TIM SPORT,S.L.";1;;"BF22, BF23, LB22, LB23, OUTLET, RBE23, RBV22, RBV23, REVER242, RV21";;100071625;"100025043
"
518861-L;2;"GORRA TRANGO ATACAMA 7EO-L SS81";"05/03/2018 17:51:38";24,99;34,99;1213;TRANGO;1;;"BF22, BF23, CAMINO, LB23, OUTLET, RBE23, RBE24, RBV22, RBV23, REVER242";;100071851;"100025124
"
518861-M;2;"GORRA TRANGO ATACAMA 7E0- M SS81";"11/03/2019 12:59:19";24,99;34,99;1213;TRANGO;1;;"BF21, BF22, BF23, CAMINO, LB23, OUTLET, RBE22, RBE23, RBE24, RBV22, RBV23, REVER242, RV21";;100093376;"100025124
"
518873-36;2;"SANDALIA LADY SANTA CRUZ T.36";"23/04/2018 12:19:41";24,99;34,95;100003018;"REGATTA LTD";1;;"BF22, MUJER, OUTLET, RBV22, RBV23, REVER242";;100075183;"100025997
"
518874-41;2;"SANDALIA CRO TERRAROCK T.41";"23/04/2018 12:19:42";27,99;39,95;100003018;"REGATTA LTD";1;;"BF23, OUTLET, RBE24, RBV23, REVER242";;100075189;"100025999
"
518877-2XL;1;"CHALECO POLAR GRANADA T.2XL";"03/05/2018 18:05:29";39,99;39,99;7003;"BENISPORT (JOSE MONLLOR, S.L.)";2;"CAZA 2019-2020, CAZA 2018-2019";"BF23, RBE22, RBE24, RBV22, RBV23, REVER242, TEMPORADA_INVIERNO";"07/06/2024 11:20:15";100073710;"100025625
"
518877-3XL;1;"CHALECO POLAR GRANADA T.3XL";"03/05/2018 18:05:29";39,99;39,99;7003;"BENISPORT (JOSE MONLLOR, S.L.)";0;"CAZA 2019-2020, CAZA 2018-2019";"BF23, RBE22, RBE24, RBV22, RBV23, REVER242, TEMPORADA_INVIERNO";"07/06/2024 11:20:15";100073711;"100025625
"
518877-4XL;1;"CHALECO POLAR GRANADA T.4XL";"03/05/2018 18:05:29";43,99;43,99;7003;"BENISPORT (JOSE MONLLOR, S.L.)";0;"CAZA 2019-2020, CAZA 2018-2019";"BF23, RBE22, RBE24, RBV22, RBV23, REVER242, TEMPORADA_INVIERNO";"07/06/2024 11:20:15";100073712;"100025625
"
518877-5XL;1;"CHALECO POLAR GRANADA T.5XL";"03/05/2018 18:05:29";43,99;43,99;7003;"BENISPORT (JOSE MONLLOR, S.L.)";0;"CAZA 2019-2020, CAZA 2018-2019";"BF23, RBE22, RBE24, RBV22, RBV23, REVER242, TEMPORADA_INVIERNO";"07/06/2024 11:20:15";100073713;"100025625
"
518877-6XL;1;"CHALECO POLAR GRANADA T.6XL";"03/05/2018 18:05:29";43,99;43,99;7003;"BENISPORT (JOSE MONLLOR, S.L.)";0;"CAZA 2019-2020, CAZA 2018-2019";"BF23, RBE22, RBE24, RBV22, RBV23, REVER242, TEMPORADA_INVIERNO";"07/06/2024 11:20:15";100073714;"100025625
"
518877-L;1;"CHALECO POLAR GRANADA T.L";"03/05/2018 18:05:29";39,99;39,99;7003;"BENISPORT (JOSE MONLLOR, S.L.)";2;"CAZA 2019-2020, CAZA 2018-2019";"BF23, RBE22, RBE24, RBV22, RBV23, REVER242, TEMPORADA_INVIERNO";"07/06/2024 11:20:15";100073708;"100025625
"
518877-M;1;"CHALECO POLAR GRANADA T.M";"03/05/2018 18:05:29";39,99;39,99;7003;"BENISPORT (JOSE MONLLOR, S.L.)";0;"CAZA 2019-2020, CAZA 2018-2019";"BF23, RBE22, RBE24, RBV22, RBV23, REVER242, TEMPORADA_INVIERNO";"07/06/2024 11:20:15";100073707;"100025625
"
518877-S;1;"CHALECO POLAR GRANADA T.S";"03/05/2018 18:05:29";39,99;39,99;7003;"BENISPORT (JOSE MONLLOR, S.L.)";0;"CAZA 2019-2020, CAZA 2018-2019";"BF23, RBE22, RBE24, RBV22, RBV23, REVER242, TEMPORADA_INVIERNO";"07/06/2024 11:20:15";100073706;"100025625
"
518877-XL;1;"CHALECO POLAR GRANADA T.XL";"03/05/2018 18:05:29";39,99;39,99;7003;"BENISPORT (JOSE MONLLOR, S.L.)";3;"CAZA 2019-2020, CAZA 2018-2019";"BF23, RBE22, RBE24, RBV22, RBV23, REVER242, TEMPORADA_INVIERNO";"07/06/2024 11:20:15";100073709;"100025625
"
518879-2XL;1;"CHAQUETA POLAR CAZORLA FA32-42 T.2XL";"03/05/2018 18:05:28";47,99;47,99;7003;"BENISPORT (JOSE MONLLOR, S.L.)";0;"CAZA 2019-2020, CAZA 2018-2019";"BF21, BF22, BF23, RBE22, RBE23, RBE24, RBV22, RBV23, REVER242, TEMPORADA_INVIERNO";"07/06/2024 11:20:15";100073701;"100025624
"
518879-3XL;1;"CHAQUETA POLAR CAZORLA FA32-42 T.3XL";"03/05/2018 18:05:28";47,99;47,99;7003;"BENISPORT (JOSE MONLLOR, S.L.)";0;"CAZA 2019-2020, CAZA 2018-2019";"BF21, BF22, BF23, RBE22, RBE23, RBE24, RBV22, RBV23, REVER242, TEMPORADA_INVIERNO";"07/06/2024 11:20:15";100073702;"100025624
"
518879-L;1;"CHAQUETA POLAR CAZORLA FA32-42 T.L";"03/05/2018 18:05:28";47,99;47,99;7003;"BENISPORT (JOSE MONLLOR, S.L.)";3;"CAZA 2019-2020, CAZA 2018-2019";"BF21, BF22, BF23, RBE22, RBE23, RBE24, RBV22, RBV23, REVER242, RV21, TEMPORADA_INVIERNO";"07/06/2024 11:20:15";100073699;"100025624
"
518879-M;1;"CHAQUETA POLAR CAZORLA FA32-42 T.M";"03/05/2018 18:05:28";47,99;47,99;7003;"BENISPORT (JOSE MONLLOR, S.L.)";1;"CAZA 2019-2020, CAZA 2018-2019";"BF21, BF22, BF23, RBE22, RBE23, RBE24, RBV22, RBV23, REVER242";"07/06/2024 11:20:15";100073698;"100025624
"
518879-S;1;"CHAQUETA POLAR CAZORLA FA32-42 T.S";"03/05/2018 18:05:28";47,99;47,99;7003;"BENISPORT (JOSE MONLLOR, S.L.)";0;"CAZA 2019-2020, CAZA 2018-2019";"BF21, BF22, BF23, RBE22, RBE23, RBE24, RBV22, RBV23, REVER242, STOCK1";"07/06/2024 11:20:15";100073697;"100025624
"
518879-XL;1;"CHAQUETA POLAR CAZORLA FA32-42 T.XL";"03/05/2018 18:05:28";47,99;47,99;7003;"BENISPORT (JOSE MONLLOR, S.L.)";1;"CAZA 2019-2020, CAZA 2018-2019";"BF21, BF22, BF23, RBE22, RBE23, RBE24, RBV22, RBV23, REVER242";"07/06/2024 11:20:15";100073700;"100025624
"
518994-39;2;"ZAPATILLA REGATTA ULTRA MAX SS15 T-39 ";"12/03/2015 11:08:16";29,99;74,95;100003018;"REGATTA LTD";2;;"BF22, CAMINO, OUTLET, RBE23, RBV22, RBV23, REVER242, RV21";;100176016;"100053538
"
518997-30;2;"BOTA REGATTA JR GARSDALE SS15 T-30";"12/03/2015 11:08:18";39,99;59,95;100003018;"REGATTA LTD";2;;"BF22, BF23, JUNIOR, OUTLET, RBE23, RBE24, RBV22, RBV23, REVER242, RV21";;100098252;"100032702
"
518999;2;"MOCHILA REGATTA KIDS RANA";"12/03/2015 11:00:20";8,99;14,99;100003018;"REGATTA LTD";1;;"BF23, CM22, CM23, LB23, OUTLET, RBE24, RBV22, RBV23, REVER242, RV21, VALENCIA";;100027297;"100010366
"
519030O-54;2;"B. AMERICANA BERETTA URBINO OLIVA T-54-SS";"08/11/2016 17:41:15";99,99;259,95;8007;"BERETTA BENELLI IBERICA, S.A.";1;;"BF22, BF23, LB21, LB22, LIQUIDACION_BERETTA, OUTLET, PRECIO_FIJO, RBE22, RBE23, RBE24, RBV22, RBV23, REVER242, SD21";;100044181;"100016346
"
519032-L;2;"B. BERMUDAS BERETTA BEIGE T-L-SS";"08/11/2016 17:57:41";57,99;82,99;8007;"BERETTA BENELLI IBERICA, S.A.";1;;"BF21, BF22, BF23, LB22, OUTLET, PRECIO_FIJO, RBE22, RBE23, RBE24, RBV22, RBV23, REVER242, RV21";;100044341;"100016371
"
519032-XL;2;"B. BERMUDAS BERETTA BEIGE T-XL-SS";"08/11/2016 17:57:41";57,99;82,99;8007;"BERETTA BENELLI IBERICA, S.A.";1;;"BF21, BF22, BF23, LB22, OUTLET, PRECIO_FIJO, RBE22, RBE23, RBE24, RBV22, RBV23, REVER242, RV21";;100044342;"100016371
"
519043-M;2;"B. CHALECO BERETTA WINDSTOPPER REVERS. CAMO+VERDE T.M (MICROPR.)";"08/11/2016 17:57:44";99,99;205,99;8007;"BERETTA BENELLI IBERICA, S.A.";3;"CAZA 2018-2019, CAZA 2017-2018";"BF22, BF23, LB21, LB22, LB23, LIQUIDACION_BERETTA, MICROPRECIOS CAZA 20-21, OUTLET, PRECIO_FIJO, RBE22, RBE23, RBE24, RBV22, RBV23, REVER242, RV21, SD21, TEMPORADA_INVIERNO";;100043182;"100015992
"
519052V-52;2;"B. CHALECO BERETTA REVERS VERDE/NARANJA T-52";"08/11/2016 17:57:39";259,99;459,95;8007;"BERETTA BENELLI IBERICA, S.A.";1;"CAZA 2017-2018";"LB21, LB22, LIQUIDACION_BERETTA, PRECIO_FIJO, RBE23, RBV22, RBV23, REVER242, RV21, TEMPORADA_INVIERNO";;100044259;"100016357
"
519059A-38;2;"B. CHALECO BERETTA SRA PACKABLE AZUL T-38";"08/11/2016 18:05:51";109,99;159,99;8007;"BERETTA BENELLI IBERICA, S.A.";1;;"BF23, LB22, LB23, LIQUIDACION_BERETTA, OUTLET, PRECIO_FIJO, RBE23, RBE24, RBV22, RBV23, REVER242";;100103511;"100016370
"
519059M-38;2;"B. CHALECO BERETTA SRA PACKABLE MARINO T-38";"08/11/2016 18:05:52";109,99;159,99;8007;"BERETTA BENELLI IBERICA, S.A.";1;;"BF23, LB22, LB23, LIQUIDACION_BERETTA, OUTLET, PRECIO_FIJO, RBE23, RBE24, RBV22, RBV23, REVER242";;100044330;"100016370
"
519060V-42;2;"B. CHALECO BERETTA SRA SAFAI VERDE T-42-SS";"08/11/2016 18:05:49";199,99;298,95;8007;"BERETTA BENELLI IBERICA, S.A.";1;;"BF21, BF23, MUJER, OUTLET, PRECIO_FIJO, RBE22, RBE24, RBV22, RBV23, REVER242, RV21, SD21";;100044277;"100016361
"
519072A-38;2;"B. CHAQ BERETTA SRA PACKABLE AZUL T-38";"08/11/2016 18:13:21";132,99;189,99;8007;"BERETTA BENELLI IBERICA, S.A.";1;;"BF23, LB22, LB23, LIQUIDACION_BERETTA, OUTLET, PRECIO_FIJO, RBE23, RBE24, RBV22, RBV23, REVER242";;100044322;"100016369
"
519073-38;2;"B. CHAQ BERETTA SRA. ELASTICA MARRON T-38-SS";"08/11/2016 18:13:22";249,99;399,95;8007;"BERETTA BENELLI IBERICA, S.A.";1;"CAZA 2018-2019";"BF21, BF22, BF23, LB22, MUJER, OUTLET, PRECIO_FIJO, RBE23, RBE24, RBV22, RBV23, REVER242, RV21, SD21";;100048935;"100017883
"
519083C-54;2;"B. CHAQUETA BERETTA COMO CHINCHILLA T-54-SS";"08/11/2016 18:21:08";199,99;342,95;8007;"BERETTA BENELLI IBERICA, S.A.";1;;"BF21, BF22, BF23, LB21, LB22, OUTLET, PRECIO_FIJO, RBE22, RBE23, RBE24, RBV22, RBV23, REVER242, RV21, SD21";;100044172;"100016343
"
519085-50;2;"B. CHAQUETA BERETTA FIUMICINO MARRON T-50";"08/11/2016 18:21:08";299,99;559,95;8007;"BERETTA BENELLI IBERICA, S.A.";1;;"BF23, LIQUIDACION_BERETTA, OUTLET, PRECIO_FIJO, RBE24, RBV23, REVER242";;100044225;"100016352
"
519085-54;2;"B. CHAQUETA BERETTA FIUMICINO MARRON T-54";"08/11/2016 18:21:08";299,99;559,95;8007;"BERETTA BENELLI IBERICA, S.A.";1;;"BF21, BF22, BF23, LB21, LB22, LIQUIDACION_BERETTA, OUTLET, PRECIO_FIJO, RBE22, RBE23, RBE24, RBV22, RBV23, REVER242, RV21, SD21";;100044227;"100016352
"
519085-56;2;"B. CHAQUETA BERETTA FIUMICINO MARRON T-56";"08/11/2016 18:21:08";299,99;559,95;8007;"BERETTA BENELLI IBERICA, S.A.";1;;"BF21, BF22, BF23, LB21, LB22, LIQUIDACION_BERETTA, OUTLET, PRECIO_FIJO, RBE22, RBE23, RBE24, RBV22, RBV23, REVER242, RV21, SD21";;100044228;"100016352
"
519085-58;2;"B. CHAQUETA BERETTA FIUMICINO MARRON T-58";"08/11/2016 18:21:08";299,99;559,95;8007;"BERETTA BENELLI IBERICA, S.A.";1;;"BF21, BF22, BF23, LB21, LB22, LIQUIDACION_BERETTA, OUTLET, PRECIO_FIJO, RBE22, RBE23, RBE24, RBV22, RBV23, REVER242, RV21, SD21";;100044229;"100016352
"
519086A-48;2;"B. CHAQUETA BERETTA LIGHT SPORT AZUL T-48-SS";"08/11/2016 18:21:10";199,99;369,95;8007;"BERETTA BENELLI IBERICA, S.A.";6;;"BF21, BF22, BF23, LB21, LB22, LB23, LIQUIDACION_BERETTA, OUTLET, PRECIO_FIJO, RBE22, RBE23, RBE24, RBV22, RBV23, REVER242, RV21, SD21";;100044859;"100016507
"
519086A-50;2;"B. CHAQUETA BERETTA LIGHT SPORT AZUL T-50-SS";"08/11/2016 18:21:10";199,99;369,95;8007;"BERETTA BENELLI IBERICA, S.A.";1;;"BF21, BF22, BF23, LB21, LB22, LIQUIDACION_BERETTA, OUTLET, PRECIO_FIJO, RBE22, RBE23, RBE24, RBV22, RBV23, REVER242, RV21, SD21";;100044860;"100016507
"
519086A-52;2;"B. CHAQUETA BERETTA LIGHT SPORT AZUL T-52-SS";"08/11/2016 18:21:10";199,99;369,95;8007;"BERETTA BENELLI IBERICA, S.A.";1;;"BF21, BF22, BF23, LB21, LB22, LIQUIDACION_BERETTA, OUTLET, PRECIO_FIJO, RBE22, RBE23, RBE24, RBV22, RBV23, REVER242, RV21, SD21";;100044861;"100016507
"
519086M-46;2;"B. CHAQUETA BERETTA LIGHT SPORT MARRON T-46-SS";"05/01/2017 12:04:48";199,99;369,95;8007;"BERETTA BENELLI IBERICA, S.A.";1;;"BF21, BF22, BF23, LB21, LB22, LB23, LIQUIDACION_BERETTA, OUTLET, PRECIO_FIJO, RBE22, RBE23, RBE24, RBV22, RBV23, REVER242, RV21, SD21";;100069997;"100016507
"
519086M-48;2;"B. CHAQUETA BERETTA LIGHT SPORT MARRON T-48-SS";"08/11/2016 18:21:10";199,99;369,95;8007;"BERETTA BENELLI IBERICA, S.A.";1;;"BF21, BF22, BF23, LB21, LB22, LB23, LIQUIDACION_BERETTA, OUTLET, PRECIO_FIJO, RBE22, RBE23, RBE24, RBV22, RBV23, REVER242, RV21, SD21";;100044865;"100016507
"
519086M-50;2;"B. CHAQUETA BERETTA LIGHT SPORT MARRON T-50-SS";"08/11/2016 18:21:10";199,99;369,95;8007;"BERETTA BENELLI IBERICA, S.A.";7;;"BF21, BF22, BF23, LB21, LB22, LB23, LIQUIDACION_BERETTA, OUTLET, PRECIO_FIJO, RBE22, RBE23, RBE24, RBV22, RBV23, REVER242, RV21, SD21";;100044866;"100016507
"
519086M-52;2;"B. CHAQUETA BERETTA LIGHT SPORT MARRON T-52-SS";"08/11/2016 18:21:10";199,99;369,95;8007;"BERETTA BENELLI IBERICA, S.A.";2;;"BF21, BF22, BF23, LB21, LB22, LB23, LIQUIDACION_BERETTA, OUTLET, PRECIO_FIJO, RBE22, RBE23, RBE24, RBV22, RBV23, REVER242, RV21, SD21";;100044867;"100016507
"
519086M-54;2;"B. CHAQUETA BERETTA LIGHT SPORT MARRON T-54-SS";"08/11/2016 18:21:10";199,99;369,95;8007;"BERETTA BENELLI IBERICA, S.A.";1;;"BF21, BF22, BF23, LB21, LB22, LB23, LIQUIDACION_BERETTA, OUTLET, PRECIO_FIJO, RBE22, RBE23, RBE24, RBV22, RBV23, REVER242, RV21, SD21";;100044868;"100016507
"
519086M-56;2;"B. CHAQUETA BERETTA LIGHT SPORT MARRON T-56-SS";"08/11/2016 18:21:10";199,99;369,95;8007;"BERETTA BENELLI IBERICA, S.A.";1;;"LIQUIDACION_BERETTA, OUTLET, PRECIO_FIJO, REVER242, RV21";;100044870;"100016507
"
519104O-54;2;"B. CHAQUETA BERETTA TOSCANA OLIVA T-54-SS";"08/11/2016 18:35:16";179,99;369,95;8007;"BERETTA BENELLI IBERICA, S.A.";1;;"BF22, BF23, LB21, LB22, LIQUIDACION_BERETTA, OUTLET, PRECIO_FIJO, RBE22, RBE23, RBE24, RBV22, RBV23, REVER242, RV21, SD21";;100044177;"100016344
"
519135A-40;2;"B. HUSKY BERETTA SRA AZUL MARINO T-40";"09/11/2016 13:16:14";149,99;284,99;8007;"BERETTA BENELLI IBERICA, S.A.";2;;"BF21, BF22, BF23, LB21, LB22, LB23, LIQUIDACION_BERETTA, MUJER, OUTLET, PRECIO_FIJO, RBE22, RBE23, RBE24, RBV22, RBV23, REVER242, SD21, TEMPORADA_INVIERNO";;100044286;"100016362
"
519144A-50;2;"B. PANT BERETTA CHINO ARENA I.54 T-50-SS";"09/11/2016 13:16:16";119,99;159,99;8007;"BERETTA BENELLI IBERICA, S.A.";1;;"BF21, BF22, BF23, LB22, LIQUIDACION_BERETTA, OUTLET, PRECIO_FIJO, RBE22, RBE23, RBE24, RBV22, RBV23, REVER242, RV21, SD21";;100049016;"100017911
"
519144A-52;2;"B. PANT BERETTA CHINO ARENA I.56 T-52-SS";"09/11/2016 13:16:16";119,99;159,99;8007;"BERETTA BENELLI IBERICA, S.A.";1;;"BF21, BF22, BF23, LB22, LIQUIDACION_BERETTA, OUTLET, PRECIO_FIJO, RBE22, RBE23, RBE24, RBV22, RBV23, REVER242, RV21, SD21";;100049015;"100017911
"
519145A-52;2;"B. PANT BERETTA CHINO ELASTICO AZUL I.56 T-52";"09/11/2016 13:16:13";109,99;159,99;8007;"BERETTA BENELLI IBERICA, S.A.";1;;"BF21, BF22, BF23, LB21, LB22, LB23, LIQUIDACION_BERETTA, OUTLET, PRECIO_FIJO, RBE22, RBE23, RBE24, RBV22, RBV23, REVER242, RV21, SD21";;100044118;"100016335
"
519153-XL;2;"B. PANT BERETTA SAFARI BEIGE T-XL-SS";"09/11/2016 13:16:15";59,99;98,99;8007;"BERETTA BENELLI IBERICA, S.A.";1;;"BF21, BF23, LB21, LB22, LIQUIDACION_BERETTA, OUTLET, PRECIO_FIJO, RBE22, RBE23, RBE24, RBV22, RBV23, REVER242";;100044826;"100016489
"
519156-36;2;"B. PANT BERETTA SRA CHINOS BEIGE CLASSIC I.42 T-36 -SS";"09/11/2016 13:28:08";59,99;89,99;8007;"BERETTA BENELLI IBERICA, S.A.";5;;"BF21, BF22, BF23, LB21, LB22, LB23, LIQUIDACION_BERETTA, MUJER, OUTLET, PRECIO_FIJO, RBE22, RBE23, RBE24, RBV22, RBV23, REVER242, RV21";;100049037;"100017916
"
519156-38;2;"B. PANT BERETTA SRA CHINOS BEIGE CLASSIC I.44 T-38 -SS";"09/11/2016 13:28:08";59,99;89,99;8007;"BERETTA BENELLI IBERICA, S.A.";5;;"BF21, BF22, BF23, LB21, LB22, LB23, LIQUIDACION_BERETTA, MUJER, OUTLET, PRECIO_FIJO, RBE22, RBE23, RBE24, RBV22, RBV23, REVER242, RV21";;100049038;"100017916
"
519156-40;2;"B. PANT BERETTA SRA CHINOS BEIGE CLASSIC I.46 T-40 -SS";"09/11/2016 13:28:08";59,99;89,99;8007;"BERETTA BENELLI IBERICA, S.A.";4;;"BF21, BF22, BF23, LB21, LB22, LIQUIDACION_BERETTA, MUJER, OUTLET, PRECIO_FIJO, RBE22, RBE23, RBE24, RBV22, RBV23, REVER242, RV21";;100049039;"100017916
"
519156-42;2;"B. PANT BERETTA SRA CHINOS BEIGE CLASSIC I.48 T-42 -SS";"09/11/2016 13:28:08";59,99;89,99;8007;"BERETTA BENELLI IBERICA, S.A.";2;;"BF21, BF22, BF23, LB21, LB22, LIQUIDACION_BERETTA, MUJER, OUTLET, PRECIO_FIJO, RBE22, RBE23, RBE24, RBV22, RBV23, REVER242, RV21";;100049040;"100017916
"
519157-38;2;"B. PANT BERETTA SRA CHINOS BEIGE CLASSIC II I.44 T-38 -SS";"09/11/2016 13:28:09";59,99;99,99;8007;"BERETTA BENELLI IBERICA, S.A.";3;;"BF21, BF22, BF23, LB21, LB22, LIQUIDACION_BERETTA, MUJER, OUTLET, PRECIO_FIJO, RBE22, RBE23, RBE24, RBV22, RBV23, REVER242, RV21";;100115398;"100037620
"
519157-40;2;"B. PANT BERETTA SRA CHINOS BEIGE CLASSIC II I.48 T-40 -SS";"09/11/2016 13:28:09";59,99;99,99;8007;"BERETTA BENELLI IBERICA, S.A.";2;;"BF21, BF22, BF23, LB21, LB22, LIQUIDACION_BERETTA, MUJER, OUTLET, PRECIO_FIJO, RBE22, RBE23, RBE24, RBV22, RBV23, REVER242, RV21";;100115399;"100037620
"
519157-44;2;"B. PANT BERETTA SRA CHINOS BEIGE CLASSIC II I.50 T-44 -SS";"09/11/2016 13:28:09";59,99;99,99;8007;"BERETTA BENELLI IBERICA, S.A.";1;;"BF21, BF22, BF23, LB21, LB22, LIQUIDACION_BERETTA, MUJER, OUTLET, PRECIO_FIJO, RBE22, RBE23, RBE24, RBV22, RBV23, REVER242, RV21";;100115400;"100037620
"
519158-36;2;"B. PANT BERETTA SRA CHINOS MARRON CLASSIC I.42 T-36 -SS";"09/11/2016 13:28:08";59,99;89,99;8007;"BERETTA BENELLI IBERICA, S.A.";1;;"BF21, BF22, BF23, LB21, LB22, LIQUIDACION_BERETTA, MUJER, OUTLET, PRECIO_FIJO, RBE22, RBE23, RBE24, RBV22, RBV23, REVER242, RV21";;100049042;"100017916
"
519158-44;2;"B. PANT BERETTA SRA CHINOS MARRON CLASSIC I. 50 T-44 -SS";"09/11/2016 13:28:08";59,99;89,99;8007;"BERETTA BENELLI IBERICA, S.A.";2;;"BF21, BF22, BF23, LB21, LB22, LIQUIDACION_BERETTA, MUJER, OUTLET, PRECIO_FIJO, RBE22, RBE23, RBE24, RBV22, RBV23, REVER242, RV21";;100049043;"100017916
"
519158-46;2;"B. PANT BERETTA SRA CHINOS MARRON CLASSIC I. 52 T-46 -SS";"09/11/2016 13:28:08";59,99;89,99;8007;"BERETTA BENELLI IBERICA, S.A.";2;;"BF21, BF22, BF23, LB21, LB22, LIQUIDACION_BERETTA, MUJER, OUTLET, PRECIO_FIJO, RBE22, RBE23, RBE24, RBV22, RBV23, REVER242, RV21";;100049045;"100017916
"
519160-34;2;"B. PANT BERETTA SRA MOLESKIN AUBERGINE I.40 T-34 ";"09/11/2016 13:28:09";59,99;149,99;8007;"BERETTA BENELLI IBERICA, S.A.";1;;"BF22, BF23, LB22, LB23, LIQUIDACION_BERETTA, PRECIO_FIJO, RBE23, RBE24, RBV22, RBV23, REVER242";;100049046;"100017917
"
519163V-50;2;"B. PANT. BERETTA COMFORT VERDE I. 54 T-50-SS";"09/11/2016 13:28:06";99,99;145,99;8007;"BERETTA BENELLI IBERICA, S.A.";1;;"BF23, LB21, LB22, LIQUIDACION_BERETTA, OUTLET, PRECIO_FIJO, RBE24, RBV22, RBV23, REVER242, RV21, TEMPORADA_INVIERNO";;100070004;"100017912
"
519165-36;2;"B. PANTALONES BERETTA SRA 5 BOLSILLOS BEIGE I.42 T-36 -SS";"09/11/2016 13:28:10";59,99;169,99;8007;"BERETTA BENELLI IBERICA, S.A.";6;;"BF21, BF22, BF23, LB21, LB22, LIQUIDACION_BERETTA, MUJER, OUTLET, PRECIO_FIJO, RBE22, RBE23, RBE24, RBV22, RBV23, REVER242, RV21, SD21";;100044371;"100016378
"
519165-38;2;"B. PANTALONES BERETTA SRA 5 BOLSILLOS BEIGE I.44 T-38 -SS";"09/11/2016 13:28:10";59,99;169,99;8007;"BERETTA BENELLI IBERICA, S.A.";5;;"BF21, BF22, BF23, LB21, LB22, LIQUIDACION_BERETTA, MUJER, OUTLET, PRECIO_FIJO, RBE22, RBE23, RBE24, RBV22, RBV23, REVER242, RV21, SD21";;100044372;"100016378
"
519165-40;2;"B. PANTALONES BERETTA SRA 5 BOLSILLOS BEIGE I.46 T-40 -SS";"09/11/2016 13:28:10";59,99;169,99;8007;"BERETTA BENELLI IBERICA, S.A.";9;;"BF21, BF22, BF23, LB21, LB22, LIQUIDACION_BERETTA, MUJER, OUTLET, PRECIO_FIJO, RBE22, RBE23, RBE24, RBV22, RBV23, REVER242, RV21, SD21";;100044373;"100016378
"
519165-42;2;"B. PANTALONES BERETTA SRA 5 BOLSILLOS BEIGE I.48 T-42 -SS";"09/11/2016 13:28:10";59,99;169,99;8007;"BERETTA BENELLI IBERICA, S.A.";1;;"BF21, BF22, BF23, LB21, LB22, LIQUIDACION_BERETTA, MUJER, OUTLET, PRECIO_FIJO, RBE22, RBE23, RBE24, RBV22, RBV23, REVER242, RV21, SD21";;100044374;"100016378
"
519165-44;2;"B. PANTALONES BERETTA SRA 5 BOLSILLOS BEIGE I.50 T-44";"09/11/2016 13:28:10";59,99;169,99;8007;"BERETTA BENELLI IBERICA, S.A.";1;;"BF23, LB23, OUTLET, RBE24, RBV23, REVER242";;100044375;"100016378
"
519165-48;2;"B. PANTALONES BERETTA SRA 5 BOLSILLOS BEIGE I.52 T-48 -SS";"05/01/2017 12:10:52";59,99;169,99;8007;"BERETTA BENELLI IBERICA, S.A.";1;;"BF21, BF22, BF23, LB21, LB22, LIQUIDACION_BERETTA, MUJER, OUTLET, PRECIO_FIJO, RBE22, RBE23, RBE24, RBV22, RBV23, REVER242, RV21, SD21";;100048266;"100016378
"
519167M-36;2;"B. PANTALONES BERETTA SRA SAFARI MARRON I.42 T-36-SS";"09/11/2016 13:28:10";59,99;149,99;8007;"BERETTA BENELLI IBERICA, S.A.";1;;"BF21, BF22, BF23, LB21, LB22, LIQUIDACION_BERETTA, MUJER, OUTLET, PRECIO_FIJO, RBE22, RBE23, RBE24, RBV22, RBV23, REVER242, SD21";;100044406;"100016382
"
519172-M;2;"B. POLO BERETTA SRA. BAMBOO T-M-SS";"09/11/2016 19:41:53";29,99;67,99;8007;"BERETTA BENELLI IBERICA, S.A.";1;;"BF21, BF22, BF23, LB22, LIQUIDACION_BERETTA, MUJER, OUTLET, PRECIO_FIJO, RBE22, RBE23, RBE24, RBV22, RBV23, REVER242, RV21, SD21";;100044445;"100016388
"
519179-L;2;"B. SOMBRERO BERETTA TRANSPIRABLE Y PLEGABLE T-L";"09/11/2016 19:41:51";39,99;58,99;8007;"BERETTA BENELLI IBERICA, S.A.";22;"CAZA 2019-2020, CAZA 2018-2019, CAZA 2017-2018";"BF21, BF22, BF23, IRN22, LB21, LB23, LIQUIDACION_BERETTA, PRECIO_FIJO, RBE22, RBE23, RBE24, RBV22, RBV23, REVER242, RV21, SD21";;100043070;"100015971
"
519179-M;2;"B. SOMBRERO BERETTA TRANSPIRABLE Y PLEGABLE T-M";"09/11/2016 19:41:51";39,99;58,99;8007;"BERETTA BENELLI IBERICA, S.A.";4;"CAZA 2019-2020, CAZA 2018-2019, CAZA 2017-2018";"BF21, BF22, BF23, IRN22, LB21, LB23, LIQUIDACION_BERETTA, PRECIO_FIJO, RBE22, RBE23, RBE24, RBV22, RBV23, REVER242, RV21, SD21";;100043069;"100015971
"
519179-XL;2;"B. SOMBRERO BERETTA TRANSPIRABLE Y PLEGABLE T-XL";"09/11/2016 19:41:51";39,99;58,99;8007;"BERETTA BENELLI IBERICA, S.A.";19;"CAZA 2019-2020, CAZA 2018-2019, CAZA 2017-2018";"BF21, BF22, BF23, IRN22, LB21, LB23, LIQUIDACION_BERETTA, PRECIO_FIJO, RBE22, RBE23, RBE24, RBV22, RBV23, REVER242, RV21, SD21";;100043071;"100015971
"
519179-XXL;2;"B. SOMBRERO BERETTA TRANSPIRABLE Y PLEGABLE T-XXL";"09/11/2016 19:41:51";39,99;58,99;8007;"BERETTA BENELLI IBERICA, S.A.";4;"CAZA 2019-2020, CAZA 2018-2019, CAZA 2017-2018";"BF21, BF22, BF23, IRN22, LB21, LB23, LIQUIDACION_BERETTA, PRECIO_FIJO, RBE22, RBE23, RBE24, RBV22, RBV23, REVER242, RV21, SD21";;100043072;"100015971
"
519182-L;2;"B. VISERA BERETTA OREJERAS IMPERMEABLE T-L";"09/11/2016 19:41:51";39,99;62,95;8007;"BERETTA BENELLI IBERICA, S.A.";35;"CAZA 2019-2020, CAZA 2018-2019, CAZA 2017-2018";"BF21, BF22, BF23, HORAS23, IRN21, IRN22, LB21, LB22, LB23, LIQUIDACION_BERETTA, PRECIO_FIJO, RBE22, RBE23, RBE24, RBV22, RBV23, REVER242, RV21";;100043055;"100015969
"
519182-XL;2;"B. VISERA BERETTA OREJERAS IMPERMEABLE T-XL";"09/11/2016 19:41:51";39,99;62;8007;"BERETTA BENELLI IBERICA, S.A.";115;"CAZA 2019-2020, CAZA 2018-2019, CAZA 2017-2018";"BF21, BF22, BF23, HORAS23, IRN21, IRN22, LB21, LB22, LB23, LIQUIDACION_BERETTA, OUTLET, PRECIO_FIJO, RBE22, RBE23, RBE24, RBV22, RBV23, REVER242, RV21";"18/03/2024 19:09:31";100043056;"100015969
"
519182-XXL;2;"B. VISERA BERETTA OREJERAS IMPERMEABLE T-XXL";"09/11/2016 19:41:51";39,99;62,95;8007;"BERETTA BENELLI IBERICA, S.A.";49;"CAZA 2019-2020, CAZA 2018-2019, CAZA 2017-2018";"BF21, BF22, BF23, HORAS23, IRN21, IRN22, LB21, LB22, LB23, LIQUIDACION_BERETTA, OUTLET, PRECIO_FIJO, RBE22, RBE23, RBE24, RBV22, RBV23, REVER242, RV21";;100043057;"100015969
"
519183-M;2;"B. VISERA BERETTA REVERSIBLE CON GORE TEX T-M";"09/11/2016 19:41:53";59,99;74,95;8007;"BERETTA BENELLI IBERICA, S.A.";1;"CAZA 2019-2020, CAZA 2018-2019, CAZA 2017-2018";"BF21, LB21, OUTLET, PRECIO_FIJO, RBE22, RBV22, REVER242, SD21";;100043080;"100015974
"
519216-44;2;"B. CAMISA BERETTA SRA. AUSTRIA FA71 T.44 (T.40 ESPAÑOLA)";"04/08/2017 19:51:43";79,99;169,99;8007;"BERETTA BENELLI IBERICA, S.A.";3;"CAZA 2018-2019";"BF21, BF22, BF23, LB21, LB22, LB23, LIQUIDACION_BERETTA, MUJER, OUTLET, PRECIO_FIJO, RBE22, RBE23, RBE24, RBV22, RBV23, REVER242, RV21";"31/07/2020 10:46:42";100059154;"100021876
"
519229-10;2;"CAMISETA JR ANTIMOSQUITO T.10";"19/03/2018 12:59:12";12,99;21,99;100002077;"MAURI`S EXCLUSIVAS, S.A.";1;;"BF22, BF23, JUNIOR, LB23, OUTLET, RBE22, RBE23, RBE24, RBV22, RBV23, REVER242, RV21";;100175212;"100053254
"
519229-2;2;"CAMISETA JR ANTIMOSQUITO T.2";"19/03/2018 12:59:12";12,99;21,99;100002077;"MAURI`S EXCLUSIVAS, S.A.";2;;"BF22, BF23, JUNIOR, LB23, OUTLET, RBE22, RBE23, RBE24, RBV22, RBV23, REVER242, RV21";;100175208;"100053254
"
519229-4;2;"CAMISETA JR ANTIMOSQUITO  T.4";"19/03/2018 12:59:12";12,99;21,99;100002077;"MAURI`S EXCLUSIVAS, S.A.";3;;"BF22, BF23, JUNIOR, LB23, OUTLET, RBE22, RBE23, RBE24, RBV22, RBV23, REVER242, RV21";;100175209;"100053254
"
519229-6;2;"CAMISETA JR ANTIMOSQUITO  T.6";"19/03/2018 12:59:12";12,99;21,99;100002077;"MAURI`S EXCLUSIVAS, S.A.";3;;"BF22, BF23, JUNIOR, LB23, OUTLET, RBE22, RBE23, RBE24, RBV22, RBV23, REVER242, RV21";;100175210;"100053254
"
519229-8;2;"CAMISETA JR ANTIMOSQUITO T.8";"19/03/2018 12:59:12";12,99;21,99;100002077;"MAURI`S EXCLUSIVAS, S.A.";1;;"BF23, JUNIOR, LB23, OUTLET, RBE22, RBE24, RBV22, RBV23, REVER242, RV21";;100175211;"100053254
"
519235;2;"MINI ROLL-ON 20 ML PARA PICADURAS";"19/03/2018 12:59:13";6,99;9,99;100002077;"MAURI`S EXCLUSIVAS, S.A.";2;;"BF23, OUTLET, RBE24, RBV23, REVER242, RV21";;100125807;"100040482
"
519250-L;2;"CHAQUETA CHIRUCA MARATON FA22-32 T-L";"28/06/2018 19:12:07";72,99;72,99;9009;"CALZADOS FAL S.A.";4;"CAZA 2020-2021 (WEB)";"BF21, BF22, BF23, CAMINO, RBE22, RBE23, RBE24, RBV22, RECOMENDADO, REVER242, RV21, TEMPORADA_INVIERNO";"07/06/2024 11:18:31";100077453;"100026728
"
519250-XL;2;"CHAQUETA CHIRUCA MARATON FA22-32 T-XL";"28/06/2018 19:12:07";72,99;72,99;9009;"CALZADOS FAL S.A.";6;"CAZA 2020-2021 (WEB)";"BF21, BF22, BF23, CAMINO, RBE22, RBE23, RBE24, RBV22, RECOMENDADO, REVER242, RV21, TEMPORADA_INVIERNO";"07/06/2024 11:18:31";100077454;"100026728
"
519257-XXL;2;"BB. PANTALON BERETTA LIGHT ACTIVE FA81-91 T-XXL";"12/07/2018 16:30:06";132,99;189;8007;"BERETTA BENELLI IBERICA, S.A.";1;;"BF21, BF22, BF23, LB21, LB22, RBE22, RBE23, RBE24, RBV22, RBV23, REVER242, SD21, TEMPORADA_INVIERNO";"18/03/2024 19:09:45";100077887;"100026840
"
519258-XXXL;2;"PANTALON BERETTA TRI-ACTIVE WP FA81-91 T-XXXL";"12/07/2018 16:30:04";119,99;169,99;8007;"BERETTA BENELLI IBERICA, S.A.";4;;"BF21, BF22, BF23, LB23, OUTLET, PRECIO_FIJO, RBE22, RBE23, RBE24, RBV22, RBV23, REVER242, SD21";"31/07/2020 10:35:33";100077893;"100026841
"
519259P-L;2;"BB. PANTALON  BERETTA  HUSH ACTIVE GTX FA81-91 T-L";"11/02/2020 12:30:54";199,99;249;8007;"BERETTA BENELLI IBERICA, S.A.";5;;"BF21, BF22, BF23, CAMINO, LB21, LB22, LB23, OUTLET, PRECIO_FIJO, RBE22, RBE23, RBE24, RBV22, RBV23, REVER242, RV21, SD21, TEMPORADA_INVIERNO";"18/03/2024 19:09:47";100112092;"100036783
"
519259P-M;2;"BB. PANTALON  BERETTA  HUSH ACTIVE GTX FA81-91 T-M";"11/02/2020 12:27:17";199,99;249;8007;"BERETTA BENELLI IBERICA, S.A.";9;;"BF21, BF22, BF23, CAMINO, LB21, LB22, LB23, OUTLET, PRECIO_FIJO, RBE22, RBE23, RBE24, RBV22, RBV23, REVER242, RV21, SD21, TEMPORADA_INVIERNO";"18/03/2024 19:09:47";100112091;"100036783
"
519259P-XXL;2;"BB. PANTALON  BERETTA  HUSH ACTIVE GTX FA81-91 T-XXL";"11/02/2020 12:32:32";199,99;249;8007;"BERETTA BENELLI IBERICA, S.A.";3;;"BF21, BF22, BF23, CAMINO, LB21, LB22, LB23, OUTLET, PRECIO_FIJO, RBE22, RBE23, RBE24, RBV22, RBV23, REVER242, RV21, SD21, TEMPORADA_INVIERNO";"18/03/2024 19:09:47";100112094;"100036783
"
519268O-54;2;"PANTALON BARBOUR CARDIFF OLIVA FA81-91 T-54";"16/07/2018 16:58:53";59,99;74,99;7009;"CLEMENTE GOMEZ DE ZAMORA S.A.";1;;"BF21, BF22, BF23, LB22, OUTLET, RBE22, RBE23, RBE24, RBV22, RBV23, REVER242";;100102651;"100032942
"
519276C;1;"CAPA SEÑORA MOUFLON CAMEL FA81-91 T-U ";"16/07/2018 17:04:02";59,99;59,99;100003180;"RODATEX & BRITISH COTTON S.L.";1;;"BF21, BF22, BF23, CSW, IRN22, MUJER, RBE23, RBE24, RBV22, RBV23, REVER242";;100102665;"100033922
"
519276M;1;"CAPA SEÑORA MOUFLON MARRON FA81-91 T-U ";"16/07/2018 17:04:02";59,99;59,99;100003180;"RODATEX & BRITISH COTTON S.L.";0;;"BF21, BF22, BF23, CSW, MUJER, RBE23, RBE24, RBV22, RBV23, REVER242";;100102664;"100033922
"
519276V;1;"CAPA SEÑORA MOUFLON VERDE FA81-91 T-U ";"16/07/2018 17:04:02";59,99;59,99;100003180;"RODATEX & BRITISH COTTON S.L.";0;;"BF21, BF22, BF23, CSW, IRN22, MUJER, RBE23, RBE24, RBV22, RBV23, REVER242";;100102663;"100033922
"
519297-11;2;"JERSEY JR REGATTA BRECK FA81-91 T- 11-12";"17/07/2018 14:09:07";15,99;22,99;100003018;"REGATTA LTD";1;;"BF21, BF22, BF23, JUNIOR, LB22, LB23, OUTLET, RBE22, RBE23, RBV22, RBV23, REVER242, TEMPORADA_INVIERNO";;100077969;"100026855
"
519297-9;2;"JERSEY JR REGATTA BRECK FA81-91 T- 9-10";"17/07/2018 14:09:07";15,99;22,99;100003018;"REGATTA LTD";1;;"BF21, BF22, BF23, JUNIOR, LB22, LB23, OUTLET, RBE22, RBE23, RBE24, RBV22, RBV23, REVER242, TEMPORADA_INVIERNO";;100077968;"100026855
"
519298-9;2;"PARKA JR REGATTA SAWYER FA81-91 T- 9-10";"17/07/2018 14:09:06";39,99;64,95;100003018;"REGATTA LTD";1;;"BF21, BF23, COMUNIONES, JUNIOR, OUTLET, RBE22, RBE24, REVER242, RV21, TEMPORADA_INVIERNO";;100077973;"100026856
"
519303-38;2;"PANTALON EVIA ASCOT T-38 ";"17/07/2018 18:20:27";52,99;74,99;1254;"EVIA SUMINISTROS EVIA, S.L.";1;"CAZA 2018-2019";"BF21, BF22, BF23, CAMINO, LB23, OUTLET, RBE22, RBE23, RBV22, RBV23, REVER242, RV21";"01/09/2021 11:00:07";100078270;"100027035
"
519303-54;2;"PANTALON EVIA ASCOT T-54";"17/07/2018 18:20:28";52,99;74,99;1254;"EVIA SUMINISTROS EVIA, S.L.";1;"CAZA 2018-2019";"BF21, BF22, BF23, CAMINO, LB23, OUTLET, RBE22, RBE23, RBE24, RBV22, RBV23, IRN21, RBE22, RBE23, RBE24, RBV23, REVER242";"01/03/2024 13:15:06";100093714;"100031531
"
519432-3XL;1;"CHALECO CRO JOLUVI HEAT NEGRO FA32-42 T-3XL";"25/07/2020 12:07:48";54,99;79,99;100002421;"JOLUVI, S.A.";10;"CAZA 2020-2021 (WEB)";"BATERIA, BF21, BF22, BF23, CALEFACTADO, CAZA2021, IRN21, RBE22, RBE24, RBV22, RECOMENDADO, REVER242, X23";;100109609;"100049675
"
519432-L;1;"CHALECO CRO JOLUVI HEAT NEGRO FA32-42 T-L";"21/06/2019 16:51:56";54,99;79,99;100002421;"JOLUVI, S.A.";24;"CAZA 2020-2021 (WEB)";"BATERIA, BF21, BF22, BF23, CALEFACTADO, IRN21, RBE22, RBE24, RBV22, RECOMENDADO, REGALAR, REVER242, TEMPORADA_INVIERNO, X23";"25/10/2022 9:33:56";100094384;"100049675
"
519432-M;1;"CHALECO CRO JOLUVI HEAT NEGRO FA32-42 T-M";"21/06/2019 16:51:56";54,99;79,99;100002421;"JOLUVI, S.A.";9;;"BATERIA, BF21, BF22, BF23, CALEFACTADO, IRN21, RBE22, RBE24, RBV22, RECOMENDADO, REGALAR, REVER242, X23";"25/10/2022 9:33:56";100094386;"100049675
"
519432-S;1;"CHALECO CRO JOLUVI HEAT NEGRO FA32-42 T-S";"21/06/2019 16:51:56";54,99;79,99;100002421;"JOLUVI, S.A.";18;"CAZA 2020-2021 (WEB)";"BATERIA, BF21, BF22, BF23, CALEFACTADO, IRN21, RBE22, RBE24, RBV22, RECOMENDADO, REGALAR, REVER242, TEMPORADA_INVIERNO, X23";"25/10/2022 9:33:56";100094385;"100049675
"
519432-XL;1;"CHALECO CRO JOLUVI HEAT NEGRO FA32-42 T-XL";"21/06/2019 16:51:56";54,99;79,99;100002421;"JOLUVI, S.A.";14;"CAZA 2020-2021 (WEB)";"BATERIA, BF21, BF22, BF23, CALEFACTADO, IRN21, RBE22, RBE23, RBE24, RBV22, RECOMENDADO, REGALAR, REVER242, X23";"25/10/2022 9:33:56";100094387;"100049675
"
519432-XXL;1;"CHALECO CRO JOLUVI HEAT NEGRO FA32-42 T-XXL";"21/06/2019 16:51:56";54,99;79,99;100002421;"JOLUVI, S.A.";3;"CAZA 2020-2021 (WEB)";"BATERIA, BF21, BF22, BF23, CALEFACTADO, IRN21, RBE22, RBE24, RBV22, RECOMENDADO, REGALAR, REVER242, X23";"25/10/2022 9:33:56";100094388;"100049675
"
519433-L;1;"CHALECO CRO JOLUVI HEAT VERDE FA22-32 T-L";"21/06/2019 16:51:57";54,99;79,99;100002421;"JOLUVI, S.A.";0;"CAZA 2020-2021 (WEB), CAZA 2018-2019";"BATERIA, BF21, BF22, BF23, CALEFACTADO, COMPARADOR, COMP_FR, COMP_PT, IRN21, RBE22, RBE23, RBE24, RBV22, RBV23, RECOMENDADO, REGALAR, REVER242, TEMPORADA_INVIERNO, X23";"25/10/2022 9:33:56";100094391;"100049675
"
519433-M;1;"CHALECO CRO JOLUVI HEAT VERDE FA22-32 T-M";"21/06/2019 16:51:56";54,99;79,99;100002421;"JOLUVI, S.A.";11;"CAZA 2020-2021 (WEB), CAZA 2018-2019";"BATERIA, BF21, BF22, BF23, CALEFACTADO, IRN21, RBE22, RBE23, RBE24, RBV22, RBV23, RECOMENDADO, REGALAR, REVER242, TEMPORADA_INVIERNO, X23";"25/10/2022 9:33:56";100094390;"100049675
"
519433-S;1;"CHALECO CRO JOLUVI HEAT VERDE FA22-32 T-S";"21/06/2019 16:51:56";54,99;79,99;100002421;"JOLUVI, S.A.";8;"CAZA 2020-2021 (WEB), CAZA 2018-2019";"BATERIA, BF21, BF22, BF23, CALEFACTADO, IRN21, RBE22, RBE23, RBE24, RBV22, RBV23, RECOMENDADO, REGALAR, REVER242, TEMPORADA_INVIERNO, X23";"25/10/2022 9:33:56";100094389;"100049675
"
519433-XL;1;"CHALECO CRO JOLUVI HEAT VERDE FA22-32 T-XL";"21/06/2019 16:51:56";54,99;79,99;100002421;"JOLUVI, S.A.";1;"CAZA 2020-2021 (WEB), CAZA 2018-2019";"BATERIA, BF21, BF22, BF23, CALEFACTADO, IRN21, RBE22, RBE23, RBE24, RBV22, RBV23, RECOMENDADO, REGALAR, REVER242, TEMPORADA_INVIERNO, X23";"25/10/2022 9:33:56";100094392;"100049675
"
519433-XXL;1;"CHALECO CRO JOLUVI HEAT VERDE FA22-32 T-XXL";"21/06/2019 16:51:56";54,99;79,99;100002421;"JOLUVI, S.A.";3;"CAZA 2020-2021 (WEB), CAZA 2018-2019";"BATERIA, BF21, BF22, BF23, CALEFACTADO, IRN21, RBE22, RBE23, RBE24, RBV22, RBV23, RECOMENDADO, REGALAR, REVER242, TEMPORADA_INVIERNO, X23";"25/10/2022 9:33:56";100094393;"100049675
"
519433-XXXL;1;"CHALECO CRO JOLUVI HEAT VERDE FA22-32 T-XXXL";"21/06/2019 16:51:56";54,99;79,99;100002421;"JOLUVI, S.A.";2;"CAZA 2020-2021 (WEB), CAZA 2018-2019";"BATERIA, BF21, BF22, BF23, CALEFACTADO, IRN21, RBE22, RBE23, RBE24, RBV22, RBV23, RECOMENDADO, REGALAR, REVER242, TEMPORADA_INVIERNO, X23";"25/10/2022 9:33:56";100094394;"100049675
"
519435N-L;1;"CHALECO SRA JOLUVI HEAT NEGRO FA22-32 T-L";"21/06/2019 16:51:56";45,99;74,9;100002421;"JOLUVI, S.A.";3;"CAZA 2020-2021 (WEB)";"BATERIA, BF21, BF22, BF23, CALEFACTADO, IRN21, MUJER, RBE22, RBE23, RBE24, RBV22, RBV23, RECOMENDADO, REGALAR, REVER242, TEMPORADA_INVIERNO, X23";"25/10/2022 9:33:57";100094400;"100031694
"
519435N-M;1;"CHALECO SRA JOLUVI HEAT NEGRO FA22-32 T-M";"21/06/2019 16:51:56";45,99;74,9;100002421;"JOLUVI, S.A.";2;"CAZA 2020-2021 (WEB)";"BATERIA, BF21, BF22, BF23, CALEFACTADO, IRN21, MUJER, RBE22, RBE23, RBE24, RBV22, RBV23, RECOMENDADO, REGALAR, REVER242, TEMPORADA_INVIERNO, X23";"25/10/2022 9:33:57";100094399;"100031694
"
519435N-S;1;"CHALECO SRA JOLUVI HEAT NEGRO FA22-32 T-S";"21/06/2019 16:51:56";45,99;74,9;100002421;"JOLUVI, S.A.";0;"CAZA 2020-2021 (WEB)";"BATERIA, BF21, BF22, BF23, CALEFACTADO, IRN21, MUJER, RBE22, RBE23, RBE24, RBV22, RBV23, RECOMENDADO, REGALAR, REVER242, TEMPORADA_INVIERNO, X23";"25/10/2022 9:33:57";100094398;"100031694
"
519435N-XL;1;"CHALECO SRA JOLUVI HEAT NEGRO FA22-32 T-XL";"25/07/2020 12:07:49";45,99;74,9;100002421;"JOLUVI, S.A.";0;"CAZA 2020-2021 (WEB)";"BATERIA, BF21, BF22, BF23, CALEFACTADO, CAZA2021, IRN21, MUJER, RBE22, RBE23, RBE24, RBV22, RBV23, RECOMENDADO, REGALAR, REVER242, TEMPORADA_INVIERNO, X23";"25/10/2022 9:33:57";100109610;"100031694
"
519435N-XS;1;"CHALECO SRA JOLUVI HEAT NEGRO FA22-32 T-XS";"21/06/2019 16:51:56";45,99;74,9;100002421;"JOLUVI, S.A.";0;"CAZA 2020-2021 (WEB)";"BATERIA, BF21, BF22, BF23, CALEFACTADO, IRN21, MUJER, RBE22, RBE23, RBE24, RBV22, RBV23, REGALAR, REVER242, TEMPORADA_INVIERNO, X23";"25/10/2022 9:33:57";100094397;"100031694
"
519435V-2XL;1;"CHALECO SRA JOLUVI HEAT VERDE FA22-32 T-2XL";"08/03/2022 15:58:44";45,99;74,9;100002421;"JOLUVI, S.A.";2;;"BATERIA, BF22, BF23, CALEFACTADO, RBE23, RBE24, RBV22, RBV23, RECOMENDADO, REGALAR, REVER242, X23";;100154480;"100031694
"
519435V-L;1;"CHALECO SRA JOLUVI HEAT VERDE FA22-32 T-L";"21/06/2019 16:51:56";45,99;74,9;100002421;"JOLUVI, S.A.";5;"CAZA 2020-2021 (WEB)";"BATERIA, BF21, BF22, BF23, CALEFACTADO, COMPARADOR, COMP_FR, COMP_PT, IRN21, IRN22, MUJER, RBE22, RBE23, RBE24, RBV22, RBV23, RECOMENDADO, REVER242, TEMPORADA_INVIERNO, X23";"25/10/2022 9:33:57";100094404;"100031694
"
519435V-M;1;"CHALECO SRA JOLUVI HEAT VERDE FA22-32 T-M";"21/06/2019 16:51:56";45,99;74,9;100002421;"JOLUVI, S.A.";2;"CAZA 2020-2021 (WEB)";"BATERIA, BF21, BF22, BF23, CALEFACTADO, IRN21, IRN22, MUJER, RBE22, RBE23, RBE24, RBV22, RBV23, RECOMENDADO, REVER242, TEMPORADA_INVIERNO, X23";"25/10/2022 9:33:57";100094405;"100031694
"
519435V-S;1;"CHALECO SRA JOLUVI HEAT VERDE FA22-32  T-S";"21/06/2019 16:51:56";45,99;74,9;100002421;"JOLUVI, S.A.";0;"CAZA 2020-2021 (WEB)";"BATERIA, BF21, BF22, BF23, CALEFACTADO, IRN21, IRN22, MUJER, RBE22, RBE23, RBE24, RBV22, RBV23, RECOMENDADO, REVER242, TEMPORADA_INVIERNO, X23";"25/10/2022 9:33:58";100094401;"100031694
"
519435V-XL;1;"CHALECO SRA JOLUVI HEAT VERDE FA22-32 T-XL";"21/06/2019 16:51:56";45,99;74,9;100002421;"JOLUVI, S.A.";2;"CAZA 2020-2021 (WEB)";"BATERIA, BF21, BF22, BF23, CALEFACTADO, IRN21, IRN22, MUJER, RBE22, RBE23, RBE24, RBV22, RBV23, RECOMENDADO, REVER242, TEMPORADA_INVIERNO, X23";"25/10/2022 9:33:58";100094403;"100031694
"
519435V-XS;1;"CHALECO SRA JOLUVI HEAT VERDE FA22-32 T-XS";"21/06/2019 16:51:56";45,99;74,9;100002421;"JOLUVI, S.A.";4;"CAZA 2020-2021 (WEB)";"BATERIA, BF21, BF22, BF23, CALEFACTADO, IRN21, IRN22, MUJER, RBE22, RBE23, RBE24, RBV22, RBV23, RECOMENDADO, REVER242, TEMPORADA_INVIERNO, X23";"25/10/2022 9:33:58";100094402;"100031694
"
519455-44;2;"SOFTSHELL SRA CHARLEY FA91-02 T-44";"25/06/2019 14:30:44";26,99;37,99;100003018;"REGATTA LTD";1;;"BF21, BF22, BF23, LB22, MUJER, OUTLET, RBE22, RBE23, RBE24, RBV22, REVER242, TEMPORADA_INVIERNO";;100096024;"100031916
"
519456-38;1;"PANTALON TRESSCO IMPERLIGHT FA02-12  T-38";"26/06/2019 15:56:12";55,99;55,99;100000926;TREESCO;0;"CAZA 2020-2021 (WEB)";"BF21, BF22, BF23, CSW, RBE22, RBE23, RBE24, RBV22, RBV23, REVER242, RV21, TEMPORADA_INVIERNO";"14/04/2023 16:17:17";100124406;"100040123
"
519456-40;1;"PANTALON TRESSCO IMPERLIGHT FA02-12  T-40";"26/06/2019 15:56:12";55,99;55,99;100000926;TREESCO;0;"CAZA 2020-2021 (WEB)";"BF21, BF22, BF23, CSW, RBE22, RBE23, RBE24, RBV22, RBV23, REVER242, RV21, TEMPORADA_INVIERNO";"14/04/2023 16:17:17";100124407;"100040123
"
519456-42;1;"PANTALON TRESSCO IMPERLIGHT FA02-12  T-42";"26/06/2019 15:56:12";55,99;55,99;100000926;TREESCO;1;"CAZA 2020-2021 (WEB)";"BF21, BF22, BF23, CSW, RBE22, RBE23, RBE24, RBV22, RBV23, REVER242, RV21, TEMPORADA_INVIERNO";"14/04/2023 16:17:17";100124408;"100040123
"
519418-S;1;"CHAQUETA EVIA CLEFF-S T-S";"10/06/2019 14:32:57";53,99;54,75;1254;"EVIA SUMINISTROS EVIA, S.L.";0;;"BF21, BF22, BF23, CAMINO, COMPARADOR, COMP_FR, COMP_PT, IRN22, PRECIO_FIJO, RBE22, RBE23, RBE24, RBV23, RECOMENDADO, REVER242";"01/03/2024 13:15:05";100093780;"100031551
"
519418-XL;1;"CHAQUETA EVIA CLEFF-S T-XL";"10/06/2019 14:32:57";53,99;54,75;1254;"EVIA SUMINISTROS EVIA, S.L.";0;;"BF21, BF22, BF23, CAMINO, IRN22, RBE22, RBE23, RBE24, RBV23, RECOMENDADO, REVER242";"01/03/2024 13:15:05";100093783;"100031551
"
519418-XXL;1;"CHAQUETA EVIA CLEFF-S T-XXL";"10/06/2019 14:32:57";53,99;54,75;1254;"EVIA SUMINISTROS EVIA, S.L.";2;;"BF21, BF22, BF23, CAMINO, IRN22, RBE22, RBE23, RBE24, RBV23, RECOMENDADO, REVER242";"01/03/2024 13:15:05";100093784;"100031551
"
519421-L;1;"GUANTE EVIA URKO T-L";"10/06/2019 14:32:56";34,99;39,5;1254;"EVIA SUMINISTROS EVIA, S.L.";1;;"BF21, BF22, BF23, IRN21, RBE22, RBE23, RBE24, RBV23, REVER242";"01/03/2024 13:15:06";100093712;"100031531
"
519421-M;1;"GUANTE EVIA URKO T-M";"10/06/2019 14:32:56";34,99;39,5;1254;"EVIA SUMINISTROS EVIA, S.L.";3;;"BF21, BF22, BF23, COMPARADOR, COMP_FR, COMP_PT, IRN21, PRECIO_FIJO, RBE22, RBE23, RBE24, RBV23, REVER242";"01/03/2024 13:15:06";100093711;"100031531
"
519421-XL;1;"GUANTE EVIA URKO T-XL";"10/06/2019 14:32:56";34,99;39,5;1254;"EVIA SUMINISTROS EVIA, S.L.";2;;"BF21, BF22, BF23, IRN21, RBE22, RBE23, RBE24, RBV23, REVER242";"01/03/2024 13:15:06";100093713;"100031531
"
519421-XXL;1;"GUANTE EVIA URKO T-XXL";"10/06/2019 14:32:56";34,99;39,5;1254;"EVIA SUMINISTROS EVIA, S.L.";1;;"BF21, BF22, BF23, IRN21, RBE22, RBE23, RBE24, RBV23, REVER242";"01/03/2024 13:15:06";100093714;"100031531
"
519432-3XL;1;"CHALECO CRO JOLUVI HEAT NEGRO FA32-42 T-3XL";"25/07/2020 12:07:48";54,99;79,99;100002421;"JOLUVI, S.A.";10;"CAZA 2020-2021 (WEB)";"BATERIA, BF21, BF22, BF23, CALEFACTADO, CAZA2021, IRN21, RBE22, RBE24, RBV22, RECOMENDADO, REVER242, X23";;100109609;"100049675
"
519432-L;1;"CHALECO CRO JOLUVI HEAT NEGRO FA32-42 T-L";"21/06/2019 16:51:56";54,99;79,99;100002421;"JOLUVI, S.A.";24;"CAZA 2020-2021 (WEB)";"BATERIA, BF21, BF22, BF23, CALEFACTADO, IRN21, RBE22, RBE24, RBV22, RECOMENDADO, REGALAR, REVER242, TEMPORADA_INVIERNO, X23";"25/10/2022 9:33:56";100094384;"100049675
"
519432-M;1;"CHALECO CRO JOLUVI HEAT NEGRO FA32-42 T-M";"21/06/2019 16:51:56";54,99;79,99;100002421;"JOLUVI, S.A.";9;;"BATERIA, BF21, BF22, BF23, CALEFACTADO, IRN21, RBE22, RBE24, RBV22, RECOMENDADO, REGALAR, REVER242, X23";"25/10/2022 9:33:56";100094386;"100049675
"
519432-S;1;"CHALECO CRO JOLUVI HEAT NEGRO FA32-42 T-S";"21/06/2019 16:51:56";54,99;79,99;100002421;"JOLUVI, S.A.";18;"CAZA 2020-2021 (WEB)";"BATERIA, BF21, BF22, BF23, CALEFACTADO, IRN21, RBE22, RBE24, RBV22, RECOMENDADO, REGALAR, REVER242, TEMPORADA_INVIERNO, X23";"25/10/2022 9:33:56";100094385;"100049675
"
519432-XL;1;"CHALECO CRO JOLUVI HEAT NEGRO FA32-42 T-XL";"21/06/2019 16:51:56";54,99;79,99;100002421;"JOLUVI, S.A.";14;"CAZA 2020-2021 (WEB)";"BATERIA, BF21, BF22, BF23, CALEFACTADO, IRN21, RBE22, RBE23, RBE24, RBV22, RECOMENDADO, REGALAR, REVER242, X23";"25/10/2022 9:33:56";100094387;"100049675
"
519432-XXL;1;"CHALECO CRO JOLUVI HEAT NEGRO FA32-42 T-XXL";"21/06/2019 16:51:56";54,99;79,99;100002421;"JOLUVI, S.A.";3;"CAZA 2020-2021 (WEB)";"BATERIA, BF21, BF22, BF23, CALEFACTADO, IRN21, RBE22, RBE24, RBV22, RECOMENDADO, REGALAR, REVER242, X23";"25/10/2022 9:33:56";100094388;"100049675
"
519433-L;1;"CHALECO CRO JOLUVI HEAT VERDE FA22-32 T-L";"21/06/2019 16:51:57";54,99;79,99;100002421;"JOLUVI, S.A.";0;"CAZA 2020-2021 (WEB), CAZA 2018-2019";"BATERIA, BF21, BF22, BF23, CALEFACTADO, COMPARADOR, COMP_FR, COMP_PT, IRN21, RBE22, RBE23, RBE24, RBV22, RBV23, RECOMENDADO, REGALAR, REVER242, TEMPORADA_INVIERNO, X23";"25/10/2022 9:33:56";100094391;"100049675
"
519433-M;1;"CHALECO CRO JOLUVI HEAT VERDE FA22-32 T-M";"21/06/2019 16:51:56";54,99;79,99;100002421;"JOLUVI, S.A.";11;"CAZA 2020-2021 (WEB), CAZA 2018-2019";"BATERIA, BF21, BF22, BF23, CALEFACTADO, IRN21, RBE22, RBE23, RBE24, RBV22, RBV23, RECOMENDADO, REGALAR, REVER242, TEMPORADA_INVIERNO, X23";"25/10/2022 9:33:56";100094390;"100049675
"
519433-S;1;"CHALECO CRO JOLUVI HEAT VERDE FA22-32 T-S";"21/06/2019 16:51:56";54,99;79,99;100002421;"JOLUVI, S.A.";8;"CAZA 2020-2021 (WEB), CAZA 2018-2019";"BATERIA, BF21, BF22, BF23, CALEFACTADO, IRN21, RBE22, RBE23, RBE24, RBV22, RBV23, RECOMENDADO, REGALAR, REVER242, TEMPORADA_INVIERNO, X23";"25/10/2022 9:33:56";100094389;"100049675
"
519433-XL;1;"CHALECO CRO JOLUVI HEAT VERDE FA22-32 T-XL";"21/06/2019 16:51:56";54,99;79,99;100002421;"JOLUVI, S.A.";1;"CAZA 2020-2021 (WEB), CAZA 2018-2019";"BATERIA, BF21, BF22, BF23, CALEFACTADO, IRN21, RBE22, RBE23, RBE24, RBV22, RBV23, RECOMENDADO, REGALAR, REVER242, TEMPORADA_INVIERNO, X23";"25/10/2022 9:33:56";100094392;"100049675
"
519433-XXL;1;"CHALECO CRO JOLUVI HEAT VERDE FA22-32 T-XXL";"21/06/2019 16:51:56";54,99;79,99;100002421;"JOLUVI, S.A.";3;"CAZA 2020-2021 (WEB), CAZA 2018-2019";"BATERIA, BF21, BF22, BF23, CALEFACTADO, IRN21, RBE22, RBE23, RBE24, RBV22, RBV23, RECOMENDADO, REGALAR, REVER242, TEMPORADA_INVIERNO, X23";"25/10/2022 9:33:56";100094393;"100049675
"
519433-XXXL;1;"CHALECO CRO JOLUVI HEAT VERDE FA22-32 T-XXXL";"21/06/2019 16:51:56";54,99;79,99;100002421;"JOLUVI, S.A.";2;"CAZA 2020-2021 (WEB), CAZA 2018-2019";"BATERIA, BF21, BF22, BF23, CALEFACTADO, IRN21, RBE22, RBE23, RBE24, RBV22, RBV23, RECOMENDADO, REGALAR, REVER242, TEMPORADA_INVIERNO, X23";"25/10/2022 9:33:56";100094394;"100049675
"
519435N-L;1;"CHALECO SRA JOLUVI HEAT NEGRO FA22-32 T-L";"21/06/2019 16:51:56";45,99;74,9;100002421;"JOLUVI, S.A.";3;"CAZA 2020-2021 (WEB)";"BATERIA, BF21, BF22, BF23, CALEFACTADO, IRN21, MUJER, RBE22, RBE23, RBE24, RBV22, RBV23, RECOMENDADO, REGALAR, REVER242, TEMPORADA_INVIERNO, X23";"25/10/2022 9:33:57";100094400;"100031694
"
519435N-M;1;"CHALECO SRA JOLUVI HEAT NEGRO FA22-32 T-M";"21/06/2019 16:51:56";45,99;74,9;100002421;"JOLUVI, S.A.";2;"CAZA 2020-2021 (WEB)";"BATERIA, BF21, BF22, BF23, CALEFACTADO, IRN21, MUJER, RBE22, RBE23, RBE24, RBV22, RBV23, RECOMENDADO, REGALAR, REVER242, TEMPORADA_INVIERNO, X23";"25/10/2022 9:33:57";100094399;"100031694
"
519435N-S;1;"CHALECO SRA JOLUVI HEAT NEGRO FA22-32 T-S";"21/06/2019 16:51:56";45,99;74,9;100002421;"JOLUVI, S.A.";0;"CAZA 2020-2021 (WEB)";"BATERIA, BF21, BF22, BF23, CALEFACTADO, IRN21, MUJER, RBE22, RBE23, RBE24, RBV22, RBV23, RECOMENDADO, REGALAR, REVER242, TEMPORADA_INVIERNO, X23";"25/10/2022 9:33:57";100094398;"100031694
"
519435N-XL;1;"CHALECO SRA JOLUVI HEAT NEGRO FA22-32 T-XL";"25/07/2020 12:07:49";45,99;74,9;100002421;"JOLUVI, S.A.";0;"CAZA 2020-2021 (WEB)";"BATERIA, BF21, BF22, BF23, CALEFACTADO, CAZA2021, IRN21, MUJER, RBE22, RBE23, RBE24, RBV22, RBV23, RECOMENDADO, REGALAR, REVER242, TEMPORADA_INVIERNO, X23";"25/10/2022 9:33:57";100109610;"100031694
"
519435N-XS;1;"CHALECO SRA JOLUVI HEAT NEGRO FA22-32 T-XS";"21/06/2019 16:51:56";45,99;74,9;100002421;"JOLUVI, S.A.";0;"CAZA 2020-2021 (WEB)";"BATERIA, BF21, BF22, BF23, CALEFACTADO, IRN21, MUJER, RBE22, RBE23, RBE24, RBV22, RBV23, REGALAR, REVER242, TEMPORADA_INVIERNO, X23";"25/10/2022 9:33:57";100094397;"100031694
"
519435V-2XL;1;"CHALECO SRA JOLUVI HEAT VERDE FA22-32 T-2XL";"08/03/2022 15:58:44";45,99;74,9;100002421;"JOLUVI, S.A.";2;;"BATERIA, BF22, BF23, CALEFACTADO, RBE23, RBE24, RBV22, RBV23, RECOMENDADO, REGALAR, REVER242, X23";;100154480;"100031694
"
519435V-L;1;"CHALECO SRA JOLUVI HEAT VERDE FA22-32 T-L";"21/06/2019 16:51:56";45,99;74,9;100002421;"JOLUVI, S.A.";5;"CAZA 2020-2021 (WEB)";"BATERIA, BF21, BF22, BF23, CALEFACTADO, COMPARADOR, COMP_FR, COMP_PT, IRN21, IRN22, MUJER, RBE22, RBE23, RBE24, RBV22, RBV23, RECOMENDADO, REVER242, TEMPORADA_INVIERNO, X23";"25/10/2022 9:33:57";100094404;"100031694
"
519435V-M;1;"CHALECO SRA JOLUVI HEAT VERDE FA22-32 T-M";"21/06/2019 16:51:56";45,99;74,9;100002421;"JOLUVI, S.A.";2;"CAZA 2020-2021 (WEB)";"BATERIA, BF21, BF22, BF23, CALEFACTADO, IRN21, IRN22, MUJER, RBE22, RBE23, RBE24, RBV22, RBV23, RECOMENDADO, REVER242, TEMPORADA_INVIERNO, X23";"25/10/2022 9:33:57";100094405;"100031694
"
519435V-S;1;"CHALECO SRA JOLUVI HEAT VERDE FA22-32  T-S";"21/06/2019 16:51:56";45,99;74,9;100002421;"JOLUVI, S.A.";0;"CAZA 2020-2021 (WEB)";"BATERIA, BF21, BF22, BF23, CALEFACTADO, IRN21, IRN22, MUJER, RBE22, RBE23, RBE24, RBV22, RBV23, RECOMENDADO, REVER242, TEMPORADA_INVIERNO, X23";"25/10/2022 9:33:58";100094401;"100031694
"
519435V-XL;1;"CHALECO SRA JOLUVI HEAT VERDE FA22-32 T-XL";"21/06/2019 16:51:56";45,99;74,9;100002421;"JOLUVI, S.A.";2;"CAZA 2020-2021 (WEB)";"BATERIA, BF21, BF22, BF23, CALEFACTADO, IRN21, IRN22, MUJER, RBE22, RBE23, RBE24, RBV22, RBV23, RECOMENDADO, REVER242, TEMPORADA_INVIERNO, X23";"25/10/2022 9:33:58";100094403;"100031694
"
519435V-XS;1;"CHALECO SRA JOLUVI HEAT VERDE FA22-32 T-XS";"21/06/2019 16:51:56";45,99;74,9;100002421;"JOLUVI, S.A.";4;"CAZA 2020-2021 (WEB)";"BATERIA, BF21, BF22, BF23, CALEFACTADO, IRN21, IRN22, MUJER, RBE22, RBE23, RBE24, RBV22, RBV23, RECOMENDADO, REVER242, TEMPORADA_INVIERNO, X23";"25/10/2022 9:33:58";100094402;"100031694
"
519455-44;2;"SOFTSHELL SRA CHARLEY FA91-02 T-44";"25/06/2019 14:30:44";26,99;37,99;100003018;"REGATTA LTD";1;;"BF21, BF22, BF23, LB22, MUJER, OUTLET, RBE22, RBE23, RBE24, RBV22, REVER242, TEMPORADA_INVIERNO";;100096024;"100031916
"
519456-38;1;"PANTALON TRESSCO IMPERLIGHT FA02-12  T-38";"26/06/2019 15:56:12";55,99;55,99;100000926;TREESCO;0;"CAZA 2020-2021 (WEB)";"BF21, BF22, BF23, CSW, RBE22, RBE23, RBE24, RBV22, RBV23, REVER242, RV21, TEMPORADA_INVIERNO";"14/04/2023 16:17:17";100124406;"100040123
"
519456-40;1;"PANTALON TRESSCO IMPERLIGHT FA02-12  T-40";"26/06/2019 15:56:12";55,99;55,99;100000926;TREESCO;0;"CAZA 2020-2021 (WEB)";"BF21, BF22, BF23, CSW, RBE22, RBE23, RBE24, RBV22, RBV23, REVER242, RV21, TEMPORADA_INVIERNO";"14/04/2023 16:17:17";100124407;"100040123
"
519456-42;1;"PANTALON TRESSCO IMPERLIGHT FA02-12  T-42";"26/06/2019 15:56:12";55,99;55,99;100000926;TREESCO;1;"CAZA 2020-2021 (WEB)";"BF21, BF22, BF23, CSW, RBE22, RBE23, RBE24, RBV22, RBV23, REVER242, RV21, TEMPORADA_INVIERNO";"14/04/2023 16:17:17";100124408;"100040123
"
519456-44;1;"PANTALON TRESSCO IMPERLIGHT FA02-12  T-44";"26/06/2019 15:56:12";55,99;55,99;100000926;TREESCO;0;"CAZA 2020-2021 (WEB)";"BF21, BF22, BF23, CSW, RBE22, RBE23, RBE24, RBV22, RBV23, REVER242, RV21, TEMPORADA_INVIERNO";"14/04/2023 16:17:17";100124409;"100040123
"
519456-46;1;"PANTALON TRESSCO IMPERLIGHT FA02-12  T-46";"26/06/2019 15:56:12";55,99;55,99;100000926;TREESCO;0;"CAZA 2020-2021 (WEB)";"BF21, BF22, BF23, CSW, RBE22, RBE23, RBE24, RBV22, RBV23, REVER242, RV21, TEMPORADA_INVIERNO";"14/04/2023 16:17:17";100124410;"100040123
"
519456-48;1;"PANTALON TRESSCO IMPERLIGHT FA02-12  T-48";"26/06/2019 15:56:13";55,99;55,99;100000926;TREESCO;1;"CAZA 2020-2021 (WEB)";"BF21, BF22, BF23, CSW, RBE22, RBE23, RBE24, RBV22, RBV23, REVER242, RV21, TEMPORADA_INVIERNO";"14/04/2023 16:17:17";100124411;"100040123
"
519456-50;1;"PANTALON TREESCO IMPERLIGHT FA02-12  T-50";"26/06/2019 15:56:13";55,99;55,99;100000926;TREESCO;1;"CAZA 2020-2021 (WEB)";"BF21, BF22, BF23, CSW, RBE22, RBE23, RBE24, RBV22, RBV23, REVER242, RV21, TEMPORADA_INVIERNO";"14/04/2023 16:17:17";100124412;"100040123
"
519456-52;1;"PANTALON TRESSCO IMPERLIGHT FA02-12  T-52";"26/06/2019 15:56:13";55,99;55,99;100000926;TREESCO;1;"CAZA 2020-2021 (WEB)";"BF21, BF22, BF23, CSW, RBE22, RBE23, RBE24, RBV22, RBV23, REVER242, RV21, TEMPORADA_INVIERNO";"14/04/2023 16:17:17";100124413;"100040123
"
519456-54;1;"PANTALON TRESSCO IMPERLIGHT FA02-12  T-54";"26/06/2019 15:56:13";55,99;55,99;100000926;TREESCO;0;"CAZA 2020-2021 (WEB)";"BF21, BF22, BF23, CSW, RBE22, RBE23, RBE24, RBV22, RBV23, REVER242, RV21, TEMPORADA_INVIERNO";"14/04/2023 16:17:17";100124415;"100040123
"
519457-40;2;"PANTALON TRESSCO PANA NEW FA02-12  T-40";"26/06/2019 15:56:13";34,99;58,95;100000926;TREESCO;1;"CAZA 2020-2021 (WEB)";"BF21, BF22, BF23, OUTLET, RBE22, RBE23, RBE24, RBV23, REVER242";"14/04/2023 16:17:17";100102445;"100033862
"
519458-L;1;"PARKA PERCUSSION IMPERLIGHT FA02-12  T-L";"26/06/2019 15:56:11";99,99;102,95;100000926;TREESCO;1;"CAZA 2020-2021 (WEB)";"BF21, BF22, BF23, CSW, RBE22, RBE23, RBV22, REVER242, RV21, TEMPORADA_INVIERNO";"14/04/2023 16:17:17";100103543;"100034192
"
519458-M;1;"PARKA PERCUSSION IMPERLIGHT FA02-12  T-M";"26/06/2019 15:56:11";99,99;102,95;100000926;TREESCO;1;"CAZA 2020-2021 (WEB)";"BF21, BF22, BF23, CSW, RBE22, RBE23, RBE24, RBV22, REVER242, RV21, TEMPORADA_INVIERNO";"14/04/2023 16:17:17";100103542;"100034192
"
519458-XL;1;"PARKA PERCUSSION IMPERLIGHT FA02-12  T-XL";"26/06/2019 15:56:11";99,99;102,95;100000926;TREESCO;1;"CAZA 2020-2021 (WEB)";"BF21, BF22, BF23, CSW, RBE22, RBE23, RBV22, REVER242, RV21, TEMPORADA_INVIERNO";"14/04/2023 16:17:17";100103544;"100034192
"
519458-XXL;1;"PARKA PERCUSSION IMPERLIGHT FA02-12  T-XXL";"26/06/2019 15:56:11";99,99;102,95;100000926;TREESCO;0;"CAZA 2020-2021 (WEB)";"BF21, BF22, BF23, CSW, RBE22, RBE23, RBV22, REVER242, RV21, TEMPORADA_INVIERNO";"14/04/2023 16:17:17";100103545;"100034192
"
519460-L;1;"JERSEY PERCUSSION CUELLO ALTO FA22-32  T-L";"26/06/2019 15:56:14";52,99;52,99;100000926;TREESCO;1;"CAZA 2020-2021 (WEB)";"BF21, BF22, BF23, CSW, RBE22, RBE23, RBE24, RBV23, RECOMENDADO, REVER242, TEMPORADA_INVIERNO";"14/04/2023 16:17:18";100102434;"100033860
"
519460-M;1;"JERSEY PERCUSSION CUELLO ALTO FA22-32  T-M";"26/06/2019 15:56:13";52,99;52,99;100000926;TREESCO;0;"CAZA 2020-2021 (WEB)";"BF21, BF22, BF23, CSW, RBE22, RBE23, RBE24, RBV23, REVER242, TEMPORADA_INVIERNO";"14/04/2023 16:17:18";100102433;"100033860
"
519460-S;1;"JERSEY PERCUSSION CUELLO ALTO FA22-32  T-S";"26/06/2019 15:56:13";52,99;52,99;100000926;TREESCO;0;"CAZA 2020-2021 (WEB)";"BF21, BF22, BF23, CSW, RBE22, RBE23, RBE24, RBV23, REVER242, TEMPORADA_INVIERNO";"14/04/2023 16:17:18";100102432;"100033860
"
519460-XL;1;"JERSEY PERCUSSION CUELLO ALTO FA22-32  T-XL";"26/06/2019 15:56:14";52,99;52,99;100000926;TREESCO;2;"CAZA 2020-2021 (WEB)";"BF21, BF22, BF23, CSW, RBE22, RBE23, RBE24, RBV23, REVER242, TEMPORADA_INVIERNO";"14/04/2023 16:17:18";100102435;"100033860
"
519460-XXL;1;"JERSEY PERCUSSION CUELLO ALTO FA22-32  T-XXL";"26/06/2019 15:56:14";52,99;52,99;100000926;TREESCO;1;"CAZA 2020-2021 (WEB)";"BF21, BF22, BF23, CSW, RBE22, RBE23, RBE24, RBV23, REVER242, TEMPORADA_INVIERNO";"14/04/2023 16:17:18";100102436;"100033860
"
519460-XXXL;1;"JERSEY PERCUSSION CUELLO ALTO FA22-32 T-XXXL";"26/06/2019 15:56:12";52,99;52,99;100000926;TREESCO;2;"CAZA 2020-2021 (WEB)";"BF21, BF22, BF23, CSW, RBE22, RBE23, RBE24, RBV23, REVER242, TEMPORADA_INVIERNO";"14/04/2023 16:17:18";100102437;"100033860
"
519468-L;1;"CHALECO PERCUSSION SRA SCOTLAND FA32-42 T-L";"26/06/2019 15:56:14";42,99;42,99;100000926;TREESCO;2;"CAZA 2020-2021 (WEB)";"BF21, BF22, BF23, CSW, IRN21, RBE22, RBE23, RBE24, REVER242, TEMPORADA_INVIERNO";"14/04/2023 16:17:18";100102515;"100033885
"
519468-M;1;"CHALECO PERCUSSION SRA SCOTLAND FA32-42 T-M";"26/06/2019 15:56:13";42,99;42,99;100000926;TREESCO;2;"CAZA 2020-2021 (WEB)";"BF21, BF22, BF23, CSW, RBE22, RBE23, RBE24, REVER242, TEMPORADA_INVIERNO";"14/04/2023 16:17:18";100102514;"100033885
"
519468-S;1;"CHALECO PERCUSSION SRA SCOTLAND FA32-42 T-S";"26/06/2019 15:56:13";42,99;42,99;100000926;TREESCO;1;"CAZA 2020-2021 (WEB)";"BF21, BF22, BF23, CSW, IRN21, RBE22, RBE23, RBE24, REVER242, TEMPORADA_INVIERNO";"14/04/2023 16:17:18";100102513;"100033885
"
519468-XL;1;"CHALECO PERCUSSION SRA SCOTLAND FA32-42 T-XL";"26/06/2019 15:56:14";42,99;42,99;100000926;TREESCO;1;"CAZA 2020-2021 (WEB)";"BF21, BF22, BF23, CSW, IRN21, RBE22, RBE23, RBE24, REVER242, TEMPORADA_INVIERNO";"14/04/2023 16:17:18";100102516;"100033885
"
519468-XS;1;"CHALECO PERCUSSION SRA SCOTLAND FA32-42 T-XS";"26/06/2019 15:56:13";42,99;42,99;100000926;TREESCO;0;"CAZA 2020-2021 (WEB)";"BF21, BF22, BF23, CSW, RBE22, RBE23, RBE24, REVER242, TEMPORADA_INVIERNO";"14/04/2023 16:17:18";100102512;"100033885
"
519468-XXL;1;"CHALECO PERCUSSION SRA SCOTLAND FA32-42 T-2XL";"22/07/2022 19:45:28";42,99;42,99;100000926;TREESCO;0;;"BF22, BF23, CSW, RBE23, RBE24, REVER242";"14/04/2023 16:17:18";100154063;"100033885
"
519471-40;1;"PANTALON PERCUSSION GRAND NORD FA02-12  T- 40";"26/06/2019 16:02:54";135,99;135,99;100000926;TREESCO;0;"CAZA 2020-2021 (WEB), CAZA 2019-2020";"BF21, BF22, BF23, CSW, LB23, RBE22, RBE23, RBE24, RBV22, RBV23, REVER242, TEMPORADA_INVIERNO";"14/04/2023 16:17:17";100097311;"100032238
"
519471-42;1;"PANTALON PERCUSSION GRAND NORD FA02-12  T- 42";"26/06/2019 16:02:54";135,99;135,99;100000926;TREESCO;0;"CAZA 2020-2021 (WEB), CAZA 2019-2020";"BF21, BF22, BF23, CSW, LB23, RBE22, RBE23, RBE24, RBV22, RBV23, REVER242, TEMPORADA_INVIERNO";"14/04/2023 16:17:17";100097312;"100032238
"
519471-44;1;"PANTALON PERCUSSION GRAND NORD FA02-12  T- 44";"26/06/2019 16:02:54";135,99;135,99;100000926;TREESCO;0;"CAZA 2020-2021 (WEB), CAZA 2019-2020";"BF21, BF22, BF23, CSW, RBE22, RBE23, RBE24, RBV22, RBV23, REVER242, TEMPORADA_INVIERNO";"14/04/2023 16:17:17";100097313;"100032238
"
519471-46;1;"PANTALON PERCUSSION GRAND NORD FA02-12  T- 46";"26/06/2019 16:02:54";135,99;135,99;100000926;TREESCO;0;"CAZA 2020-2021 (WEB), CAZA 2019-2020";"BF21, BF22, BF23, CSW, LB23, RBE22, RBE23, RBE24, RBV22, RBV23, REVER242, TEMPORADA_INVIERNO";"14/04/2023 16:17:17";100097314;"100032238
"
519471-48;1;"PANTALON PERCUSSION GRAND NORD FA02-12 T- 48";"26/06/2019 16:02:54";135,99;135,99;100000926;TREESCO;1;"CAZA 2020-2021 (WEB), CAZA 2019-2020";"BF21, BF22, BF23, CSW, IRN21, LB23, RBE22, RBE23, RBE24, RBV22, RBV23, REVER242, TEMPORADA_INVIERNO";"14/04/2023 16:17:17";100097315;"100032238
"
519471-50;1;"PANTALON PERCUSSION GRAND NORD FA02-12  T- 50";"26/06/2019 16:02:54";135,99;135,99;100000926;TREESCO;2;"CAZA 2020-2021 (WEB), CAZA 2019-2020";"BF21, BF22, BF23, CSW, LB23, RBE22, RBE23, RBE24, RBV22, RBV23, REVER242, TEMPORADA_INVIERNO";"14/04/2023 16:17:17";100097316;"100032238
"
519471-52;1;"PANTALON PERCUSSION GRAND NORD FA02-12  T- 52";"26/06/2019 16:02:54";135,99;135,99;100000926;TREESCO;0;"CAZA 2020-2021 (WEB), CAZA 2019-2020";"BF21, BF22, BF23, CSW, RBE22, RBE23, RBE24, RBV22, RBV23, REVER242, TEMPORADA_INVIERNO";"14/04/2023 16:17:17";100097319;"100032238
"
519471-54;1;"PANTALON PERCUSSION GRAND NORD FA02-12  T- 54";"26/06/2019 16:02:55";135,99;135,99;100000926;TREESCO;0;"CAZA 2020-2021 (WEB), CAZA 2019-2020";"BF21, BF22, BF23, CSW, RBE22, RBE23, RBE24, RBV22, RBV23, REVER242, TEMPORADA_INVIERNO";"14/04/2023 16:17:17";100097317;"100032238
"
519472-L;2;"POLAR CHIRUCA AXE 08. Color Verde-Naranja. Talla L";"30/05/2019 16:49:15";119,99;119,99;9009;"CALZADOS FAL S.A.";1;"CAZA 2020-2021 (WEB), CAZA 2019-2020";"BF21, BF22, BF23, IRN21, IRN22, RBE22, RBE23, REVER242, TEMPORADA_INVIERNO";"07/06/2024 11:18:31";100094341;"100031681
"
519472-M;2;"POLAR CHIRUCA AXE 08. Color Verde-Naranja. Talla M";"30/05/2019 16:49:15";119,99;119,99;9009;"CALZADOS FAL S.A.";1;"CAZA 2020-2021 (WEB), CAZA 2019-2020";"BF21, BF22, BF23, IRN21, IRN22, RBE22, RBE23, REVER242";"07/06/2024 11:18:31";100094340;"100031681
"
519499-L;2;"CHAQUETA SOFTSHELL MOOR DEER HUNTER FA32-34  T-L";"22/07/2019 14:34:53";89,99;99;7043;"GAMO OUTDOOR S.L.";6;"CAZA 2020-2021 (WEB), CAZA 2019-2020";"BF21, BF22, BF23, RBE24, RECOMENDADO, REVER242, TEMPORADA_INVIERNO";"02/01/2023 8:47:09";100096527;"100031979
"
519499-M;2;"CHAQUETA SOFTSHELL MOOR DEER HUNTER FA32-34  T-M";"22/07/2019 14:34:53";89,99;99;7043;"GAMO OUTDOOR S.L.";1;"CAZA 2020-2021 (WEB), CAZA 2019-2020";"BF21, BF22, BF23, RBE24, RECOMENDADO, REVER242, TEMPORADA_INVIERNO";"02/01/2023 8:47:09";100096526;"100031979
"
519499-XL;2;"CHAQUETA SOFTSHELL MOOR DEER HUNTER FA32-34  T-XL";"22/07/2019 14:34:53";89,99;99;7043;"GAMO OUTDOOR S.L.";6;"CAZA 2020-2021 (WEB), CAZA 2019-2020";"BF21, BF22, BF23, RBE24, RECOMENDADO, REVER242";"02/01/2023 8:47:09";100096528;"100031979
"
519499-XXXL;2;"CHAQUETA SOFTSHELL MOOR DEER HUNTER FA32-34  T-XXXL";"03/09/2019 17:17:33";89,99;99;7043;"GAMO OUTDOOR S.L.";2;"CAZA 2020-2021 (WEB)";"BF21, BF22, BF23, RBE24, RECOMENDADO, REVER242, TEMPORADA_INVIERNO";"02/01/2023 8:47:09";100097992;"100031979
"
519510-3XL;2;"PANTALON BERETTA BROWN BEAR T-3XL";"15/01/2020 16:09:45";99,99;149,95;8007;"BERETTA BENELLI IBERICA, S.A.";2;;"BF21, BF22, BF23, IRN21, LB23, OUTLET, RBE22, RBE23, RBE24, RBV22, RBV23, REVER242, SD21, TEMPORADA_INVIERNO";;100112120;"100032021
"
519510-L;2;"PANTALON BERETTA BROWN BEAR T-L";"30/07/2019 10:18:52";99,99;139;8007;"BERETTA BENELLI IBERICA, S.A.";13;"CAZA 2019-2020";"BF21, BF22, BF23, IRN21, LB23, OUTLET, PRECIO_FIJO, RBE22, RBE23, RBE24, RBV22, RBV23, REVER242, SD21, TEMPORADA_INVIERNO";"18/03/2024 19:09:41";100096709;"100032021
"
519510-XL;2;"PANTALON BERETTA BROWN BEAR T-XL";"30/07/2019 10:18:52";99,99;139;8007;"BERETTA BENELLI IBERICA, S.A.";13;"CAZA 2019-2020";"BF21, BF22, BF23, IRN21, LB23, OUTLET, PRECIO_FIJO, RBE22, RBE23, RBE24, RBV22, RBV23, REVER242, SD21, TEMPORADA_INVIERNO";"18/03/2024 19:09:41";100096710;"100032021
"
519510-XXL;2;"PANTALON BERETTA BROWN BEAR T-XXL";"30/07/2019 10:18:52";99,99;139;8007;"BERETTA BENELLI IBERICA, S.A.";1;"CAZA 2019-2020";"BF21, BF23, LB23, OUTLET, PRECIO_FIJO, RBE22, RBE24, RBV22, REVER242, SD21, TEMPORADA_INVIERNO";"18/03/2024 19:09:41";100096711;"100032021
"
519512-L;2;"POLAR CLASSIC BROWN PERCUSSION T-L";"30/07/2019 10:36:30";27,99;39,99;100000926;TREESCO;1;"CAZA 2019-2020";"BF21, BF22, BF23, IRN21, LB23, OUTLET, RBE22, RBE23, RBE24, RBV22, RBV23, REVER242, SD21";;100096765;"100032035
"
519524-M;1;"CAMISA BERETTA FRANELA FA91-02  T-M";"02/08/2019 16:15:59";69,99;69,99;8007;"BERETTA BENELLI IBERICA, S.A.";0;;"BF21, BF22, BF23, IRN21, PRECIO_FIJO, RBE22, RBE23, RBV22, REVER242, RV21, TEMPORADA_INVIERNO";"18/03/2024 19:09:32";100103592;"100034205
"
519524-S;1;"CAMISA BERETTA FRANELA FA91-02 T-S";"02/08/2019 16:15:59";69,99;69,99;8007;"BERETTA BENELLI IBERICA, S.A.";0;;"BF21, BF22, BF23, IRN21, PRECIO_FIJO, RBE22, RBE23, RBV22, REVER242, RV21, TEMPORADA_INVIERNO";"18/03/2024 19:09:32";100103591;"100034205
"
519524-XXL;1;"CAMISA BERETTA FRANELA FA91-02  T-XXL";"02/08/2019 16:16:00";69,99;69,99;8007;"BERETTA BENELLI IBERICA, S.A.";0;;"BF21, BF22, BF23, IRN21, PRECIO_FIJO, RBE22, RBE23, RBV22, REVER242, RV21, TEMPORADA_INVIERNO";"18/03/2024 19:09:32";100103595;"100034205
"
519534-42;2;"PANTALON AIGLE BENYL FA12-22 T-42";"14/08/2019 14:03:15";73,99;104,99;1244;"AIGLE-TIM SPORT,S.L.";1;"CAZA 2020-2021 (WEB)";"BF21, BF22, BF23, CAMINO, LB23, OUTLET, RBE22, RBE23, RBE24, RBV22, RBV23, REVER242, RV21, TEMPORADA_INVIERNO";;100098434;"100032756
"
519591C-35;2;"D. CALCETIN MONCAYO CORTO P.M. FA91-02 T.35-37";"19/09/2019 11:35:19";19,99;19,99;100003640;"PASION MORENA .SL.";4;;"BF21, RBV23, REVER242";;100100547;"100033297
"
519591C-38;2;"D. CALCETIN MONCAYO CORTO P.M. FA91-02 T.38-40";"19/09/2019 11:35:19";19,99;19,99;100003640;"PASION MORENA .SL.";7;;"BF21, RBV23, REVER242";"07/06/2024 11:18:52";100100548;"100033297
"
519591C-41;1;"D. CALCETIN MONCAYO CORTO P.M. FA91-02 T.41-43";"19/09/2019 11:35:19";19,99;19,99;100003640;"PASION MORENA .SL.";4;;"BF21, RBV23, REVER242";"07/06/2024 11:18:52";100100549;"100033297
"
519591C-44;1;"D. CALCETIN MONCAYO CORTO P.M. FA91-02 T.44-46";"19/09/2019 11:35:19";19,99;19,99;100003640;"PASION MORENA .SL.";3;;"BF21, RBV23, REVER242";"07/06/2024 11:18:52";100100550;"100033297
"
5195945;1;"D. MANTA CAMO POLAR P.M. FA91-02";"19/09/2019 11:35:19";99,99;105,5;100003640;"PASION MORENA .SL.";2;;"BF22, BF23, RBE22, RBE23, RBE24, RBV22, RBV23, REVER242";"07/06/2024 11:18:53";100100569;"100033301
"
519599;2;"CONJUNTO GORRA BUFANDA BARBOUR";"04/10/2019 12:51:45";79,99;79,99;7009;"CLEMENTE GOMEZ DE ZAMORA S.A.";1;;"BF21, BF22, BF23, IRN21, RBE22, RBE23, RBE24, RBV22, RBV23, REGALAR, REVER242, RV21";;100101227;"100033443
"
524336;1;"JUEGO 6 COPAS VINO EN CAJA DE REGALO";"29/07/2019 17:47:30";59,99;59,99;100001114;"GEORG FRITZMANN & SÖHNE GMBH";4;"CAZA 2019-2020";"BF21, BF22, BF23, CSW, IRN21, IRN22, RBE22, RBE23, RBV22, RBV23, RECOMENDADO, REVER242";;100097290;"100032230
"
524339;1;"JUEGO DE ACEITE Y VINAGRE CON MOTIVOS DE CAZA";"29/07/2019 17:49:54";35,99;35,99;100001114;"GEORG FRITZMANN & SÖHNE GMBH";1;"CAZA 2019-2020";"BF21, BF22, BF23, CSW, IRN21, RBE22, RBE23, RBE24, RBV22, RBV23, RECOMENDADO, REGALAR, REVER242";;100097293;"100032233
"
524372;1;"JUEGO DE LICOR";"02/08/2006 10:55:37";62,99;62,99;100001114;"GEORG FRITZMANN & SÖHNE GMBH";4;"CAZA 2019-2020, CAZA 2018-2019, CAZA 2017-2018, CAZA 2016-2017, CAZA 2015-16, CAZA 2014-15";"BF21, BF22, BF23, CSW, IRN21, IRN22, RBE22, RBE23, RBE24, RBV22, RBV23, REVER242";;60836;"15601
"
524394;2;"BANDEJAS ADICIONALES PARA 5 HUEVOS PATO";"27/07/2010 12:35:05";12,99;17,99;100000001;"LINCU AVITEC, S.L (NO)";1;;"BF23, OUTLET, RBE24, RBV23, REVER242";;426828;"34404
"
524394-1;2;"BANDEJAS ADICIONALES PARA 14 HUEVOS FAISAN";"29/07/2011 16:12:41";11,99;16,99;100000001;"LINCU AVITEC, S.L (NO)";4;;"BF21, BF23, OUTLET, RBE24, RBV23, REVER242, RV21";;426829;"34404
"
524394-2;2;"BANDEJAS ADICIONALES PARA 24 HUEVOS PERDIZ";"29/07/2011 16:14:26";11,99;16,99;100000001;"LINCU AVITEC, S.L (NO)";1;;"BF21, BF23, OUTLET, RBE24, RBV23, REVER242";;426830;"34404
"
524394-3;2;"BANDEJAS ADICIONALES PARA 27 HUEVOS CODORNIZ";"29/07/2011 16:16:34";11,99;16,99;100000001;"LINCU AVITEC, S.L (NO)";3;;"BF21, BF23, OUTLET, RBE24, RBV23, REVER242, RV21";;426831;"34404
"
524405;2;"PELUCHE DE CAZA: JABALI GRANDE  ";"31/07/2008 12:50:37";49,99;69,99;73169;"ART DIFFUSION ";1;;"OUTLET, REVER242";;407578;"21702
"
524435;1;"PELUCHE DE CAZA JABALI SENTADO PEQUEÑO";"08/08/2013 13:56:52";25,99;29,99;100001289;"NATURE DE BRENNE S.A.R.L.";48;"CAZA 2019-2020, CAZA 2018-2019, CAZA 2017-2018, CAZA 2016-2017, CAZA 2014-15";"BF21, BF22, BF23, CSW, HORAS23, IRN21, RBE22, RBE23, RBE24, RBV22, RBV23, RECOMENDADO, REGALAR, REVER242";;100009959;"100004226
"
52443838-40;1;"ZAPATILLAS JABALI T-38/40";"08/08/2013 13:59:53";49,99;59,99;100001289;"NATURE DE BRENNE S.A.R.L.";29;"CAZA 2019-2020, CAZA 2018-2019, CAZA 2017-2018, CAZA 2016-2017, CAZA 2014-15";"BF23, CSW, HORAS23, IRN21, IRN22, RBE24, RECOMENDADO, REVER242";;100009968;"100004234
"
52443841-42;1;"ZAPATILLAS JABALI T-41/42";"08/08/2013 14:01:31";49,99;59,99;100001289;"NATURE DE BRENNE S.A.R.L.";14;"CAZA 2019-2020, CAZA 2018-2019, CAZA 2017-2018, CAZA 2016-2017, CAZA 2014-15";"CSW, HORAS23, IRN21, RBE24, RECOMENDADO, REGALAR, REVER242";;100009969;"100004234
"
52443843-44;1;"ZAPATILLAS JABALI T-43/44";"08/08/2013 14:02:06";49,99;59,99;100001289;"NATURE DE BRENNE S.A.R.L.";18;"CAZA 2019-2020, CAZA 2018-2019, CAZA 2017-2018, CAZA 2016-2017, CAZA 2014-15";"CSW, HORAS23, IRN21, RBE24, RECOMENDADO, REGALAR, REVER242";;100009971;"100004234
"
52443844-46;1;"ZAPATILLAS JABALI T-44/46";"23/03/2021 12:48:48";49,99;59,99;100001289;"NATURE DE BRENNE S.A.R.L.";12;;"CSW, HORAS23, RBE24, RECOMENDADO, REGALAR, REVER242";;100124883;"100004234
"
524439;1;"PELUCHE DE CAZA JABALI 25 CM";"08/08/2013 14:12:04";29,99;34,99;100001289;"NATURE DE BRENNE S.A.R.L.";29;"CAZA 2019-2020, CAZA 2018-2019, CAZA 2017-2018, CAZA 2016-2017, CAZA 2014-15";"BF21, BF22, CM22, CM23, CSW, HORAS23, IRN21, IRN22, RBE22, RBE24, RBV22, RECOMENDADO, REVER242";;100009961;"100040179
"
524447;1;"PELUCHE DE CAZA: MOCHILA JABALI";"18/03/2014 11:52:45";29,99;39,99;100001289;"NATURE DE BRENNE S.A.R.L.";15;"CAZA 2019-2020, CAZA 2018-2019, CAZA 2017-2018, CAZA 2016-2017, CAZA 2014-15";"BF21, BF22, BF23, CSW, HORAS23, IRN21, RBE22, RBE23, RBE24, RBV22, RBV23, RECOMENDADO, REGALAR, REVER242, RV21, 524448";;100014468;"100005983
"
524478;2;"BOTELLA TERMICA LAKEN CLASSIC ALUMINIO TURQUESA 1L";"28/05/2019 11:58:47";17,99;25,9;7033;"LAKEN S.A.";2;;"BF23, CAMINO, OUTLET, RBE24, RBV23, REVER242, RV21";"08/04/2024 9:07:47";100119792;"100030468
"
60600C;2;"CARGADOR REPUESTO CESKA CZ-75 16 TIROS";"18/06/2004 19:29:50";99,99;99,99;7001;"AGUIRRE Y CIA, S.A.";1;;"RBE22, RBV22, REVER242";;100184391;"100055866
"
60735;2;"PISTOLA GLOCK 26 GEN5";"28/07/2018 13:44:59";599,99;769;72810;"ARMERIA MARCOS, S.C.";2;"CAZA 2019-2020, CAZA 2018-2019";"COMPARADOR, EXCEPCION_2021, EXC_2022, NOGOO_ES, NOGOO_PT, OUTLET, REVER242";"19/10/2023 12:08:22";100078454;"100027088
"
707132;2;"LIBRO INCUNABLES: CAZA Y FAUNA";"24/03/2007 11:54:48";49,99;50;1210;"LA UNION LIBROS, S.L";1;;"BF22, OUTLET, RBE23, RBV22, RBV23, REVER242, RV21";;100183542;"100055636
"
707171;2;"EL NUEVO LIBRO DEL LABRADOR RETRIEVER";"22/05/2013 17:09:30";10,99;10,99;100001250;"SUSAETA EDICIONES, S.A.";1;;"OUTLET, RBE24, RBV22, REVER242, RV21";;100183602;"100055648
"
707201;2;"LIBRO EL LABRADOR RETRIEVER";"18/06/2004 19:29:50";15,99;15,99;17;"EDICIONES TUTOR, S.A.";2;;"BF22, REVER242, RV21";;100162365;"100050015
"
707203;2;"LIBRO EL POINTER";"18/06/2004 19:29:50";17,49;17,49;17;"EDICIONES TUTOR, S.A.";4;;"BF22, OUTLET, RBE24, RBV22, REVER242, RV21";;100162369;"100050017
"
707287;2;"LIBRO CARPA EN LA PESCA A MOSCA";"25/04/2014 12:46:02";13,99;15,99;73147;"EDITORIAL SEKOTIA, S.L";1;;"BF22, BF23, OUTLET, RBE23, RBE24, RBV22, RBV23, REVER242, RV21";;100162287;"100049997
"
707314;2;"LIBRO  LA PERDIZ Y SU CAZA AL SALTO Y EN MANO";"02/08/2005 13:30:26";17;17;17;"EDICIONES TUTOR, S.A.";4;;"OUTLET, RBE24, RBV22, REVER242, RV21";"07/06/2024 11:17:40";100183618;"100055652
"
718001-2;2;"COLECCION DVD LINDE Y RIBERA III";"02/08/2006 16:51:01";29,99;49,9;72886;"EDITORIAL ARMAZON S.A";1;;"BF21, BF22, BF23, OUTLET, RBE22, RBE23, RBE24, RBV22, RBV23, REVER242, RV21";;60922;"15673
"
718067;2;"COLECCION DVD : MODALIDADES TRADICIONALES DE CAZA";"29/07/2004 9:15:16";25,99;39,5;72747;"NATURIMATGE, S.L";2;;"BF21, BF22, BF23, OUTLET, RBE23, RBE24, RBV22, RBV23, REVER242, RV21";;48912;"13101
"
718109;2;"DVD MONTERIAS NOVA TOMA TODO SAFARI NAMIBIA";"08/08/2005 13:01:25";13,99;21;72878;"NOVA TOMA S L";2;;"BF21, BF22, BF23, OUTLET, RBE23, RBE24, RBV22, RBV23, REVER242, RV21";;53986;"14360
"
718145;2;"DVD CAZA INTERNACIONAL:SHOOT TO DEATH  (INGLES)";"23/04/2007 18:26:52";29,99;39;73091;"MARK SULLIVAN (NITRO EXPRESS SAFARIS)";1;;"BF22, BF23, OUTLET, RBE23, RBE24, RBV22, RBV23, REVER242";;68791;"16795
"
718176;2;"BATIDAS DE JABALI EN EL PIRINEO";"20/08/2010 12:09:24";13,99;17;1064;REIVAX-FILMS;1;;"BF21, BF22, BF23, OUTLET, RBE23, RBE24, RBV22, RBV23, REVER242, RV21";;422195;"33409
"
719012;2;"CD-ROM ''GUÍA COMPLETA DE RECARGA''";"18/06/2004 19:29:50";10,99;19;1184;OQUIRRH;1;;"BF21, BF22, BF23, OUTLET, RBE23, RBE24, RBV22, RBV23, REVER242, RV21";;38940;"11357
"
719058;2;"JUEGO PSP REEL FISHING";"20/12/2006 18:06:28";16,99;39,99;73007;"ZOO DIGITAL PUBLISHING (FUN BOX MEDIA)";10;;"BF21, BF22, BF23, OUTLET, RBE23, RBE24, RBV22, RBV23, REVER242, RV21";;63223;"16033
"
719072;2;"JUEGO PARA XBOX:  RAPALA FOR KINECT";"10/01/2012 10:31:14";44,99;79,99;1026;"REPRESENTACIONES SANJURJO";7;"PESCA 2016, PESCA 2015";"BF21, BF22, BF23, OUTLET, RBE23, RBE24, RBV22, RBV23, REVER242, RV21";;432103;"35788
"
719079;2;"JUEGO PARA NINTENDO 3DS REEL FISHING PARADISE 3D";"08/01/2013 18:21:22";19,99;39,95;73007;"ZOO DIGITAL PUBLISHING (FUN BOX MEDIA)";15;"PESCA 2016, PESCA 2015";"BF21, BF22, BF23, OUTLET, RBE23, RBE24, RBV22, RBV23, REVER242, RV21";;100005938;"100002519
"
75008-1;1;"PLANCHAS DE ALPACA 30X30";"04/08/2009 12:38:02";36,99;45,99;73114;"MANUALIDADES URREA S.L.";8;"COMPETICION 2017, COMPETICION 2015, CAZA 2019-2020, CAZA 2018-2019, CAZA 2017-2018, CAZA 2016-2017, CAZA 2015-16, CAZA 2014-15";"BF21, BF22, BF23, RBE22, RBE23, RBV22, REVER242";;415029;"32036
"
75160;1;"TROFEO FRONTAL DE CIERVO CON NARIZ (29 X 15 CM) ";"04/08/2008 20:44:47";27,99;34,99;73114;"MANUALIDADES URREA S.L.";5;"COMPETICION 2017, COMPETICION 2015, CAZA 2019-2020, CAZA 2017-2018, CAZA 2016-2017, CAZA 2015-16, CAZA 2014-15";"BF21, BF22, BF23, RBE22, RBE23, RBV22, REVER242";;407593;"21721
"
75183;1;"POLEA CON PERCHA";"26/03/2012 19:14:21";39,99;39,99;73009;"GSM, LLC";21;"COMPETICION 2017, CAZA 2019-2020, CAZA 2018-2019, CAZA 2017-2018, CAZA 2016-2017, CAZA 2015-16, CAZA 2014-15";"BERREA, BF21, BF22, BF23, COMPARADOR, COMP_FR, COMP_PT, RBE22, RBE23, RBE24, RBV22, RBV23, RECOMENDADO, REVER242";;100001662;"100000724
"
75256;2;"LLAVERO TECKEL";"30/07/2015 13:52:31";29,99;29,99;100001785;"REPLIC-HUNT,S.L. (ANTES PROMOTORA DE APLICACIONES)";1;"CAZA 2019-2020, CAZA 2018-2019, CAZA 2016-2017, CAZA 2015-16";"BF21, IRN21, REGALAR, REVER242";;100028377;"100010682
"
75258;2;"GEMELOS COTO PRIVADO DE CAZA";"30/07/2015 13:55:52";20,99;29,99;100001785;"REPLIC-HUNT,S.L. (ANTES PROMOTORA DE APLICACIONES)";1;"CAZA 2019-2020, CAZA 2018-2019, CAZA 2017-2018, CAZA 2016-2017, CAZA 2015-16";"BF23, IRN21, LB23, OUTLET, RBE24, RBV23, REGALAR, REVER242";;100028379;"100010684
"
75273;2;"LLAVERO GALGO";"27/07/2016 15:34:32";20,99;29,99;100001785;"REPLIC-HUNT,S.L. (ANTES PROMOTORA DE APLICACIONES)";1;"CAZA 2019-2020, CAZA 2018-2019, CAZA 2017-2018, CAZA 2016-2017";"BF21, BF23, IRN21, LB23, OUTLET, RBV23, REGALAR, REVER242, RV21";;100039832;"100014942
"
78102-G;1;"FUNDA DE NEOPRENO PARA VISOR VERSION XL";"20/07/2016 17:57:27";24,99;24,99;100001124;"HANGZHOU ZHONGKAI SPORTS TECHNOLOGY CO., LTD";82;"COMPETICION 2017, CAZA 2019-2020, CAZA 2018-2019, CAZA 2017-2018, CAZA 2016-2017";"BF23, RBE24, RBV23, RECOMENDADO, REVER242";;100040326;"11353
"
78119;2;"FUNDA DE CORDURA TOBILLERA PARA WALTHER PPK Y REVOLVER 2";"06/08/2008 9:31:18";20,99;29,99;72952;"AVENTURALIA (PIELCU, S.L.)";5;"COMPETICION 2017, CAZA 2019-2020, CAZA 2018-2019, CAZA 2017-2018, CAZA 2016-2017, CAZA 2015-16, CAZA 2014-15";"BF21, BF22, BF23, OUTLET, RBE23, RBE24, RBV22, RBV23, REVER242, RV21";;407509;"21643
"
78128;2;"INDICADOR SEGURIDAD ARMA DESCARGADA CAL.22 (10 UDS.)";"17/03/2014 17:24:25";8,99;12,99;9116;"STIL CRIN S.R.L.";7;"CAZA 2019-2020, CAZA 2018-2019, CAZA 2017-2018, CAZA 2016-2017";"BF23, OUTLET, RBE24, RBV23, REVER242";;100014406;"100005956
"
78129;2;"INDICADOR SEGURIDAD ARMA DESCARGADA CAL.9 MM PB (5 UDS.)";"17/03/2014 17:26:54";7,99;10,99;9116;"STIL CRIN S.R.L.";104;"CAZA 2019-2020, CAZA 2018-2019, CAZA 2017-2018, CAZA 2016-2017";"BF23, OUTLET, RBE24, RBV23, REVER242";;100014405;"100005956
"
90009;2;"LIMPIAVAINAS SMARTRELOADER TUMBLER NANO SR737";"06/08/2007 19:45:29";33,99;47,99;73115;"PRIMA ARMI, SRL.";15;"COMPETICION 2015, CAZA 2015-16, CAZA 2014-15";"BF23, COMPARADOR, COMP_FR, COMP_PT, HORAS23, OUTLET, RBE24, RBV23, REVER242";;425843;"34133
"
90012;2;"PRENSA MARK XVI RELOADING";"02/04/2009 18:32:07";79,99;99,99;73115;"PRIMA ARMI, SRL.";1;"COMPETICION 2017, CAZA 2017-2018";"BF21, BF22, BF23, OUTLET, RBE23, RBE24, RBV22, RBV23, REVER242, RV21";;413104;"31708
"
90061;2;"PUNTAS SELLIER & BELLOT MODELO 32 S&W WC (WADCUTTER)";"06/08/2009 12:42:30";16,99;20;100000247;"SPORT-JAGD S.L.";1;"COMPETICION 2017, COMPETICION 2015, CAZA 2016-2017, CAZA 2015-16, CAZA 2014-15";"BF21, RBE24, RBV22, REVER242, RV21";;413135;"31713
"
90062;2;"PUNTAS SELLIER & BELLOT MODELO 40 S&W FMJ (BLINDADA)";"06/08/2009 12:43:23";23,99;29,99;100000247;"SPORT-JAGD S.L.";3;;"BF21, BF22, BF23, OUTLET, RBE23, RBE24, RBV22, RBV23, REVER242, RV21";;413136;"31713
"
90076;2;"TORRETA DE TIRO SMARTRELOADER SR300";"24/03/2011 11:56:41";41,99;59,99;73115;"PRIMA ARMI, SRL.";5;"COMPETICION 2015, CAZA 2014-15";"COMPARADOR, COMP_FR, COMP_PT, OUTLET, RBE24, RBV23, REVER242";;425845;"34135
"
90165;2;"VAINAS SELLIER & BELLOT MODELO 6,5 X 55 SE";"06/08/2009 12:46:51";39,99;59,95;100000247;"SPORT-JAGD S.L.";3;"COMPETICION 2017, COMPETICION 2015, CAZA 2016-2017, CAZA 2015-16, CAZA 2014-15";"BF21, BF22, BF23, OUTLET, RBE23, RBE24, RBV22, RBV23, REVER242, RV21";;413110;"31712
"
90172;2;"VAINAS SELLIER & BELLOT MODELO 45 AUTO";"06/08/2009 12:55:17";22,99;32,95;100000247;"SPORT-JAGD S.L.";1;;"BF21, BF22, BF23, OUTLET, RBE23, RBE24, RBV22, RBV23, REVER242, RV21";;413117;"31712
"
B100032;2;"MOSQUETON CRESSI INOX 60 MM";"09/10/2004 11:14:19";3,99;3,99;1053;"CRESSI-SUB ESPAÑA, S.A.";175;"SUBMARINISMO 2016, SUBMARINISMO 2015";REVER242;"18/02/2021 10:58:11";100026235;"100009916
"
B100058;2;"MOSQUETON CRESSI INOX AISI 316 70MM (SS91)";"31/08/2019 10:57:47";3,99;4;1053;"CRESSI-SUB ESPAÑA, S.A.";17;;REVER242;"18/02/2021 10:58:11";100098099;"100009916
"
B100132;2;"KIT DE AGUAS FRÍAS MARES (MENOS MR 42)";"21/06/2007 10:21:25";51,99;84,95;1057;"MARES, S.P.A";2;;"BF21, BF22, BF23, NEBE VENTA PRIORITARIA, OUTLET, RBE22, RBE23, RBE24, RBV22, RBV23, REVER242, RV21";;100002841;"100001210
"
B100267;1;"OCTOPUS AQUALUNG CALYPSO TITAN CLASSIC";"19/04/2013 11:43:56";111,99;169;1052;"AQUALUNG ESPAÑA,S.L.";4;"SUBMARINISMO 2016";"BF21, BF22, BF23, COMPARADOR, COMP_FR, COMP_PT, IRN21, IRN22, RBE22, RBE23, RBE24, RBV23, REGALAR, REVER242, RV21";"20/02/2024 13:54:11";100016560;"100006388
"
B100322I;2;"REGULADOR CRESSI T10SC + XS COMPACT PRO CROMO INT (SS91)";"08/04/2019 20:55:36";320;320;1053;"CRESSI-SUB ESPAÑA, S.A.";2;;"BF22, BF23, COMPARADOR, COMP_FR, COMP_PT, IRN21, IRN22, NEBE VENTA PRIORITARIA, RBE22, RBE23, RBV22, RBV23, REGALAR, REVER242, RV21";"18/02/2021 10:58:10";100115480;"100037648
"
B100488-B;1;"ORDENADOR CRESSI DONATELLO BLACK/BLUE (SS02)";"12/02/2020 13:39:26";159,99;196;1053;"CRESSI-SUB ESPAÑA, S.A.";0;;"IRN21, IRN22, REVER242";"13/05/2024 14:19:19";100106133;"100035116
"
B100488-P;1;"ORDENADOR CRESSI DONATELLO BLACK /PINK (SS22)";"15/07/2022 12:43:14";159,99;196;1053;"CRESSI-SUB ESPAÑA, S.A.";1;;"BF23, IRN22, REVER242";"13/05/2024 14:19:19";100153334;"100035116
"
B100488-R;1;"ORDENADOR CRESSI DONATELLO BLACK/RED (SS02)";"12/02/2020 13:39:26";159,99;196;1053;"CRESSI-SUB ESPAÑA, S.A.";1;;"BF23, IRN21, IRN22, REVER242";"13/05/2024 14:19:19";100106132;"100035116
"
B100488-S;1;"ORDENADOR CRESSI DONATELLO BLACK/SILVER (SS02)";"12/02/2020 13:39:26";159,99;196;1053;"CRESSI-SUB ESPAÑA, S.A.";1;;"BF23, COMPARADOR, COMP_FR, COMP_PT, IRN21, IRN22, REVER242";"13/05/2024 14:19:19";100106131;"100035116
"
B100488-Y;1;"ORDENADOR CRESSI DONATELLO BLACK /YELLOW (SS22)";"15/07/2022 12:43:14";159,99;196;1053;"CRESSI-SUB ESPAÑA, S.A.";0;;"BF23, IRN22, REVER242";"13/05/2024 14:19:19";100153333;"100035116
"
B100556G-L;1;"ALETA APEKS RK3 GRIS T.L (SS02)";"17/02/2020 11:43:14";117,99;179;1052;"AQUALUNG ESPAÑA,S.L.";0;;"BF23, COMPARADOR, COMP_FR, COMP_PT, IRN22, RBE22, RBE24, RBV23, REGALAR, REVER242";"20/02/2024 13:54:14";100106345;"100043117
"
B100556G-M;1;"ALETA APEKS RK3 GRIS T.M (SS02)";"17/02/2020 11:43:14";117,99;179;1052;"AQUALUNG ESPAÑA,S.L.";0;;"BF23, IRN22, RBE22, RBE24, RBV23, REGALAR, REVER242";"20/02/2024 13:54:14";100106344;"100043117
"
B100556G-S;1;"ALETA APEKS RK3 GRIS T.S (SS02)";"17/02/2020 11:43:14";117,99;179;1052;"AQUALUNG ESPAÑA,S.L.";2;;"BF23, IRN22, RBE22, RBE24, RBV23, REGALAR, REVER242";"20/02/2024 13:54:14";100106343;"100043117
"
B100557B-L;2;"ALETA AQUALUNG STORM NAVY BLUE T.L/XL (SS02)";"17/02/2020 11:43:14";69,99;89;1052;"AQUALUNG ESPAÑA,S.L.";1;;"BF21, BF22, BF23, CM22, CM23, OUTLET, RBE22, RBE24, RBV22, REVER242";"20/02/2024 13:54:12";100106369;"100035175
"
B100557Y-XS;2;"ALETA AQUALUNG STORM TROPIC YELLOW T.XS/S (SS02)";"17/02/2020 11:43:14";69,99;89;1052;"AQUALUNG ESPAÑA,S.L.";1;;"BF21, BF23, CM22, CM23, OUTLET, RBE22, RBE24, RBV22, RBV23, REVER242";"04/01/2021 10:53:05";100106376;"100035175
"
B1005605-S;2;"MONOPIEZA AQUALUNG DYNAFLEX 5,5MM CRO. T.S (SS02)";"17/02/2020 11:47:52";259,99;369;1052;"AQUALUNG ESPAÑA,S.L.";3;;"BF21, BF22, BF23, IRN21, IRN22, NEBE VENTA PRIORITARIA, OUTLET, RBE22, RBE23, RBE24, RBV23, REGALAR, REVER242, SD21, X23";"20/06/2022 10:21:49";100107499;"100035438
"
B1005607-M;2;"MONOPIEZA AQUALUNG DYNAFLEX 7MM CRO. T.M (SS02)";"17/02/2020 11:47:52";289,99;409;1052;"AQUALUNG ESPAÑA,S.L.";1;;"BF21, BF22, BF23, CSW, IRN22, NEBE VENTA PRIORITARIA, OUTLET, RBE22, RBE23, RBE24, RBV22, RBV23, REGALAR, REVER242, RV21, SD21, X23";"20/06/2022 10:21:49";100107519;"100035438
"
B1005607-S;2;"MONOPIEZA AQUALUNG DYNAFLEX 7MM CRO. T.S (SS02)";"17/02/2020 11:47:52";289,99;409;1052;"AQUALUNG ESPAÑA,S.L.";1;;"BF21, BF22, BF23, CSW, IRN22, NEBE VENTA PRIORITARIA, OUTLET, RBE22, RBE23, RBE24, RBV22, RBV23, REGALAR, REVER242, RV21, SD21, X23";"20/06/2022 10:21:49";100107518;"100035438
"
B1005615-L;2;"MONOPIEZA AQUALUNG DYNAFLEX 5,5MM SRA. T.L (SS02)";"17/02/2020 11:49:24";268,99;369;1052;"AQUALUNG ESPAÑA,S.L.";1;;"BF21, BF22, BF23, IRN22, MUJER, NEBE VENTA PRIORITARIA, RBE23, RBE24, RBV23, REGALAR, REVER242, SD21, X23";"20/06/2022 10:21:49";100107515;"100035440
"
B1005615-ML;2;"MONOPIEZA AQUALUNG DYNAFLEX 5,5MM SRA. T.ML (SS02)";"17/02/2020 11:49:24";268,99;369;1052;"AQUALUNG ESPAÑA,S.L.";1;;"BF21, BF22, BF23, CSW, IRN22, MUJER, NEBE VENTA PRIORITARIA, RBE23, RBE24, RBV23, REGALAR, REVER242, SD21, X23";"20/06/2022 10:21:49";100107514;"100035440
"
B1005615-XL;2;"MONOPIEZA AQUALUNG DYNAFLEX 5,5MM SRA. T.XL (SS02)";"17/02/2020 11:49:24";268,99;369;1052;"AQUALUNG ESPAÑA,S.L.";1;;"BF21, BF22, BF23, CSW, IRN22, MUJER, NEBE VENTA PRIORITARIA, RBE23, RBE24, RBV23, REGALAR, REVER242, SD21, X23";"20/06/2022 10:21:49";100107516;"100035440
"
B1005617-L;2;"MONOPIEZA AQUALUNG DYNAFLEX 7MM SRA. T.L (SS02)";"17/02/2020 11:49:24";289,99;409;1052;"AQUALUNG ESPAÑA,S.L.";2;;"BF21, BF22, BF23, CSW, IRN22, MUJER, NEBE VENTA PRIORITARIA, OUTLET, RBE22, RBE24, RBV22, RBV23, REGALAR, REVER242, RV21, SD21, X23";"20/06/2022 10:21:49";100107528;"100035440
"
B1005617-ML;2;"MONOPIEZA AQUALUNG DYNAFLEX 7MM SRA. T.ML (SS02)";"17/02/2020 11:49:24";289,99;409;1052;"AQUALUNG ESPAÑA,S.L.";0;;"BF21, BF22, BF23, CSW, IRN22, MUJER, NEBE VENTA PRIORITARIA, OUTLET, RBE22, RBE24, RBV22, RBV23, REGALAR, REVER242, RV21, SD21, X23";"20/06/2022 10:21:49";100107527;"100035440
"
B1005617-XS;2;"MONOPIEZA AQUALUNG DYNAFLEX 7MM SRA. T.XS (SS02)";"17/02/2020 11:49:24";289,99;409;1052;"AQUALUNG ESPAÑA,S.L.";2;;"BF21, BF22, BF23, CSW, IRN22, MUJER, NEBE VENTA PRIORITARIA, OUTLET, RBE22, RBE24, RBV22, RBV23, REGALAR, REVER242, RV21, SD21, X23";"20/06/2022 10:21:49";100107524;"100035440
"
B100564-O;1;"BOYA APEKS SMB ORANGE 1,4M (SS02)";"17/02/2020 11:52:17";71,99;99;1052;"AQUALUNG ESPAÑA,S.L.";1;;"BF23, COMPARADOR, COMP_FR, COMP_PT, NEBE VENTA PRIORITARIA, RBE24, RBV22, RBV23, REVER242";"20/02/2024 13:54:14";100106384;"100035180
"
B100567;1;"MANOMETRO APEKS TEK GAUGE + HOSE (65CM) (SS02)";"17/02/2020 11:57:40";107,99;149;1052;"AQUALUNG ESPAÑA,S.L.";8;;"BF22, BF23, COMPARADOR, COMP_FR, COMP_PT, IRN21, RBE24, RBV23, REGALAR, REVER242";"20/02/2024 13:54:13";100107440;"100029879
"
B100568-GT;1;"MASCARA APEKS VX1 GRIS + LENTE TRANSPARENTE (SS02)";"17/02/2020 11:57:40";67,99;99;1052;"AQUALUNG ESPAÑA,S.L.";2;;"BF22, COMPARADOR, COMP_FR, COMP_PT, IRN22, RBE24, RBV23, REGALAR, REVER242";"20/02/2024 13:54:13";100107456;"100035428
"
B100569-AB;2;"MASCARA AQUALUNG PLAZMA AMARILLO/BLANCO (SS02)";"17/02/2020 11:57:40";54,99;69;1052;"AQUALUNG ESPAÑA,S.L.";1;;"BF22, BF23, IRN21, IRN22, RBE24, REVER242";"20/06/2022 10:21:47";100107457;"100029910
"
B100570-GB;2;"MASCARA AQUALUNG REVEAL X1 GLACIER/BLANCO (SS02)";"17/02/2020 11:57:40";36,99;65;1052;"AQUALUNG ESPAÑA,S.L.";1;;"BF21, BF22, BF23, IRN21, IRN22, OUTLET, RBE22, RBE23, RBE24, RBV22, RBV23, REVER242";"04/01/2021 10:53:05";100107465;"100017988
"
B100572-BF;2;"MASCARA AQUALUNG SPHERA X FALDON SILICONA BLANCA/FRAMBUESA (SS02)";"17/02/2020 11:57:40";42,99;65;1052;"AQUALUNG ESPAÑA,S.L.";1;;"BF21, BF22, BF23, CM22, CM23, IRN21, OUTLET, RBE22, RBE23, RBE24, RBV22, RBV23, REVER242";"04/01/2021 10:53:05";100107482;"100035430
"
B100572-N;2;"MASCARA AQUALUNG SPHERA X FALDON SILICONA NEGRA (SS02)";"17/02/2020 11:57:40";52,99;79;1052;"AQUALUNG ESPAÑA,S.L.";2;;"BF21, BF22, BF23, CM22, CM23, IRN21, OUTLET, RBE22, RBE23, RBE24, RBV22, RBV23, REVER242";"20/02/2024 13:54:12";100107478;"100035430
"
B100573;1;"OCTOPUS AQUALUNG LEG3ND SUPREME (SS02)";"17/02/2020 11:57:40";168,99;229;1052;"AQUALUNG ESPAÑA,S.L.";2;;"BF22, COMPARADOR, COMP_FR, COMP_PT, IRN21, IRN22, RBE23, RBE24, RBV23, REVER242";"20/02/2024 13:54:11";100107534;"100035442
"
B100574;1;"ORDENADOR AQUALUNG I470tc (SS02)";"17/02/2020 11:57:40";386,99;499;1052;"AQUALUNG ESPAÑA,S.L.";5;;"BF22, BF23, COMPARADOR, COMP_FR, COMP_PT, EXC_INT, IRN21, IRN22, RBE24, RBV23, REGALAR, REVER242";"20/02/2024 13:54:11";100107535;"100035443
"
B100575-A;1;"TROLLEY AQUALUNG ROLLER EXPLORER II AZUL (SS02)";"17/02/2020 11:57:40";151,99;199;1052;"AQUALUNG ESPAÑA,S.L.";0;;"BF23, COMPARADOR, COMP_FR, COMP_PT, IRN21, IRN22, RBE23, RBE24, RBV23, REGALAR, REVER242, X23";"20/02/2024 13:54:13";100107536;"100035444
"
B100631;1;"OCTOPUS CRESSI XS COMPACT";"13/04/2011 17:54:13";70,99;112;1053;"CRESSI-SUB ESPAÑA, S.A.";11;"SUBMARINISMO 2016, SUBMARINISMO 2015";"BF22, BF23, COMPARADOR, COMP_FR, COMP_PT, IRN21, IRN22, RBE22, RBE23, RBE24, REGALAR, REVER242, RV21";"03/04/2024 13:47:03";425972;"34177
"
B100632-V;2;"AQUALUNG OMNI KIT COLOR VERDE AZULADO (SS02)";"20/02/2020 18:08:25";103,99;129;1052;"AQUALUNG ESPAÑA,S.L.";1;;"BF22, BF23, OUTLET, RBE22, RBE23, RBE24, RBV22, RBV23, REVER242";"20/06/2022 10:21:47";100107542;"100035447
"
B100634;1;"BUNGEE MOUNT COMPASS APEKS (SS02)";"20/02/2020 18:08:26";63,99;89;1052;"AQUALUNG ESPAÑA,S.L.";0;;"BF23, COMPARADOR, COMP_FR, COMP_PT, RBE24, RBV23, REVER242";"20/02/2024 13:54:14";100107640;"100035457
"
B100639-S;2;"JACKET AQUALUNG OMNI (NECESITA KIT COLOR) T.SM (SS02)";"20/02/2020 18:08:25";419,99;699;1052;"AQUALUNG ESPAÑA,S.L.";1;;"BF22, COMPARADOR, COMP_FR, COMP_PT, EXC_INT, OUTLET, RBE23, RBV22, RBV23, REVER242";"03/01/2023 10:08:25";100107574;"100035448
"
B100643-SET;1;"SET APEKS MTX-CR MONOBOTELLA LATIGUILLO LARGO + BOLSA (SS02)";"20/02/2020 18:08:26";839,99;1399;1052;"AQUALUNG ESPAÑA,S.L.";0;;"BF22, BF23, COMPARADOR, COMP_FR, COMP_PT, EXCEPCION_2021, EXC_2022, RBE23, RBE24, RBV22, RBV23, REVER242";"20/02/2024 13:54:13";100107672;"100035464
"
B100662G;1;"REGULADOR CRESSI MC9 + XS COMPACT NEGRO / GRIS INT (1220)";"26/03/2012 13:08:54";176,99;264;1053;"CRESSI-SUB ESPAÑA, S.A.";2;"SUBMARINISMO 2016, SUBMARINISMO 2015";"BF21, BF22, BF23, CM22, CM23, COMPARADOR, COMP_FR, COMP_PT, COMUNIONES, IRN22, RBE22, RBE23, RBE24, REGALAR, REVER242, RV21";"03/04/2024 13:47:03";100002003;"100000875
"
B100662GD;1;"REGULADOR CRESSI MC9 + XS COMPACT NEGRO / GRIS DIN (1220)";"26/03/2012 13:08:54";176,99;264;1053;"CRESSI-SUB ESPAÑA, S.A.";5;"SUBMARINISMO 2016, SUBMARINISMO 2015";"BF21, BF22, BF23, CM22, CM23, COMUNIONES, IRN21, IRN22, RBE22, RBE23, RBE24, REGALAR, REVER242, RV21";"03/04/2024 13:47:03";100002004;"100000875
"
B100674;1;"REGULADOR CRESSI MC9-SC + XS COMPACT PRO INT";"16/04/2014 10:30:40";210,99;312;1053;"CRESSI-SUB ESPAÑA, S.A.";4;"SUBMARINISMO 2016";"BF22, BF23, COMPARADOR, COMP_FR, COMP_PT, IRN22, RBE22, RBE23, RBE24, RBV22, RBV23, REGALAR, REVER242";"03/04/2024 13:47:04";100016554;"100006385
"
B100674D;1;"REGULADOR CRESSI MC9-SC + XS COMPACT PRO DIN 300";"16/04/2014 10:31:40";210,99;312;1053;"CRESSI-SUB ESPAÑA, S.A.";5;"SUBMARINISMO 2016";"BF22, BF23, IRN21, IRN22, RBE22, RBE23, RBE24, RBV22, REGALAR, REVER242";"03/04/2024 13:47:04";100016555;"100006385
"
B100680;1;"REGULADOR SCUBAPRO MK25 EVO + A700 INT ";"13/01/2015 13:47:18";789,99;1040;100002778;"JOHNSON-OUTDOORS ";1;"SUBMARINISMO 2016, SUBMARINISMO 2015";"BF23, EXCEPCION_2021, EXCLUIR_PROMO, EXC_2022, IRN21, IRN22, RBE23, RBE24, RBV23, REGALAR, REGOC, REVER242, RV21";"22/03/2024 18:34:36";100026091;"100009878
"
B100680-1;1;"REGULADOR SCUBAPRO MK25 EVO + A700 DIN ";"13/01/2015 13:47:18";789,99;1040;100002778;"JOHNSON-OUTDOORS ";2;"SUBMARINISMO 2016, SUBMARINISMO 2015";"BF23, COMPARADOR, COMP_FR, COMP_PT, EXCEPCION_2021, EXCLUIR_PROMO, EXC_2022, IRN22, RBE23, RBE24, RBV23, REGALAR, REGOC, REVER242, RV21";"22/03/2024 18:34:36";100026092;"100009878
"
B100690-3L;2;"ESCARPIN CRESSI C/SUELA ISLA 3MM T.L (SS02)";"21/02/2020 16:00:24";38,99;49;1053;"CRESSI-SUB ESPAÑA, S.A.";10;;"BF21, BF22, IRN22, NEBE VENTA PRIORITARIA, OUTLET, RBE24, RBV22, RBV23, REGALAR, REVER242";"03/04/2024 13:47:02";100107197;"100035385
"
B100690-3M;2;"ESCARPIN CRESSI C/SUELA ISLA 3MM T.M (SS02)";"21/02/2020 16:00:24";38,99;49;1053;"CRESSI-SUB ESPAÑA, S.A.";12;;"BF21, BF22, IRN22, NEBE VENTA PRIORITARIA, OUTLET, RBE24, RBV22, RBV23, REGALAR, REVER242";"03/04/2024 13:47:02";100107196;"100035385
"
B100690-3S;2;"ESCARPIN CRESSI C/SUELA ISLA 3MM T.S (SS02)";"21/02/2020 16:00:24";38,99;49;1053;"CRESSI-SUB ESPAÑA, S.A.";18;;"BF21, BF22, IRN22, NEBE VENTA PRIORITARIA, OUTLET, RBE24, RBV22, RBV23, REGALAR, REVER242";"03/04/2024 13:47:02";100107195;"100035385
"
B100690-3XL;2;"ESCARPIN CRESSI C/SUELA ISLA 3MM T.XL (SS02)";"21/02/2020 16:00:24";38,99;49;1053;"CRESSI-SUB ESPAÑA, S.A.";10;;"BF21, BF22, IRN22, NEBE VENTA PRIORITARIA, OUTLET, RBE24, RBV22, RBV23, REGALAR, REVER242";"03/04/2024 13:47:02";100107198;"100035385
"
B100690-3XS;2;"ESCARPIN CRESSI C/SUELA ISLA 3MM T.XS (SS02)";"21/02/2020 16:00:24";38,99;49;1053;"CRESSI-SUB ESPAÑA, S.A.";8;;"BF21, BF22, IRN22, NEBE VENTA PRIORITARIA, OUTLET, RBE24, RBV22, RBV23, REGALAR, REVER242";"03/04/2024 13:47:02";100107194;"100035385
"
B100690-3XXL;2;"ESCARPIN CRESSI C/SUELA ISLA 3MM T.XXL (SS02)";"21/02/2020 16:00:24";38,99;49;1053;"CRESSI-SUB ESPAÑA, S.A.";8;;"BF21, BF22, IRN22, NEBE VENTA PRIORITARIA, OUTLET, RBE24, RBV22, RBV23, REGALAR, REVER242";"03/04/2024 13:47:04";100107199;"100035385
"
B100690-5L;1;"ESCARPIN CRESSI C/SUELA ISLA 5MM T.L (SS02)";"21/02/2020 16:00:24";41,99;52;1053;"CRESSI-SUB ESPAÑA, S.A.";0;;"BF21, IRN22, RBV22, RBV23, REGALAR, REVER242, RV21, SD21";"03/04/2024 13:47:02";100107203;"100035385
"
B100690-5M;1;"ESCARPIN CRESSI C/SUELA ISLA 5MM T.M (SS02)";"21/02/2020 16:00:24";41,99;52;1053;"CRESSI-SUB ESPAÑA, S.A.";1;;"BF21, IRN22, RBV22, RBV23, REGALAR, REVER242, RV21, SD21";"03/04/2024 13:47:02";100107202;"100035385
"
B100690-5S;1;"ESCARPIN CRESSI C/SUELA ISLA 5MM T.S (SS02)";"21/02/2020 16:00:24";41,99;52;1053;"CRESSI-SUB ESPAÑA, S.A.";4;;"BF21, IRN22, RBE24, RBV22, RBV23, REGALAR, REVER242, RV21";"03/04/2024 13:47:02";100107201;"100035385
"
B100690-5XL;1;"ESCARPIN CRESSI C/SUELA ISLA 5MM T.XL (SS02)";"21/02/2020 16:00:24";41,99;52;1053;"CRESSI-SUB ESPAÑA, S.A.";1;;"BF21, IRN22, RBE24, RBV22, RBV23, REGALAR, REVER242, RV21, SD21";"03/04/2024 13:47:02";100107204;"100035385
"
B100690-5XS;1;"ESCARPIN CRESSI C/SUELA ISLA 5MM T.XS (SS02)";"21/02/2020 16:00:24";41,99;52;1053;"CRESSI-SUB ESPAÑA, S.A.";0;;"BF21, IRN22, RBV22, RBV23, REGALAR, REVER242, RV21";"03/04/2024 13:47:02";100107200;"100035385
"
B100690-5XXL;1;"ESCARPIN CRESSI C/SUELA ISLA 5MM T.XXL (SS02)";"21/02/2020 16:00:24";41,99;52;1053;"CRESSI-SUB ESPAÑA, S.A.";3;;"BF21, IRN22, RBE24, RBV22, RBV23, REGALAR, REVER242, RV21, SD21";"03/04/2024 13:47:04";100107205;"100035385
"
B100691-L;1;"ESCARPIN CRESSI C/SUELA KORSOR 5MM T.L (SS02)";"21/02/2020 16:00:23";62,99;94;1053;"CRESSI-SUB ESPAÑA, S.A.";10;;"BF22, RBE24, RBV22, RBV23, REGALAR, REVER242";"03/04/2024 13:47:06";100107183;"100035379
"
B100691-M;1;"ESCARPIN CRESSI C/SUELA KORSOR 5MM T.M (SS02)";"21/02/2020 16:00:23";62,99;94;1053;"CRESSI-SUB ESPAÑA, S.A.";9;;"BF22, RBE24, RBV22, RBV23, REGALAR, REVER242";"03/04/2024 13:47:06";100107182;"100035379
"
B100691-S;1;"ESCARPIN CRESSI C/SUELA KORSOR 5MM T.S (SS02)";"21/02/2020 16:00:23";62,99;94;1053;"CRESSI-SUB ESPAÑA, S.A.";5;;"BF22, COMPARADOR, COMP_FR, COMP_PT, RBE24, RBV22, RBV23, REGALAR, REVER242";"03/04/2024 13:47:06";100107181;"100035379
"
B100691-XL;1;"ESCARPIN CRESSI C/SUELA KORSOR 5MM T.XL (SS02)";"21/02/2020 16:00:24";62,99;94;1053;"CRESSI-SUB ESPAÑA, S.A.";2;;"BF22, RBE24, RBV22, RBV23, REGALAR, REVER242";"03/04/2024 13:47:06";100107184;"100035379
"
B100691-XXL;1;"ESCARPIN CRESSI C/SUELA KORSOR 5MM T.XXL (SS02)";"21/02/2020 16:00:24";62,99;94;1053;"CRESSI-SUB ESPAÑA, S.A.";3;;"BF22, RBE24, RBV22, RBV23, REGALAR, REVER242";"03/04/2024 13:47:06";100107185;"100035379
"
B100696-S;2;"JACKET CRESSI AVIATOR T.S (SS02)";"21/02/2020 16:07:42";429;429;1053;"CRESSI-SUB ESPAÑA, S.A.";1;;"BF21, BF22, BF23, EXC_2022, OUTLET, RBE22, RBE24, RBV23, REVER242, SD21";"06/03/2023 18:47:08";100107737;"100035481
"
B100699-2;1;"MONOPIEZA CRESSI SKIN 1MM CRO. T.2 (SS02)";"21/02/2020 16:08:58";57,99;73;1053;"CRESSI-SUB ESPAÑA, S.A.";0;;"BF22, BF23, COMPARADOR, COMP_FR, COMP_PT, CSW, RBV22, RBV23, REVER242";"03/04/2024 13:47:07";100107805;"100035505
"
B100699-3;1;"MONOPIEZA CRESSI SKIN 1MM CRO. T.3 (SS02)";"21/02/2020 16:08:58";57,99;73;1053;"CRESSI-SUB ESPAÑA, S.A.";0;;"BF22, BF23, CSW, RBE23, RBV22, RBV23, REVER242";"03/04/2024 13:47:07";100107806;"100035505
"
B100699-4;1;"MONOPIEZA CRESSI SKIN 1MM CRO. T.4 (SS02)";"21/02/2020 16:08:58";57,99;73;1053;"CRESSI-SUB ESPAÑA, S.A.";0;;"BF22, BF23, CSW, RBE23, RBV22, RBV23, REVER242";"03/04/2024 13:47:07";100107807;"100035505
"
B100699-5;1;"MONOPIEZA CRESSI SKIN 1MM CRO. T.5 (SS02)";"21/02/2020 16:08:58";57,99;73;1053;"CRESSI-SUB ESPAÑA, S.A.";0;;"BF22, BF23, CSW, RBE23, RBE24, RBV22, RBV23, REVER242";"03/04/2024 13:47:07";100107808;"100035505
"
B100699-6;1;"MONOPIEZA CRESSI SKIN 1MM CRO. T.6 (SS02)";"21/02/2020 16:08:58";57,99;73;1053;"CRESSI-SUB ESPAÑA, S.A.";0;;"BF22, BF23, CSW, RBV22, RBV23, REVER242";"03/04/2024 13:47:07";100107809;"100035505
"
B100701-1;1;"MONOPIEZA CRESSI SKIN 1MM SRA. T.1 (SS02)";"21/02/2020 16:08:58";57,99;73;1053;"CRESSI-SUB ESPAÑA, S.A.";0;;"BF22, COMPARADOR, COMP_FR, COMP_PT, CSW, RBV22, REVER242";"03/04/2024 13:47:07";100107810;"100035506
"
B100701-2;1;"MONOPIEZA CRESSI SKIN 1MM SRA. T.2 (SS02)";"21/02/2020 16:08:58";57,99;73;1053;"CRESSI-SUB ESPAÑA, S.A.";0;;"BF22, CSW, RBE23, RBV22, REVER242";"03/04/2024 13:47:07";100107811;"100035506
"
B100701-3;1;"MONOPIEZA CRESSI SKIN 1MM SRA. T.3 (SS02)";"21/02/2020 16:08:58";57,99;73;1053;"CRESSI-SUB ESPAÑA, S.A.";0;;"BF22, CSW, RBE23, RBV22, REVER242";"03/04/2024 13:47:07";100107812;"100035506
"
B100701-4;1;"MONOPIEZA CRESSI SKIN 1MM SRA. T.4 (SS02)";"21/02/2020 16:08:58";57,99;73;1053;"CRESSI-SUB ESPAÑA, S.A.";0;;"BF22, CSW, RBE23, RBV22, REVER242";"03/04/2024 13:47:07";100107813;"100035506
"
B100701-5;1;"MONOPIEZA CRESSI SKIN 1MM SRA. T.5 (SS02)";"21/02/2020 16:08:58";57,99;73;1053;"CRESSI-SUB ESPAÑA, S.A.";0;;"BF22, CSW, RBV22, REVER242";"03/04/2024 13:47:07";100107814;"100035506
"
B100706-I;1;"REGULADOR CRESSI MC9 + XS COMPACT BLANCA INT (SS02)";"21/02/2020 16:21:24";179,99;264;1053;"CRESSI-SUB ESPAÑA, S.A.";1;;"BF22, BF23, COMPARADOR, COMP_FR, COMP_PT, IRN22, RBE22, RBE23, REGALAR, REVER242, RV21";"03/04/2024 13:47:06";100107819;"100035507
"
B100712;1;"TROLLEY CRESSI TUNA ROLL 120L (90X38X32) (SS02)";"21/02/2020 16:21:25";129,99;204;1053;"CRESSI-SUB ESPAÑA, S.A.";2;;"BF22, BF23, COMPARADOR, COMP_FR, COMP_PT, IRN21, IRN22, RBE23, RBE24, RBV22, REGALAR, REVER242";"03/04/2024 13:47:06";100107832;"100035512
"
B100714;1;"TROLLEY CRESSI PIPER 50L (35X19X55) (SS02)";"21/02/2020 16:21:25";106,99;141;1053;"CRESSI-SUB ESPAÑA, S.A.";1;;"CM22, CM23, COMPARADOR, COMP_FR, COMP_PT, IRN21, REVER242";"03/04/2024 13:47:06";100107827;"100035510
"
B100722;1;"REGULADOR SCUBAPRO MK17 EVO + S600 DIN ";"02/03/2016 11:48:47";526,99;695;100002778;"JOHNSON-OUTDOORS ";1;"SUBMARINISMO 2016";"BF22, BF23, COMPARADOR, COMP_FR, COMP_PT, CSW, EXCEPCION_2021, EXC_2022, IRN21, RBE23, RBE24, RBV23, REGALAR, REGOC, REVER242";"22/03/2024 18:34:36";100033970;"100012877
"
B100722-I;1;"REGULADOR SCUBAPRO MK17 EVO + S600 INT ";"02/03/2016 12:48:47";526,99;695;100002778;"JOHNSON-OUTDOORS ";1;"SUBMARINISMO 2016";"BF22, BF23, CSW, EXC_2022, IRN21, RBE23, RBE24, RBV23, REGALAR, REGOC, REVER242";"22/03/2024 18:34:36";100033967;"100012877
"
B100729-I;2;"REGULADOR BEUCHAT VR200 SOFT TOUCH HF INT. (1620)";"08/04/2016 14:32:02";274,99;459;1059;"BEUCHAT SUB ESPAÑA, S.A.";2;"SUBMARINISMO 2016";"BF21, BF22, BF23, COMPARADOR, COMP_FR, COMP_PT, IRN21, NEBE VENTA PRIORITARIA, OUTLET, RBE22, RBE23, RBE24, RBV22, RBV23, REVER242, RV21, SD21";;100036996;"100013629
"
B100737-I;2;"REGULADOR CRESSI T10SC + MASTER CHROME R INT (1620)";"13/04/2016 10:18:04";399;449;1053;"CRESSI-SUB ESPAÑA, S.A.";2;"SUBMARINISMO 2016";"BF21, BF22, BF23, IRN21, IRN22, NEBE VENTA PRIORITARIA, OUTLET, RBE22, RBE23, RBV22, RBV23, REVER242, RV21, SD21";;100037329;"100013811
"
B100739;1;"REGULADOR APEKS MTX-R DIN (SS71)";"14/03/2017 13:36:37";628,99;949;1052;"AQUALUNG ESPAÑA,S.L.";0;;"BF22, BF23, COMPARADOR, COMP_FR, COMP_PT, EXCEPCION_2021, EXCLUIR_PROMO, EXC_2022, IRN21, IRN22, RBE23, RBE24, RBV22, RBV23, REVER242, RV21";"20/02/2024 13:54:13";100049256;"100017998
"
B100740;2;"OCTOPUS APEKS MTX-R (SS71)";"14/03/2017 13:36:37";269,99;409;1052;"AQUALUNG ESPAÑA,S.L.";1;;"BF21, BF22, BF23, COMPARADOR, COMP_FR, COMP_PT, EXC_INT, IRN21, OUTLET, RBE22, RBE23, RBE24, RBV22, RBV23, REVER242, RV21, SD21";"20/02/2024 13:54:13";100049254;"100017996
"
B100742-I;2;"REGULADOR MARES LOOP 15X INT (SS71)";"14/03/2017 13:47:35";172,99;299;1057;"MARES, S.P.A";1;;"BF21, BF22, BF23, COMPARADOR, COMP_FR, COMP_PT, IRN21, NEBE VENTA PRIORITARIA, OUTLET, RBE22, RBE23, RBE24, RBV22, RBV23, REVER242, RV21, SD21";;100049134;"100017965
"
B100745-D;1;"REGULADOR SCUBAPRO MK25 EVO + S620TI DIN (SS71)";"14/03/2017 13:57:59";686,99;970;100002778;"JOHNSON-OUTDOORS ";3;;"BF23, COMPARADOR, COMP_FR, COMP_PT, EXCEPCION_2021, EXCLUIR_PROMO, EXC_2022, IRN21, IRN22, RBE23, RBE24, RBV23, REGOC, REVER242";"22/03/2024 18:34:36";100049101;"100017957
"
B100745-I;1;"REGULADOR SCUBAPRO MK25 EVO + S620TI INT (SS71)";"14/03/2017 13:57:59";686,99;970;100002778;"JOHNSON-OUTDOORS ";0;;"BF23, EXCEPCION_2021, EXCLUIR_PROMO, EXC_2022, IRN22, RBE23, RBE24, RBV23, REGOC, REVER242";"22/03/2024 18:34:36";100049102;"100017957
"
B100747;2;"ADAPTADOR SCUBAPRO DIN A INT (SS81)";"07/12/2017 18:28:02";76,99;92;100002778;"JOHNSON-OUTDOORS ";3;;"BF21, BF22, BF23, COMPARADOR, COMP_FR, COMP_PT, OUTLET, RBE22, RBE23, RBE24, RBV22, RBV23, REVER242, RV21";"30/10/2023 18:59:36";100066753;"100023648
"
B100748D;1;"PACK REGULADOR MK11 EVO + C370 + R095 OCTOPUS DIN (SS81)";"07/12/2017 18:28:02";387,99;485;100002778;"JOHNSON-OUTDOORS ";2;;"BF23, CM22, CM23, COMPARADOR, COMP_FR, COMP_PT, COMUNIONES, CSW, IRN22, RBE23, RBE24, RBV23, REGALAR, REVER242, X24";"22/03/2024 18:34:36";100066846;"100023664
"
B100748I;1;"PACK REGULADOR MK11 EVO + C370 + R095 OCTOPUS INT (SS81)";"07/12/2017 18:28:02";387,99;485;100002778;"JOHNSON-OUTDOORS ";0;;"BF23, CM22, CM23, COMUNIONES, CSW, IRN22, RBE23, RBE24, RBV23, REGALAR, REVER242";"22/03/2024 18:34:36";100066848;"100023664
"
B100749D;1;"PACK REGULADOR MK17 EVO + C370 + R095 OCTOPUS DIN (SS81)";"07/12/2017 18:28:02";467,99;585;100002778;"JOHNSON-OUTDOORS ";6;;"BF22, BF23, CSW, IRN21, IRN22, RBE23, RBE24, RBV23, REGALAR, REVER242, X24";"22/03/2024 18:34:36";100066859;"100023667
"
B100749I;1;"PACK REGULADOR MK17 EVO + C370 + R095 OCTOPUS INT (SS81)";"07/12/2017 18:28:02";467,99;585;100002778;"JOHNSON-OUTDOORS ";0;;"BF22, BF23, COMPARADOR, COMP_FR, COMP_PT, CSW, IRN22, RBE23, RBE24, RBV23, REGALAR, REVER242";"22/03/2024 18:34:36";100066860;"100023667
"
B100750D;1;"REGULADOR SCUBAPRO MK11 + C370 DIN (SS81)";"07/12/2017 18:28:02";299,99;380;100002778;"JOHNSON-OUTDOORS ";1;;"BF22, BF23, COMPARADOR, COMP_FR, COMP_PT, CSW, IRN21, IRN22, RBE23, RBE24, RBV23, REVER242";"22/03/2024 18:34:36";100066850;"100023666
"
B100750I;1;"REGULADOR SCUBAPRO MK11 + C370 INT (SS81)";"07/12/2017 18:28:02";299,99;380;100002778;"JOHNSON-OUTDOORS ";0;;"BF22, BF23, IRN22, RBE23, RBE24, REVER242";"22/03/2024 18:34:36";100066849;"100023666
"
B100751D;1;"REGULADOR SCUBAPRO MK17 EVO + C370 DIN (SS81)";"07/12/2017 18:28:02";365,99;470;100002778;"JOHNSON-OUTDOORS ";2;;"BF23, COMPARADOR, COMP_FR, COMP_PT, IRN21, IRN22, RBE23, RBE24, REGALAR, REVER242";"22/03/2024 18:34:36";100066862;"100023671
"
B100751I;1;"REGULADOR SCUBAPRO MK17 EVO + C370 INT (SS81)";"07/12/2017 18:28:02";365,99;470;100002778;"JOHNSON-OUTDOORS ";1;;"BF23, RBE24, RBV23, REGALAR, REVER242";"22/03/2024 18:34:36";100066863;"100023671
"
B100756;2;"OCTOPUS APEKS XL4 (SS81)";"08/02/2018 19:01:23";129,99;199;1052;"AQUALUNG ESPAÑA,S.L.";1;;"BF23, COMPARADOR, COMP_FR, COMP_PT, RBE24, RBV23, REGALAR, REVER242";;100069881;"100024480
"
B100762;1;"OCTOPUS SCUBAPRO R095 (SS81)";"05/06/2018 17:07:40";118,99;165;100002778;"JOHNSON-OUTDOORS ";7;;"BF21, BF22, BF23, COMPARADOR, COMP_FR, COMP_PT, IRN21, IRN22, RBE23, RBE24, RBV23, REGALAR, REVER242";"22/03/2024 18:34:36";100077431;"100026719
"
B100763-I;2;"REGULADOR AQUALUNG GLACIA INT (SS81)";"30/10/2018 15:38:40";334,99;499;1052;"AQUALUNG ESPAÑA,S.L.";1;;"BF21, BF22, BF23, EXCEPCION_2021, IRN21, NEBE VENTA PRIORITARIA, OUTLET, RBE22, RBE23, RBE24, RBV22, RBV23, REVER242, RV21, SD21";;100082476;"100028123
"
B100766;2;"OCTOPUS MARES EPIC ADJ (SS91)";"09/01/2019 15:18:31";199,99;295;1057;"MARES, S.P.A";3;;"BF21, BF22, BF23, COMPARADOR, COMP_FR, COMP_PT, IRN21, IRN22, OUTLET, RBE22, RBE23, RBE24, RBV23, REGALAR, REVER242, RV21, SD21";;100084553;"100028785
"
B100774-D;1;"REGULADOR AQUALUNG LEG3ND DIN (SS02)";"23/11/2019 11:52:06";463,99;729;1052;"AQUALUNG ESPAÑA,S.L.";2;;"BF22, BF23, EXCEPCION_2021, IRN21, IRN22, RBE23, RBE24, RBV22, RBV23, REGALAR, REVER242, RV21, X23";"20/02/2024 13:54:11";100105006;"100034701
"
B100774-I;1;"REGULADOR AQUALUNG LEG3ND INT (SS02)";"23/11/2019 11:52:06";463,99;729;1052;"AQUALUNG ESPAÑA,S.L.";2;;"BF22, BF23, COMPARADOR, COMP_FR, COMP_PT, EXCEPCION_2021, IRN22, RBE23, RBE24, RBV22, RBV23, REGALAR, REVER242, X23";"20/02/2024 13:54:11";100105005;"100034701
"
B100775-D;1;"REGULADOR AQUALUNG LEG3ND MBS DIN (SS02)";"23/11/2019 11:52:06";562,99;849;1052;"AQUALUNG ESPAÑA,S.L.";3;;"BF23, COMPARADOR, COMP_FR, COMP_PT, EXCEPCION_2021, EXC_2022, IRN22, RBE23, RBE24, RBV22, RBV23, REGALAR, REVER242, RV21, X23";"20/02/2024 13:54:11";100105008;"100034702
"
B100775-I;1;"REGULADOR AQUALUNG LEG3ND MBS INT (SS02)";"23/11/2019 11:52:06";562,99;849;1052;"AQUALUNG ESPAÑA,S.L.";0;;"BF23, EXCEPCION_2021, EXC_2022, IRN22, RBE23, RBE24, RBV22, REGALAR, REVER242, RV21, X23";"20/02/2024 13:54:11";100105007;"100034702
"
B100776-D;1;"REGULADOR AQUALUNG LEG3ND ELITE DIN (SS02)";"23/11/2019 11:52:06";595,99;899;1052;"AQUALUNG ESPAÑA,S.L.";1;;"BF22, BF23, COMPARADOR, COMP_FR, COMP_PT, EXCEPCION_2021, EXC_2022, IRN22, RBE23, RBE24, RBV22, RBV23, REVER242, X23";"20/02/2024 13:54:11";100105009;"100034703
"
B100776-I;1;"REGULADOR AQUALUNG LEG3ND ELITE INT (SS02)";"23/11/2019 11:52:06";595,99;899;1052;"AQUALUNG ESPAÑA,S.L.";0;;"BF22, BF23, EXCEPCION_2021, EXC_2022, IRN22, RBE23, RBE24, RBV22, REVER242, X23";"20/02/2024 13:54:11";100105010;"100034703
"
B100777-D;1;"REGULADOR SCUBAPRO MK25 + D420 DIN (SS02)";"23/11/2019 12:06:28";422,99;529;100002778;"JOHNSON-OUTDOORS ";1;;"BF21, BF23, COMPARADOR, COMP_FR, COMP_PT, EXCEPCION_2021, EXC_2022, IRN21, IRN22, RBE22, RBE23, RBE24, RBV22, RBV23, REGALAR, REGOC, REVER242, RV21, SD21";"22/03/2024 18:34:36";100103822;"100034286
"
B100777-I;1;"REGULADOR SCUBAPRO MK25 + D420 INT (SS02)";"23/11/2019 12:06:28";422,99;529;100002778;"JOHNSON-OUTDOORS ";0;;"BF21, BF23, EXCEPCION_2021, EXC_2022, IRN22, RBE24, RBV23, REGALAR, REGOC, REVER242, RV21, SD21";"22/03/2024 18:34:36";100103823;"100034286
"
B100779-D;1;"REGULADOR SCUBAPRO MK19 + D420 DIN (SS02)";"23/11/2019 12:06:28";422,99;529;100002778;"JOHNSON-OUTDOORS ";2;;"BF21, BF23, COMPARADOR, COMP_FR, COMP_PT, EXCEPCION_2021, EXC_2022, IRN21, IRN22, RBE22, RBE23, RBE24, RBV22, RBV23, REGOC, REVER242, RV21, SD21";"22/03/2024 18:34:36";100103816;"100034284
"
B100779-I;1;"REGULADOR SCUBAPRO MK19 + D420 INT (SS02)";"23/11/2019 12:06:28";422,99;529;100002778;"JOHNSON-OUTDOORS ";0;;"BF21, BF23, EXCEPCION_2021, EXC_2022, IRN22, RBE23, RBE24, RBV23, REGOC, REVER242, RV21, SD21";"22/03/2024 18:34:36";100103817;"100034284
"
B100849;1;"PACK REGULADOR APEKS XTX 200 DIN + OCT. XTX 40 (1520)";"20/02/2015 11:20:24";649;999;1052;"AQUALUNG ESPAÑA,S.L.";4;"SUBMARINISMO 2016, SUBMARINISMO 2015";"BF22, BF23, COMPARADOR, COMP_FR, COMP_PT, CSW, EXCEPCION_2021, EXC_2022, IRN22, NEBE VENTA PRIORITARIA, RBE24, RBV22, RBV23, REGALAR, REVER242, X23, X24";"20/02/2024 13:54:13";100026703;"100003156
"
B101090;2;"SEGUNDA ETAPA APEKS MTX-R (SS02)";"23/06/2020 13:54:49";239,99;345;1052;"AQUALUNG ESPAÑA,S.L.";1;;"OUTLET, RBV23, REVER242";"13/09/2022 9:24:43";100111900;"100036719
"
B102235-2;2;"BATERIA MARES EOS 10RZ-15RZ-ESTROBO (SS12)";"28/04/2021 9:13:43";24,99;34,99;1057;"MARES, S.P.A";1;;"OUTLET, RBE24, RBV22, REVER242";;100126509;"100040715
"
B102527-L;1;"MONOPIEZA CRESSI ALTUM CRO. 3MM T.L/4 (SS12)";"31/08/2021 9:33:30";118,99;198;1053;"CRESSI-SUB ESPAÑA, S.A.";0;;"BF22, COMPARADOR, COMP_FR, COMP_PT, RBE23, RBE24, RBV22, RBV23, REBAJAS, REVER242";;100131057;"100042297
"
B102527-M;1;"MONOPIEZA CRESSI ALTUM CRO. 3MM T.M/3 (SS12)";"31/08/2021 9:33:30";118,99;198;1053;"CRESSI-SUB ESPAÑA, S.A.";0;;"BF22, RBE23, RBE24, RBV22, RBV23, REBAJAS, REVER242";;100131056;"100042297
"
B102527-S;1;"MONOPIEZA CRESSI ALTUM CRO. 3MM T.S/2 (SS12)";"31/08/2021 9:33:30";118,99;198;1053;"CRESSI-SUB ESPAÑA, S.A.";0;;"BF22, RBE23, RBE24, RBV22, RBV23, REVER242";"03/04/2024 13:47:06";100131055;"100042297
"
B102527-XL;1;"MONOPIEZA CRESSI ALTUM CRO. 3MM T.XL/5 (SS12)";"31/08/2021 9:33:30";118,99;198;1053;"CRESSI-SUB ESPAÑA, S.A.";0;;"BF22, RBE23, RBE24, RBV22, RBV23, REBAJAS, REVER242";;100131058;"100042297
"
B102527-XXL;1;"MONOPIEZA CRESSI ALTUM CRO. 3MM T.XXL/6 (SS12)";"31/08/2021 9:33:30";118,99;198;1053;"CRESSI-SUB ESPAÑA, S.A.";0;;"BF22, RBE23, RBE24, RBV22, RBV23, REVER242";"03/04/2024 13:47:06";100131060;"100042297
"
B102527-XXXL;1;"MONOPIEZA CRESSI ALTUM CRO. 3MM T.XXXL/7 (SS12)";"31/08/2021 9:33:31";118,99;198;1053;"CRESSI-SUB ESPAÑA, S.A.";0;;"BF22, RBE23, RBE24, RBV22, RBV23, REBAJAS, REVER242";;100131059;"100042297
"
B102528-L;1;"MONOPIEZA CRESSI ALTUM SRA. 3MM T.L/4 (SS12)";"31/08/2021 9:33:31";157,99;198;1053;"CRESSI-SUB ESPAÑA, S.A.";0;;"BF22, CSW, RBV22, RBV23, REVER242";"03/04/2024 13:47:06";100131064;"100042298
"
B102528-M;1;"MONOPIEZA CRESSI ALTUM SRA. 3MM T.M/3 (SS12)";"31/08/2021 9:33:31";157,99;198;1053;"CRESSI-SUB ESPAÑA, S.A.";0;;"BF22, COMPARADOR, COMP_FR, COMP_PT, CSW, RBV22, RBV23, REVER242";"03/04/2024 13:47:06";100131063;"100042298
"
B102528-S;1;"MONOPIEZA CRESSI ALTUM SRA. 3MM T.S/2 (SS12)";"31/08/2021 9:33:31";157,99;198;1053;"CRESSI-SUB ESPAÑA, S.A.";0;;"BF22, CSW, RBV22, RBV23, REVER242";"03/04/2024 13:47:06";100131062;"100042298
"
B102528-XL;1;"MONOPIEZA CRESSI ALTUM SRA. 3MM T.XL/5 (SS12)";"31/08/2021 9:33:31";157,99;198;1053;"CRESSI-SUB ESPAÑA, S.A.";0;;"BF22, CSW, RBV22, RBV23, REVER242";"03/04/2024 13:47:06";100131065;"100042298
"
B102528-XS;1;"MONOPIEZA CRESSI ALTUM SRA. 3MM T.XS/1 (SS12)";"31/08/2021 9:33:31";157,99;198;1053;"CRESSI-SUB ESPAÑA, S.A.";0;;"BF22, CSW, RBV22, RBV23, REVER242";"03/04/2024 13:47:06";100131061;"100042298
"
B103832-L;1;"CHALECO X-BLACKL              ";"29/04/2022 16:03:01";667,99;835;100002778;"JOHNSON-OUTDOORS ";0;;"BF22, BF23, CSW, EXC_2022, RBE23, RBE24, RBV22, RBV23, REVER242";"22/03/2024 18:34:37";100143617;"100046043
"
B103832-M;1;"CHALECO X-BLACK M             ";"29/04/2022 16:03:01";667,99;835;100002778;"JOHNSON-OUTDOORS ";0;;"BF22, BF23, COMPARADOR, COMP_FR, COMP_PT, CSW, EXC_2022, RBE23, RBE24, RBV22, RBV23, REVER242";"22/03/2024 18:34:37";100143616;"100046043
"
B103832-XL;1;"CHALECO X-BLACK XL            ";"29/04/2022 16:03:01";667,99;835;100002778;"JOHNSON-OUTDOORS ";0;;"BF22, BF23, CSW, EXC_2022, RBE23, RBE24, RBV22, RBV23, REVER242";"22/03/2024 18:34:37";100143618;"100046043
"
B103832-XXL;1;"CHALECO X-BLACK XXL                   ";"03/05/2022 11:15:26";667,99;835;100002778;"JOHNSON-OUTDOORS ";0;;"BF22, BF23, CSW, EXC_2022, RBE23, RBE24, RBV22, RBV23, REVER242";"22/03/2024 18:34:37";100143619;"100046043
"
B103833B-L;1;"ALETA SEAWING SUPERNOVA BLANCA L   ";"29/04/2022 16:03:01";179,99;235;100002778;"JOHNSON-OUTDOORS ";2;;"BF22, BF23, IRN22, RBE23, RBE24, RBV22, REVER242";"22/03/2024 18:34:39";100144645;"100046286
"
B103833B-M;1;"ALETA SEAWING SUPERNOVA BLANCA M   ";"29/04/2022 16:03:01";179,99;235;100002778;"JOHNSON-OUTDOORS ";1;;"BF22, BF23, IRN22, RBE23, RBE24, RBV22, REVER242";"22/03/2024 18:34:39";100144644;"100046286
"
B103833B-S;1;"ALETA SEAWING SUPERNOVA BLANCA S   ";"29/04/2022 16:03:01";179,99;235;100002778;"JOHNSON-OUTDOORS ";2;;"BF22, BF23, IRN22, RBE23, RBE24, RBV22, REVER242";"22/03/2024 18:34:39";100144643;"100046286
"
B103833B-XL;1;"ALETA SEAWING SUPERNOVA BLANCA XL  ";"29/04/2022 16:03:01";179,99;235;100002778;"JOHNSON-OUTDOORS ";0;;"BF22, BF23, IRN22, RBE23, RBE24, RBV22, REVER242";"22/03/2024 18:34:39";100144646;"100046286
"
B103833B-XS;1;"ALETA SEAWING SUPERNOVA BLANCA XS  ";"29/04/2022 16:03:01";179,99;235;100002778;"JOHNSON-OUTDOORS ";0;;"BF22, BF23, IRN22, RBE23, RBE24, RBV22, REVER242";"22/03/2024 18:34:39";100144642;"100046286
"
B103833N-L;1;"ALETA SEAWING SUPERNOVA NEGRA L    ";"29/04/2022 16:03:01";179,99;235;100002778;"JOHNSON-OUTDOORS ";3;;"BF22, BF23, IRN22, RBE23, RBE24, RBV22, REVER242";"22/03/2024 18:34:39";100144638;"100046286
"
B103833N-M;1;"ALETA SEAWING SUPERNOVA NEGRA M    ";"29/04/2022 16:03:01";179,99;235;100002778;"JOHNSON-OUTDOORS ";4;;"BF22, BF23, COMPARADOR, COMP_FR, COMP_PT, IRN22, RBE23, RBE24, RBV22, REVER242";"22/03/2024 18:34:39";100144635;"100046286
"
B103833N-S;1;"ALETA SEAWING SUPERNOVA NEGRA S    ";"29/04/2022 16:03:01";179,99;235;100002778;"JOHNSON-OUTDOORS ";0;;"BF22, BF23, IRN22, RBE23, RBE24, RBV22, REVER242";"22/03/2024 18:34:39";100144634;"100046286
"
B103833N-XL;1;"ALETA SEAWING SUPERNOVA NEGRA XL   ";"29/04/2022 16:03:01";179,99;235;100002778;"JOHNSON-OUTDOORS ";0;;"BF22, BF23, IRN22, RBE23, RBE24, RBV22, REVER242";"22/03/2024 18:34:39";100144632;"100046286
"
B103833N-XS;1;"ALETA SEAWING SUPERNOVA NEGRA XS   ";"10/04/2024 16:11:13";179,99;235;100002778;"JOHNSON-OUTDOORS ";0;;REVER242;"10/04/2024 16:11:13";100144633;"100046286
"
B103841-L;1;"SHORTY ONEFLEX SHY 2.5 F-ZIP MUJER L    ";"02/05/2022 10:48:31";90,99;128;100002778;"JOHNSON-OUTDOORS ";0;;"BF22, BF23, MUJER, RBE23, RBE24, RBV22, REVER242";"22/03/2024 18:34:39";100144401;"100046247
"
B103841-M;1;"SHORTY ONEFLEX SHY 2.5 F-ZIP MUJER M    ";"02/05/2022 10:48:31";90,99;128;100002778;"JOHNSON-OUTDOORS ";0;;"BF22, BF23, COMPARADOR, COMP_FR, COMP_PT, MUJER, RBE23, RBE24, RBV22, REVER242";"22/03/2024 18:34:39";100144400;"100046247
"
B103841-S;1;"SHORTY ONEFLEX SHY 2.5 F-ZIP MUJER S    ";"02/05/2022 10:48:31";90,99;128;100002778;"JOHNSON-OUTDOORS ";0;;"BF22, BF23, RBE23, RBE24, RBV22, REVER242";"22/03/2024 18:34:38";100144478;"100046255
"
B103862-XS;1;"SHORTY ONEFLEX STMR 5.0 B-ZIP MN XS";"02/05/2022 11:48:59";197,99;330;100002778;"JOHNSON-OUTDOORS ";0;;"BF22, BF23, RBE23, RBE24, RBV22, REVER242";"22/03/2024 18:34:38";100144471;"100046255
"
B103863-2XL;1;"SHORTY ONEFLEX STMR 5.0 B-ZIP WN 2XL";"02/05/2022 11:48:59";221,99;330;100002778;"JOHNSON-OUTDOORS ";0;;"BF22, BF23, MUJER, RBE23, RBE24, RBV22, REVER242";"22/03/2024 18:34:38";100144484;"100046258
"
B103863-L;1;"SHORTY ONEFLEX STMR 5.0 B-ZIP WN L";"02/05/2022 11:48:59";221,99;330;100002778;"JOHNSON-OUTDOORS ";0;;"BF22, BF23, MUJER, RBE23, RBE24, RBV22, REVER242";"22/03/2024 18:34:38";100144488;"100046258
"
B103863-M;1;"SHORTY ONEFLEX STMR 5.0 B-ZIP WN M";"02/05/2022 11:48:59";221,99;330;100002778;"JOHNSON-OUTDOORS ";0;;"BF22, BF23, COMPARADOR, COMP_FR, COMP_PT, MUJER, RBE23, RBE24, RBV22, REVER242";"22/03/2024 18:34:38";100144487;"100046258
"
B103863-S;1;"SHORTY ONEFLEX STMR 5.0 B-ZIP WN S";"02/05/2022 11:48:59";221,99;330;100002778;"JOHNSON-OUTDOORS ";0;;"BF22, BF23, MUJER, RBE23, RBE24, RBV22, REVER242";"22/03/2024 18:34:38";100144486;"100046258
"
B103863-XL;1;"SHORTY ONEFLEX STMR 5.0 B-ZIP WN XL";"02/05/2022 11:48:59";221,99;330;100002778;"JOHNSON-OUTDOORS ";0;;"BF22, BF23, MUJER, RBE23, RBE24, RBV22, REVER242";"22/03/2024 18:34:38";100144489;"100046258
"
B103863-XS;1;"SHORTY ONEFLEX STMR 5.0 B-ZIP WN XS";"02/05/2022 11:48:59";221,99;330;100002778;"JOHNSON-OUTDOORS ";0;;"BF22, BF23, MUJER, RBE23, RBE24, RBV22, REVER242";"22/03/2024 18:34:38";100144485;"100046258
"
B103868-2XL;1;"TRAJE ONEFLEX STMR 6.0 F-ZIP MN 2XL";"02/05/2022 12:17:52";277,99;450;100002778;"JOHNSON-OUTDOORS ";0;;"BF22, BF23, RBE23, RBE24, RBV22, REVER242";"22/03/2024 18:34:38";100144490;"100046259
"
B103868-2XLS;1;"TRAJE ONEFLEX STMR 6.0 F-ZIP MN 2XLS";"02/05/2022 12:17:52";277,99;450;100002778;"JOHNSON-OUTDOORS ";0;;"BF22, BF23, RBE23, RBE24, RBV22, REVER242";"22/03/2024 18:34:38";100144615;"100046259
"
B103868-3XL;1;"TRAJE ONEFLEX STMR 6.0 F-ZIP MN 3XL";"02/05/2022 12:17:52";277,99;450;100002778;"JOHNSON-OUTDOORS ";0;;"BF22, BF23, RBE23, RBE24, RBV22, REVER242";"22/03/2024 18:34:38";100144496;"100046259
"
B103868-4XL;1;"TRAJE ONEFLEX STMR 6.0 F-ZIP MN 4XL";"02/05/2022 12:17:52";277,99;450;100002778;"JOHNSON-OUTDOORS ";0;;"BF22, BF23, RBE23, RBE24, RBV22, REVER242";"22/03/2024 18:34:38";100144497;"100046259
"
B103868-L;1;"TRAJE ONEFLEX STMR 6.0 F-ZIP MN L";"02/05/2022 12:17:52";277,99;450;100002778;"JOHNSON-OUTDOORS ";0;;"BF22, BF23, RBE23, RBE24, RBV22, REVER242";"22/03/2024 18:34:38";100144494;"100046259
"
B103868-LS;1;"TRAJE ONEFLEX STMR 6.0 F-ZIP MN LS";"02/05/2022 12:17:52";277,99;450;100002778;"JOHNSON-OUTDOORS ";0;;"BF22, BF23, COMPARADOR, COMP_FR, COMP_PT, RBE23, RBE24, RBV22, REVER242";"22/03/2024 18:34:38";100144610;"100046259
"
B103868-LT;1;"TRAJE ONEFLEX STMR 6.0 F-ZIP MN LT";"02/05/2022 12:17:52";277,99;450;100002778;"JOHNSON-OUTDOORS ";1;;"BF22, BF23, RBE23, RBE24, RBV22, REVER242";"22/03/2024 18:34:38";100144614;"100046259
"
B103868-M;1;"TRAJE ONEFLEX STMR 6.0 F-ZIP MN M";"02/05/2022 12:17:52";277,99;450;100002778;"JOHNSON-OUTDOORS ";0;;"BF22, BF23, RBE23, RBE24, RBV22, REVER242";"22/03/2024 18:34:38";100144493;"100046259
"
B103868-MT;1;"TRAJE ONEFLEX STMR 6.0 F-ZIP MN MT";"02/05/2022 12:17:52";277,99;450;100002778;"JOHNSON-OUTDOORS ";0;;"BF22, BF23, RBE23, RBE24, RBV22, REVER242";"22/03/2024 18:34:38";100144608;"100046259
"
B103868-S;1;"TRAJE ONEFLEX STMR 6.0 F-ZIP MN S";"02/05/2022 12:17:52";277,99;450;100002778;"JOHNSON-OUTDOORS ";0;;"BF22, BF23, RBE23, RBE24, RBV22, REVER242";"22/03/2024 18:34:38";100144492;"100046259
"
B103868-XL;1;"TRAJE ONEFLEX STMR 6.0 F-ZIP MN XL";"02/05/2022 12:17:52";277,99;450;100002778;"JOHNSON-OUTDOORS ";0;;"BF22, BF23, RBE23, RBE24, RBV22, REVER242";"22/03/2024 18:34:38";100144495;"100046259
"
B103868-XLS;1;"TRAJE ONEFLEX STMR 6.0 F-ZIP MN XLS";"02/05/2022 12:17:52";277,99;450;100002778;"JOHNSON-OUTDOORS ";0;;"BF22, BF23, RBE23, RBE24, RBV22, REVER242";"22/03/2024 18:34:38";100144611;"100046259
"
B103868-XS;1;"TRAJE ONEFLEX STMR 6.0 F-ZIP MN XS";"02/05/2022 12:17:51";277,99;450;100002778;"JOHNSON-OUTDOORS ";0;;"BF22, BF23, RBE23, RBE24, RBV22, REVER242";"22/03/2024 18:34:38";100144491;"100046259
"
B103870-2XL;1;"TRAJE ONEFLEX STMR 6.0 F-ZIP WN 2XL";"02/05/2022 12:17:52";278,99;450;100002778;"JOHNSON-OUTDOORS ";0;;"BF22, BF23, MUJER, RBE23, RBE24, RBV22, REVER242";"22/03/2024 18:34:38";100144503;"100046260
"
B103870-L;1;"TRAJE ONEFLEX STMR 6.0 F-ZIP WN L";"02/05/2022 12:17:52";278,99;450;100002778;"JOHNSON-OUTDOORS ";0;;"BF22, BF23, MUJER, RBE23, RBE24, RBV22, REVER242";"22/03/2024 18:34:38";100144502;"100046260
"
B103870-LS;1;"TRAJE ONEFLEX STMR 6.0 F-ZIP WN LS";"02/05/2022 12:17:52";278,99;450;100002778;"JOHNSON-OUTDOORS ";0;;"BF22, BF23, MUJER, RBE23, RBE24, RBV22, REVER242";"22/03/2024 18:34:38";100144617;"100046260
"
B103870-M;1;"TRAJE ONEFLEX STMR 6.0 F-ZIP WN M";"02/05/2022 12:17:52";278,99;450;100002778;"JOHNSON-OUTDOORS ";0;;"BF22, BF23, MUJER, RBE23, RBE24, RBV22, REVER242";"22/03/2024 18:34:38";100144501;"100046260
"
B103870-MT;1;"TRAJE ONEFLEX STMR 6.0 F-ZIP WN MT";"02/05/2022 12:17:52";278,99;450;100002778;"JOHNSON-OUTDOORS ";0;;"BF22, BF23, MUJER, RBE23, RBE24, RBV22, REVER242";"22/03/2024 18:34:38";100144616;"100046260
"
B103870-S;1;"TRAJE ONEFLEX STMR 6.0 F-ZIP WN S";"02/05/2022 12:17:52";278,99;450;100002778;"JOHNSON-OUTDOORS ";0;;"BF22, BF23, MUJER, RBE23, RBE24, RBV22, REVER242";"22/03/2024 18:34:38";100144500;"100046260
"
B103870-XL;1;"TRAJE ONEFLEX STMR 6.0 F-ZIP WN XL";"02/05/2022 12:17:52";278,99;450;100002778;"JOHNSON-OUTDOORS ";0;;"BF22, BF23, MUJER, RBE23, RBE24, RBV22, REVER242";"22/03/2024 18:34:38";100144498;"100046260
"
B103870-XLS;1;"TRAJE ONEFLEX STMR 6.0 F-ZIP WN XLS ";"02/05/2022 12:17:52";278,99;450;100002778;"JOHNSON-OUTDOORS ";0;;"BF22, BF23, MUJER, RBE23, RBE24, RBV22, REVER242";"22/03/2024 18:34:38";100144618;"100046260
"
B103870-XS;1;"TRAJE ONEFLEX STMR 6.0 F-ZIP WN XS";"02/05/2022 12:17:52";278,99;450;100002778;"JOHNSON-OUTDOORS ";0;;"BF22, BF23, COMPARADOR, COMP_FR, COMP_PT, MUJER, RBE23, RBE24, RBV22, REVER242";"22/03/2024 18:34:38";100144499;"100046260
"
B103880-L;1;"TRAJE MONO SPORT G2 5.0 FEM L       ";"02/05/2022 13:10:06";196,99;265;100002778;"JOHNSON-OUTDOORS ";0;;"BF22, BF23, MUJER, RBE23, RBE24, RBV22, RBV23, REVER242";"22/03/2024 18:34:38";100144056;"100046139
"
B103880-M;1;"TRAJE MONO SPORT G2 5.0 FEM M       ";"02/05/2022 13:10:06";196,99;265;100002778;"JOHNSON-OUTDOORS ";1;;"BF22, BF23, COMPARADOR, COMP_FR, COMP_PT, MUJER, RBE23, RBE24, RBV22, RBV23, REVER242";"22/03/2024 18:34:38";100144054;"100046139
"
B103880-S;1;"TRAJE MONO SPORT G2 5.0 FEM S       ";"02/05/2022 13:10:06";196,99;265;100002778;"JOHNSON-OUTDOORS ";1;;"BF22, BF23, MUJER, RBE23, RBE24, RBV22, RBV23, REVER242";"22/03/2024 18:34:38";100144053;"100046139
"
B103880-XL;1;"TRAJE MONO SPORT G2 5.0 FEM XL      ";"02/05/2022 13:10:06";196,99;265;100002778;"JOHNSON-OUTDOORS ";0;;"BF22, BF23, MUJER, RBE23, RBE24, RBV22, RBV23, REVER242";"22/03/2024 18:34:38";100144057;"100046139
"
B103880-XS;1;"TRAJE MONO SPORT G2 5.0 FEM XS      ";"02/05/2022 13:10:06";196,99;265;100002778;"JOHNSON-OUTDOORS ";0;;"BF22, BF23, MUJER, RBE23, RBE24, RBV22, RBV23, REVER242";"22/03/2024 18:34:38";100144052;"100046139
"
B103885-2XL;1;"Shorty ONEFLEX SHY 4.0 F-ZIP MN 2XL";"02/05/2022 13:32:32";144,99;215;100002778;"JOHNSON-OUTDOORS ";0;;"BF22, BF23, COMPARADOR, COMP_FR, COMP_PT, RBE23, RBE24, RBV22, REVER242";"22/03/2024 18:34:38";100144427;"100046252
"
B103885-3XL;1;"Shorty ONEFLEX SHY 4.0 F-ZIP MN 3XL";"02/05/2022 13:32:32";144,99;215;100002778;"JOHNSON-OUTDOORS ";0;;"BF22, BF23, RBE23, RBE24, RBV22, REVER242";"22/03/2024 18:34:38";100144421;"100046252
"
B103885-L;1;"Shorty ONEFLEX SHY 4.0 F-ZIP MN L";"02/05/2022 13:32:32";144,99;215;100002778;"JOHNSON-OUTDOORS ";0;;"BF22, BF23, RBE23, RBE24, RBV22, REVER242";"22/03/2024 18:34:38";100144425;"100046252
"
B103885-M;1;"Shorty ONEFLEX SHY 4.0 F-ZIP MN M";"02/05/2022 13:32:32";144,99;215;100002778;"JOHNSON-OUTDOORS ";0;;"BF22, BF23, RBE23, RBE24, RBV22, REVER242";"22/03/2024 18:34:38";100144423;"100046252
"
B103885-XL;1;"Shorty ONEFLEX SHY 4.0 F-ZIP MN XL";"02/05/2022 13:32:32";144,99;215;100002778;"JOHNSON-OUTDOORS ";0;;"BF22, BF23, RBE23, RBE24, RBV22, REVER242";"22/03/2024 18:34:38";100144426;"100046252
"
B103886-L;1;"Shorty ONEFLEX SHY .0 F-ZIP WN L";"02/05/2022 13:32:32";139,99;215;100002778;"JOHNSON-OUTDOORS ";0;;"BF22, BF23, MUJER, RBE23, RBE24, RBV22, REVER242";"22/03/2024 18:34:38";100144443;"100046253
"
B103863-2XL;1;"SHORTY ONEFLEX STMR 5.0 B-ZIP WN 2XL";"02/05/2022 11:48:59";221,99;330;100002778;"JOHNSON-OUTDOORS ";0;;"BF22, BF23, MUJER, RBE23, RBE24, RBV22, REVER242";"22/03/2024 18:34:38";100144484;"100046258
"
B103863-L;1;"SHORTY ONEFLEX STMR 5.0 B-ZIP WN L";"02/05/2022 11:48:59";221,99;330;100002778;"JOHNSON-OUTDOORS ";0;;"BF22, BF23, MUJER, RBE23, RBE24, RBV22, REVER242";"22/03/2024 18:34:38";100144488;"100046258
"
B103863-M;1;"SHORTY ONEFLEX STMR 5.0 B-ZIP WN M";"02/05/2022 11:48:59";221,99;330;100002778;"JOHNSON-OUTDOORS ";0;;"BF22, BF23, COMPARADOR, COMP_FR, COMP_PT, MUJER, RBE23, RBE24, RBV22, REVER242";"22/03/2024 18:34:38";100144487;"100046258
"
B103863-S;1;"SHORTY ONEFLEX STMR 5.0 B-ZIP WN S";"02/05/2022 11:48:59";221,99;330;100002778;"JOHNSON-OUTDOORS ";0;;"BF22, BF23, MUJER, RBE23, RBE24, RBV22, REVER242";"22/03/2024 18:34:38";100144486;"100046258
"
B103863-XL;1;"SHORTY ONEFLEX STMR 5.0 B-ZIP WN XL";"02/05/2022 11:48:59";221,99;330;100002778;"JOHNSON-OUTDOORS ";0;;"BF22, BF23, MUJER, RBE23, RBE24, RBV22, REVER242";"22/03/2024 18:34:38";100144489;"100046258
"
B103863-XS;1;"SHORTY ONEFLEX STMR 5.0 B-ZIP WN XS";"02/05/2022 11:48:59";221,99;330;100002778;"JOHNSON-OUTDOORS ";0;;"BF22, BF23, MUJER, RBE23, RBE24, RBV22, REVER242";"22/03/2024 18:34:38";100144485;"100046258
"
B103868-2XL;1;"TRAJE ONEFLEX STMR 6.0 F-ZIP MN 2XL";"02/05/2022 12:17:52";277,99;450;100002778;"JOHNSON-OUTDOORS ";0;;"BF22, BF23, RBE23, RBE24, RBV22, REVER242";"22/03/2024 18:34:38";100144490;"100046259
"
B103868-2XLS;1;"TRAJE ONEFLEX STMR 6.0 F-ZIP MN 2XLS";"02/05/2022 12:17:52";277,99;450;100002778;"JOHNSON-OUTDOORS ";0;;"BF22, BF23, RBE23, RBE24, RBV22, REVER242";"22/03/2024 18:34:38";100144615;"100046259
"
B103868-3XL;1;"TRAJE ONEFLEX STMR 6.0 F-ZIP MN 3XL";"02/05/2022 12:17:52";277,99;450;100002778;"JOHNSON-OUTDOORS ";0;;"BF22, BF23, RBE23, RBE24, RBV22, REVER242";"22/03/2024 18:34:38";100144496;"100046259
"
B103868-4XL;1;"TRAJE ONEFLEX STMR 6.0 F-ZIP MN 4XL";"02/05/2022 12:17:52";277,99;450;100002778;"JOHNSON-OUTDOORS ";0;;"BF22, BF23, RBE23, RBE24, RBV22, REVER242";"22/03/2024 18:34:38";100144497;"100046259
"
B103868-L;1;"TRAJE ONEFLEX STMR 6.0 F-ZIP MN L";"02/05/2022 12:17:52";277,99;450;100002778;"JOHNSON-OUTDOORS ";0;;"BF22, BF23, RBE23, RBE24, RBV22, REVER242";"22/03/2024 18:34:38";100144494;"100046259
"
B103868-LS;1;"TRAJE ONEFLEX STMR 6.0 F-ZIP MN LS";"02/05/2022 12:17:52";277,99;450;100002778;"JOHNSON-OUTDOORS ";0;;"BF22, BF23, COMPARADOR, COMP_FR, COMP_PT, RBE23, RBE24, RBV22, REVER242";"22/03/2024 18:34:38";100144610;"100046259
"
B103868-LT;1;"TRAJE ONEFLEX STMR 6.0 F-ZIP MN LT";"02/05/2022 12:17:52";277,99;450;100002778;"JOHNSON-OUTDOORS ";1;;"BF22, BF23, RBE23, RBE24, RBV22, REVER242";"22/03/2024 18:34:38";100144614;"100046259
"
B103868-M;1;"TRAJE ONEFLEX STMR 6.0 F-ZIP MN M";"02/05/2022 12:17:52";277,99;450;100002778;"JOHNSON-OUTDOORS ";0;;"BF22, BF23, RBE23, RBE24, RBV22, REVER242";"22/03/2024 18:34:38";100144493;"100046259
"
B103868-MT;1;"TRAJE ONEFLEX STMR 6.0 F-ZIP MN MT";"02/05/2022 12:17:52";277,99;450;100002778;"JOHNSON-OUTDOORS ";0;;"BF22, BF23, RBE23, RBE24, RBV22, REVER242";"22/03/2024 18:34:38";100144608;"100046259
"
B103868-S;1;"TRAJE ONEFLEX STMR 6.0 F-ZIP MN S";"02/05/2022 12:17:52";277,99;450;100002778;"JOHNSON-OUTDOORS ";0;;"BF22, BF23, RBE23, RBE24, RBV22, REVER242";"22/03/2024 18:34:38";100144492;"100046259
"
B103868-XL;1;"TRAJE ONEFLEX STMR 6.0 F-ZIP MN XL";"02/05/2022 12:17:52";277,99;450;100002778;"JOHNSON-OUTDOORS ";0;;"BF22, BF23, RBE23, RBE24, RBV22, REVER242";"22/03/2024 18:34:38";100144495;"100046259
"
B103868-XLS;1;"TRAJE ONEFLEX STMR 6.0 F-ZIP MN XLS";"02/05/2022 12:17:52";277,99;450;100002778;"JOHNSON-OUTDOORS ";0;;"BF22, BF23, RBE23, RBE24, RBV22, REVER242";"22/03/2024 18:34:38";100144611;"100046259
"
B103868-XS;1;"TRAJE ONEFLEX STMR 6.0 F-ZIP MN XS";"02/05/2022 12:17:51";277,99;450;100002778;"JOHNSON-OUTDOORS ";0;;"BF22, BF23, RBE23, RBE24, RBV22, REVER242";"22/03/2024 18:34:38";100144491;"100046259
"
B103870-2XL;1;"TRAJE ONEFLEX STMR 6.0 F-ZIP WN 2XL";"02/05/2022 12:17:52";278,99;450;100002778;"JOHNSON-OUTDOORS ";0;;"BF22, BF23, MUJER, RBE23, RBE24, RBV22, REVER242";"22/03/2024 18:34:38";100144503;"100046260
"
B103870-L;1;"TRAJE ONEFLEX STMR 6.0 F-ZIP WN L";"02/05/2022 12:17:52";278,99;450;100002778;"JOHNSON-OUTDOORS ";0;;"BF22, BF23, MUJER, RBE23, RBE24, RBV22, REVER242";"22/03/2024 18:34:38";100144502;"100046260
"
B103870-LS;1;"TRAJE ONEFLEX STMR 6.0 F-ZIP WN LS";"02/05/2022 12:17:52";278,99;450;100002778;"JOHNSON-OUTDOORS ";0;;"BF22, BF23, MUJER, RBE23, RBE24, RBV22, REVER242";"22/03/2024 18:34:38";100144617;"100046260
"
B103870-M;1;"TRAJE ONEFLEX STMR 6.0 F-ZIP WN M";"02/05/2022 12:17:52";278,99;450;100002778;"JOHNSON-OUTDOORS ";0;;"BF22, BF23, MUJER, RBE23, RBE24, RBV22, REVER242";"22/03/2024 18:34:38";100144501;"100046260
"
B103870-MT;1;"TRAJE ONEFLEX STMR 6.0 F-ZIP WN MT";"02/05/2022 12:17:52";278,99;450;100002778;"JOHNSON-OUTDOORS ";0;;"BF22, BF23, MUJER, RBE23, RBE24, RBV22, REVER242";"22/03/2024 18:34:38";100144616;"100046260
"
B103870-S;1;"TRAJE ONEFLEX STMR 6.0 F-ZIP WN S";"02/05/2022 12:17:52";278,99;450;100002778;"JOHNSON-OUTDOORS ";0;;"BF22, BF23, MUJER, RBE23, RBE24, RBV22, REVER242";"22/03/2024 18:34:38";100144500;"100046260
"
B103870-XL;1;"TRAJE ONEFLEX STMR 6.0 F-ZIP WN XL";"02/05/2022 12:17:52";278,99;450;100002778;"JOHNSON-OUTDOORS ";0;;"BF22, BF23, MUJER, RBE23, RBE24, RBV22, REVER242";"22/03/2024 18:34:38";100144498;"100046260
"
B103870-XLS;1;"TRAJE ONEFLEX STMR 6.0 F-ZIP WN XLS ";"02/05/2022 12:17:52";278,99;450;100002778;"JOHNSON-OUTDOORS ";0;;"BF22, BF23, MUJER, RBE23, RBE24, RBV22, REVER242";"22/03/2024 18:34:38";100144618;"100046260
"
B103870-XS;1;"TRAJE ONEFLEX STMR 6.0 F-ZIP WN XS";"02/05/2022 12:17:52";278,99;450;100002778;"JOHNSON-OUTDOORS ";0;;"BF22, BF23, COMPARADOR, COMP_FR, COMP_PT, MUJER, RBE23, RBE24, RBV22, REVER242";"22/03/2024 18:34:38";100144499;"100046260
"
B103880-L;1;"TRAJE MONO SPORT G2 5.0 FEM L       ";"02/05/2022 13:10:06";196,99;265;100002778;"JOHNSON-OUTDOORS ";0;;"BF22, BF23, MUJER, RBE23, RBE24, RBV22, RBV23, REVER242";"22/03/2024 18:34:38";100144056;"100046139
"
B103880-M;1;"TRAJE MONO SPORT G2 5.0 FEM M       ";"02/05/2022 13:10:06";196,99;265;100002778;"JOHNSON-OUTDOORS ";1;;"BF22, BF23, COMPARADOR, COMP_FR, COMP_PT, MUJER, RBE23, RBE24, RBV22, RBV23, REVER242";"22/03/2024 18:34:38";100144054;"100046139
"
B103880-S;1;"TRAJE MONO SPORT G2 5.0 FEM S       ";"02/05/2022 13:10:06";196,99;265;100002778;"JOHNSON-OUTDOORS ";1;;"BF22, BF23, MUJER, RBE23, RBE24, RBV22, RBV23, REVER242";"22/03/2024 18:34:38";100144053;"100046139
"
B103880-XL;1;"TRAJE MONO SPORT G2 5.0 FEM XL      ";"02/05/2022 13:10:06";196,99;265;100002778;"JOHNSON-OUTDOORS ";0;;"BF22, BF23, MUJER, RBE23, RBE24, RBV22, RBV23, REVER242";"22/03/2024 18:34:38";100144057;"100046139
"
B103880-XS;1;"TRAJE MONO SPORT G2 5.0 FEM XS      ";"02/05/2022 13:10:06";196,99;265;100002778;"JOHNSON-OUTDOORS ";0;;"BF22, BF23, MUJER, RBE23, RBE24, RBV22, RBV23, REVER242";"22/03/2024 18:34:38";100144052;"100046139
"
B103885-2XL;1;"Shorty ONEFLEX SHY 4.0 F-ZIP MN 2XL";"02/05/2022 13:32:32";144,99;215;100002778;"JOHNSON-OUTDOORS ";0;;"BF22, BF23, COMPARADOR, COMP_FR, COMP_PT, RBE23, RBE24, RBV22, REVER242";"22/03/2024 18:34:38";100144427;"100046252
"
B103885-3XL;1;"Shorty ONEFLEX SHY 4.0 F-ZIP MN 3XL";"02/05/2022 13:32:32";144,99;215;100002778;"JOHNSON-OUTDOORS ";0;;"BF22, BF23, RBE23, RBE24, RBV22, REVER242";"22/03/2024 18:34:38";100144421;"100046252
"
B103885-L;1;"Shorty ONEFLEX SHY 4.0 F-ZIP MN L";"02/05/2022 13:32:32";144,99;215;100002778;"JOHNSON-OUTDOORS ";0;;"BF22, BF23, RBE23, RBE24, RBV22, REVER242";"22/03/2024 18:34:38";100144425;"100046252
"
B103885-M;1;"Shorty ONEFLEX SHY 4.0 F-ZIP MN M";"02/05/2022 13:32:32";144,99;215;100002778;"JOHNSON-OUTDOORS ";0;;"BF22, BF23, RBE23, RBE24, RBV22, REVER242";"22/03/2024 18:34:38";100144423;"100046252
"
B103885-XL;1;"Shorty ONEFLEX SHY 4.0 F-ZIP MN XL";"02/05/2022 13:32:32";144,99;215;100002778;"JOHNSON-OUTDOORS ";0;;"BF22, BF23, RBE23, RBE24, RBV22, REVER242";"22/03/2024 18:34:38";100144426;"100046252
"
B103886-L;1;"Shorty ONEFLEX SHY .0 F-ZIP WN L";"02/05/2022 13:32:32";139,99;215;100002778;"JOHNSON-OUTDOORS ";0;;"BF22, BF23, MUJER, RBE23, RBE24, RBV22, REVER242";"22/03/2024 18:34:38";100144443;"100046253
"
B103886-M;1;"Shorty ONEFLEX SHY 4.0 F-ZIP WN M";"02/05/2022 13:32:32";139,99;215;100002778;"JOHNSON-OUTDOORS ";0;;"BF22, BF23, COMPARADOR, COMP_FR, COMP_PT, MUJER, RBE23, RBE24, RBV22, REVER242";"22/03/2024 18:34:38";100144442;"100046253
"
B103886-S;1;"Shorty ONEFLEX SHY 4.0 F-ZIP WN S";"02/05/2022 13:32:32";139,99;215;100002778;"JOHNSON-OUTDOORS ";0;;"BF22, BF23, MUJER, RBE23, 022, RBE23, RBE24, RBV22, REVER242";"22/03/2024 18:34:37";100144383;"100046243
"
B103934-3;1;"SISTEMA SCUBAPRO S-TEK PRO TEK 60 SET          ";"03/05/2022 10:41:57";766,99;959;100002778;"JOHNSON-OUTDOORS ";0;;"BF22, BF23, COMPARADOR, COMP_FR, COMP_PT, EXC_2022, RBE23, RBE24, RBV22, REVER242";"22/03/2024 18:34:37";100144384;"100046243
"
B103955-1;1;"ALAS SCUBAPRO S-TEK DONUT WING 30           ";"03/05/2022 11:32:53";398,99;546;100002778;"JOHNSON-OUTDOORS ";0;;"BF22, EXC_2022, RBE23, RBV22, REVER242";"22/03/2024 18:34:37";100144230;"100046189
"
B103955-2;1;"ALAS SCUBAPRO S-TEK DONUT WING 40           ";"03/05/2022 11:32:53";398,99;546;100002778;"JOHNSON-OUTDOORS ";0;;"BF22, EXC_2022, RBE23, RBV22, REVER242";"22/03/2024 18:34:37";100144232;"100046189
"
B103955-3;1;"ALAS SCUBAPRO S-TEK DONUT WING 60           ";"03/05/2022 11:32:53";398,99;546;100002778;"JOHNSON-OUTDOORS ";0;;"BF22, COMPARADOR, COMP_FR, COMP_PT, EXC_2022, RBE23, RBV22, REVER242";"22/03/2024 18:34:37";100144233;"100046189
"
B103963;1;"FOCO SEA DRAGON MINI 900 POWER KIT ";"03/05/2022 11:44:08";129,99;165;100002778;"JOHNSON-OUTDOORS ";0;;"BF23, COMPARADOR, COMP_FR, COMP_PT, RBE23, RBE24, RBV22, REVER242";"22/03/2024 18:34:41";100143527;"100046020
"
B103965;1;"FOCO SEA DRAGON MINI 1300S POWERKIT";"03/05/2022 11:44:08";162,99;190;100002778;"JOHNSON-OUTDOORS ";3;;"BF22, BF23, COMPARADOR, COMP_FR, COMP_PT, RBE23, RBE24, REVER242, 1300 LUMENS";"22/03/2024 18:34:41";100143540;"100046022
"
B103971;1;"2º ETAPA G260                 ";"03/05/2022 11:57:56";322,99;485;100002778;"JOHNSON-OUTDOORS ";0;;"BF23, OCULTO WEB, RBE23, RBE24, RBV22, REVER242";"22/03/2024 18:34:36";100143575;"100046034
"
B103972;1;"2º ETAPA S600                 ";"03/05/2022 11:57:56";369,99;510;100002778;"JOHNSON-OUTDOORS ";0;;"BF23, EXC_2022, OCULTO WEB, RBE23, RBE24, RBV22, REVER242";"22/03/2024 18:34:36";100143577;"100046036
"
B103977;1;"2º ETAPA D420                 ";"03/05/2022 11:57:57";458,99;458,99;100002778;"JOHNSON-OUTDOORS ";0;;"BF23, EXC_2022, OCULTO WEB, RBE23, RBE24, RBV22, REVER242";"22/03/2024 18:34:36";100143950;"100046115
"
B103978;1;"ARNÉS SCUBAPRO PLACA ACERO S-TEK PRO HARNESS, ACIER      ";"03/05/2022 11:57:57";383,99;480;100002778;"JOHNSON-OUTDOORS ";0;;"BF22, BF23, COMPARADOR, COMP_FR, COMP_PT, EXC_2022, RBE23, RBE24, RBV22, REVER242";"22/03/2024 18:34:37";100144260;"100046203
"
B103979;1;"ARNÉS SCUBAPRO PLACA AS-TEK PRO HARNESS, ALUMINIUM  ";"03/05/2022 11:57:57";383,99;480;100002778;"JOHNSON-OUTDOORS ";0;;"BF22, BF23, COMPARADOR, COMP_FR, COMP_PT, EXC_2022, RBE23, RBE24, RBV22, REVER242";"22/03/2024 18:34:37";100144262;"100046203
"
B103982;1;"JACKET SCUBAPRO LITEHAWK T.XL/XXL  ";"03/05/2022 12:08:56";344,99;470;100002778;"JOHNSON-OUTDOORS ";0;;"COMPARADOR, COMP_FR, COMP_PT, EXC_2022, RBE23, RBE24, RBV22, REVER242";"22/03/2024 18:34:37";100143754;"100046070
"
B103987;1;"ARNES S-TEK PURE HARNESS, ALUMINIUM ";"03/05/2022 12:18:40";281,99;353;100002778;"JOHNSON-OUTDOORS ";0;;"BF22, BF23, COMPARADOR, COMP_FR, COMP_PT, RBE23, RBE24, RBV22, REVER242";"22/03/2024 18:34:37";100144250;"100046194
"
B103989;1;"OCTOPUS R195 NITROX,PACK      ";"03/05/2022 12:23:59";201,99;320;100002778;"JOHNSON-OUTDOORS ";0;;"BF22, BF23, COMPARADOR, COMP_FR, COMP_PT, RBE23, RBE24, RBV22, REVER242";"22/03/2024 18:34:36";100143576;"100046035
"
B103990;2;"Consola de 3 instrumentos Scubapro FS-2 3-G IN-L  METAL PGBAR-DGM-FS2 ";"03/05/2022 12:23:59";236,99;305;100002778;"JOHNSON-OUTDOORS ";1;;"BF23, COMPARADOR, COMP_FR, COMP_PT, RBE23, RBE24, RBV22, RBV23, REVER242";"22/03/2024 18:34:37";100143700;"100046060
"
B103993-L;1;"TRAJE SCUBAPRO ONEFLEX STMR 3.0 B-ZIP WN L";"03/05/2022 12:31:54";180,99;265;100002778;"JOHNSON-OUTDOORS ";0;;"BF22, BF23, MUJER, RBE23, RBE24, RBV22, REVER242";"22/03/2024 18:34:38";100144419;"100046250
"
B103993-M;1;"TRAJE SCUBAPRO ONEFLEX STMR 3.0 B-ZIP WN M";"03/05/2022 12:31:54";180,99;265;100002778;"JOHNSON-OUTDOORS ";0;;"BF22, BF23, COMPARADOR, COMP_FR, COMP_PT, MUJER, RBE23, RBE24, RBV22, REVER242";"22/03/2024 18:34:38";100144418;"100046250
"
B103993-S;1;"TRAJE SCUBAPRO ONEFLEX STMR 3.0 B-ZIP WN S";"03/05/2022 12:31:54";180,99;265;100002778;"JOHNSON-OUTDOORS ";1;;"BF22, BF23, MUJER, NEBE VENTA PRIORITARIA, RBE23, RBE24, RBV22, RBV23, REVER242";"22/03/2024 18:34:38";100144417;"100046250
"
B103993-XL;1;"TRAJE SCUBAPRO ONEFLEX STMR 3.0 B-ZIP WN XL";"03/05/2022 12:31:54";180,99;265;100002778;"JOHNSON-OUTDOORS ";0;;"BF22, BF23, MUJER, RBE23, RBE24, RBV22, REVER242";"22/03/2024 18:34:38";100144415;"100046250
"
B103993-XS;1;"TRAJE SCUBAPRO ONEFLEX STMR 3.0 B-ZIP WN XS";"03/05/2022 12:31:54";180,99;265;100002778;"JOHNSON-OUTDOORS ";0;;"BF22, BF23, MUJER, RBE23, RBE24, RBV22, REVER242";"22/03/2024 18:34:38";100144416;"100046250
"
B103994-L;1;"TRAJE SCUBAPRO ONEFLEX STMR 3.0 B-ZIP MN L";"03/05/2022 12:31:54";198,99;265;100002778;"JOHNSON-OUTDOORS ";0;;"BF22, BF23, RBE23, RBE24, RBV22, REVER242";"22/03/2024 18:34:38";100144406;"100046248
"
B103994-M;1;"TRAJE SCUBAPRO ONEFLEX STMR 3.0 B-ZIP MN M";"03/05/2022 12:31:54";198,99;265;100002778;"JOHNSON-OUTDOORS ";0;;"BF22, BF23, COMPARADOR, COMP_FR, COMP_PT, RBE23, RBE24, RBV22, REVER242";"22/03/2024 18:34:38";100144405;"100046248
"
B103994-S;1;"TRAJE SCUBAPRO ONEFLEX STMR 3.0 B-ZIP MN S";"03/05/2022 12:31:54";198,99;265;100002778;"JOHNSON-OUTDOORS ";0;;"BF22, BF23, RBE23, RBE24, RBV22, REVER242";"22/03/2024 18:34:38";100144404;"100046248
"
B103994-XL;1;"TRAJE SCUBAPRO ONEFLEX STMR 3.0 B-ZIP MN XL";"03/05/2022 12:31:54";198,99;265;100002778;"JOHNSON-OUTDOORS ";0;;"BF22, BF23, RBE23, RBE24, RBV22, REVER242";"22/03/2024 18:34:38";100144407;"100046248
"
B103994-XS;1;"TRAJE SCUBAPRO ONEFLEX STMR 3.0 B-ZIP MN XS";"03/05/2022 12:31:54";198,99;265;100002778;"JOHNSON-OUTDOORS ";0;;"BF22, BF23, RBE23, RBE24, RBV22, REVER242";"22/03/2024 18:34:38";100144403;"100046248
"
B103994-XXL;1;"TRAJE SCUBAPRO ONEFLEX STMR 3.0 B-ZIP MN 2XL";"03/05/2022 12:31:54";198,99;265;100002778;"JOHNSON-OUTDOORS ";0;;"BF22, BF23, RBE23, RBE24, RBV22, REVER242";"22/03/2024 18:34:38";100144402;"100046248
"
B103996;1;"CARRETE S-TEK 330            ";"03/05/2022 12:39:19";178,99;224;100002778;"JOHNSON-OUTDOORS ";0;;"BF22, BF23, COMPARADOR, COMP_FR, COMP_PT, RBE23, RBE24, RBV22, REVER242";"22/03/2024 18:34:37";100144281;"100046207
"
B103997;1;"CARRETE S-TEK 660            ";"03/05/2022 12:39:19";199,99;251;100002778;"JOHNSON-OUTDOORS ";0;;"BF22, BF23, COMPARADOR, COMP_FR, COMP_PT, RBV22, REVER242";"22/03/2024 18:34:37";100144282;"100046207
"
B104000-1;2;"MASCARA SCUBAPRO D-MASK AZUL/NEGRA S           ";"03/05/2022 13:03:44";127,99;210;100002778;"JOHNSON-OUTDOORS ";1;;"BF22, BF23, COMPARADOR, COMP_FR, COMP_PT, IRN22, RBE23, RBE24, RBV22, RBV23, REVER242";"22/03/2024 18:34:40";100144213;"100046186
"
B104003;1;"CONSOLA MAKO SCUBAPRO         ";"03/05/2022 13:03:44";169,99;237;100002778;"JOHNSON-OUTDOORS ";1;;"BF22, BF23, COMPARADOR, COMP_FR, COMP_PT, RBE23, RBE24, RBV22, REGALAR, REVER242";"22/03/2024 18:34:37";100143660;"100048443
"
B104004;1;"CONSOLA COMPACTA (PIES/PSI)   ";"03/05/2022 13:03:44";185,99;240;100002778;"JOHNSON-OUTDOORS ";0;;"BF23, COMPARADOR, COMP_FR, COMP_PT, RBE23, RBE24, RBV22, REVER242";"22/03/2024 18:34:37";100143707;"100046061
"
B104011-1;1;"MÁSCARA SCUBAPRO ZOOM COMBO NEGRO-PLATA        ";"03/05/2022 13:39:49";93,99;145;100002778;"JOHNSON-OUTDOORS ";0;;"BF22, BF23, RBE23, RBE24, RBV22, REVER242";"22/03/2024 18:34:40";100144027;"100046135
"
B104011-2;1;"MÁSCARA SCUBAPRO ZOOM COMBO AZUL-PLATA         ";"03/05/2022 13:39:49";93,99;145;100002778;"JOHNSON-OUTDOORS ";0;;"BF22, BF23, RBE23, RBE24, RBV22, REVER242";"22/03/2024 18:34:40";100144026;"100046135
"
B104011-3;1;"MÁSCARA SCUBAPRO ZOOM COMBO AMARILLO-PLATA     ";"03/05/2022 13:39:49";93,99;145;100002778;"JOHNSON-OUTDOORS ";0;;"BF22, BF23, COMPARADOR, COMP_FR, COMP_PT, RBE23, RBE24, RBV22, REVER242";"22/03/2024 18:34:40";100144028;"100046135
"
B104011-4;1;"MÁSCARA SCUBAPRO ZOOM COMBO TURQUESA-PLATA     ";"03/05/2022 13:39:49";93,99;145;100002778;"JOHNSON-OUTDOORS ";0;;"BF22, BF23, RBE23, RBE24, RBV22, REVER242";"22/03/2024 18:34:40";100144024;"100046135
"
B104014;1;"CUCHILLO MAKO TITANIO         ";"03/05/2022 13:39:49";112,99;165;100002778;"JOHNSON-OUTDOORS ";1;;"BF22, BF23, COMPARADOR, COMP_FR, COMP_PT, IRN22, RBE23, RBE24, RBV22, REGALAR, REVER242";"22/03/2024 18:34:40";100143670;"100046053
"
B104018;1;"SISTEMA DE LASTRE SCUBAPRO KIT POCHE PLOMBS FLUID FORM   ";"03/05/2022 13:39:49";125,99;158;100002778;"JOHNSON-OUTDOORS ";0;;"BF23, COMPARADOR, COMP_FR, COMP_PT, RBE24, RBV22, REVER242";"22/03/2024 18:34:37";100144268;"100046204
"
B103934-3;1;"SISTEMA SCUBAPRO S-TEK PRO TEK 60 SET          ";"03/05/2022 10:41:57";766,99;959;100002778;"JOHNSON-OUTDOORS ";0;;"BF22, BF23, COMPARADOR, COMP_FR, COMP_PT, EXC_2022, RBE23, RBE24, RBV22, REVER242";"22/03/2024 18:34:37";100144384;"100046243
"
B103955-1;1;"ALAS SCUBAPRO S-TEK DONUT WING 30           ";"03/05/2022 11:32:53";398,99;546;100002778;"JOHNSON-OUTDOORS ";0;;"BF22, EXC_2022, RBE23, RBV22, REVER242";"22/03/2024 18:34:37";100144230;"100046189
"
B103955-2;1;"ALAS SCUBAPRO S-TEK DONUT WING 40           ";"03/05/2022 11:32:53";398,99;546;100002778;"JOHNSON-OUTDOORS ";0;;"BF22, EXC_2022, RBE23, RBV22, REVER242";"22/03/2024 18:34:37";100144232;"100046189
"
B103955-3;1;"ALAS SCUBAPRO S-TEK DONUT WING 60           ";"03/05/2022 11:32:53";398,99;546;100002778;"JOHNSON-OUTDOORS ";0;;"BF22, COMPARADOR, COMP_FR, COMP_PT, EXC_2022, RBE23, RBV22, REVER242";"22/03/2024 18:34:37";100144233;"100046189
"
B103963;1;"FOCO SEA DRAGON MINI 900 POWER KIT ";"03/05/2022 11:44:08";129,99;165;100002778;"JOHNSON-OUTDOORS ";0;;"BF23, COMPARADOR, COMP_FR, COMP_PT, RBE23, RBE24, RBV22, REVER242";"22/03/2024 18:34:41";100143527;"100046020
"
B103965;1;"FOCO SEA DRAGON MINI 1300S POWERKIT";"03/05/2022 11:44:08";162,99;190;100002778;"JOHNSON-OUTDOORS ";3;;"BF22, BF23, COMPARADOR, COMP_FR, COMP_PT, RBE23, RBE24, REVER242, 1300 LUMENS";"22/03/2024 18:34:41";100143540;"100046022
"
B103971;1;"2º ETAPA G260                 ";"03/05/2022 11:57:56";322,99;485;100002778;"JOHNSON-OUTDOORS ";0;;"BF23, OCULTO WEB, RBE23, RBE24, RBV22, REVER242";"22/03/2024 18:34:36";100143575;"100046034
"
B103972;1;"2º ETAPA S600                 ";"03/05/2022 11:57:56";369,99;510;100002778;"JOHNSON-OUTDOORS ";0;;"BF23, EXC_2022, OCULTO WEB, RBE23, RBE24, RBV22, REVER242";"22/03/2024 18:34:36";100143577;"100046036
"
B103977;1;"2º ETAPA D420                 ";"03/05/2022 11:57:57";458,99;458,99;100002778;"JOHNSON-OUTDOORS ";0;;"BF23, EXC_2022, OCULTO WEB, RBE23, RBE24, RBV22, REVER242";"22/03/2024 18:34:36";100143950;"100046115
"
B103978;1;"ARNÉS SCUBAPRO PLACA ACERO S-TEK PRO HARNESS, ACIER      ";"03/05/2022 11:57:57";383,99;480;100002778;"JOHNSON-OUTDOORS ";0;;"BF22, BF23, COMPARADOR, COMP_FR, COMP_PT, EXC_2022, RBE23, RBE24, RBV22, REVER242";"22/03/2024 18:34:37";100144260;"100046203
"
B103979;1;"ARNÉS SCUBAPRO PLACA AS-TEK PRO HARNESS, ALUMINIUM  ";"03/05/2022 11:57:57";383,99;480;100002778;"JOHNSON-OUTDOORS ";0;;"BF22, BF23, COMPARADOR, COMP_FR, COMP_PT, EXC_2022, RBE23, RBE24, RBV22, REVER242";"22/03/2024 18:34:37";100144262;"100046203
"
B103982;1;"JACKET SCUBAPRO LITEHAWK T.XL/XXL  ";"03/05/2022 12:08:56";344,99;470;100002778;"JOHNSON-OUTDOORS ";0;;"COMPARADOR, COMP_FR, COMP_PT, EXC_2022, RBE23, RBE24, RBV22, REVER242";"22/03/2024 18:34:37";100143754;"100046070
"
B103987;1;"ARNES S-TEK PURE HARNESS, ALUMINIUM ";"03/05/2022 12:18:40";281,99;353;100002778;"JOHNSON-OUTDOORS ";0;;"BF22, BF23, COMPARADOR, COMP_FR, COMP_PT, RBE23, RBE24, RBV22, REVER242";"22/03/2024 18:34:37";100144250;"100046194
"
B103989;1;"OCTOPUS R195 NITROX,PACK      ";"03/05/2022 12:23:59";201,99;320;100002778;"JOHNSON-OUTDOORS ";0;;"BF22, BF23, COMPARADOR, COMP_FR, COMP_PT, RBE23, RBE24, RBV22, REVER242";"22/03/2024 18:34:36";100143576;"100046035
"
B103990;2;"Consola de 3 instrumentos Scubapro FS-2 3-G IN-L  METAL PGBAR-DGM-FS2 ";"03/05/2022 12:23:59";236,99;305;100002778;"JOHNSON-OUTDOORS ";1;;"BF23, COMPARADOR, COMP_FR, COMP_PT, RBE23, RBE24, RBV22, RBV23, REVER242";"22/03/2024 18:34:37";100143700;"100046060
"
B103993-L;1;"TRAJE SCUBAPRO ONEFLEX STMR 3.0 B-ZIP WN L";"03/05/2022 12:31:54";180,99;265;100002778;"JOHNSON-OUTDOORS ";0;;"BF22, BF23, MUJER, RBE23, RBE24, RBV22, REVER242";"22/03/2024 18:34:38";100144419;"100046250
"
B103993-M;1;"TRAJE SCUBAPRO ONEFLEX STMR 3.0 B-ZIP WN M";"03/05/2022 12:31:54";180,99;265;100002778;"JOHNSON-OUTDOORS ";0;;"BF22, BF23, COMPARADOR, COMP_FR, COMP_PT, MUJER, RBE23, RBE24, RBV22, REVER242";"22/03/2024 18:34:38";100144418;"100046250
"
B103993-S;1;"TRAJE SCUBAPRO ONEFLEX STMR 3.0 B-ZIP WN S";"03/05/2022 12:31:54";180,99;265;100002778;"JOHNSON-OUTDOORS ";1;;"BF22, BF23, MUJER, NEBE VENTA PRIORITARIA, RBE23, RBE24, RBV22, RBV23, REVER242";"22/03/2024 18:34:38";100144417;"100046250
"
B103993-XL;1;"TRAJE SCUBAPRO ONEFLEX STMR 3.0 B-ZIP WN XL";"03/05/2022 12:31:54";180,99;265;100002778;"JOHNSON-OUTDOORS ";0;;"BF22, BF23, MUJER, RBE23, RBE24, RBV22, REVER242";"22/03/2024 18:34:38";100144415;"100046250
"
B103993-XS;1;"TRAJE SCUBAPRO ONEFLEX STMR 3.0 B-ZIP WN XS";"03/05/2022 12:31:54";180,99;265;100002778;"JOHNSON-OUTDOORS ";0;;"BF22, BF23, MUJER, RBE23, RBE24, RBV22, REVER242";"22/03/2024 18:34:38";100144416;"100046250
"
B103994-L;1;"TRAJE SCUBAPRO ONEFLEX STMR 3.0 B-ZIP MN L";"03/05/2022 12:31:54";198,99;265;100002778;"JOHNSON-OUTDOORS ";0;;"BF22, BF23, RBE23, RBE24, RBV22, REVER242";"22/03/2024 18:34:38";100144406;"100046248
"
B103994-M;1;"TRAJE SCUBAPRO ONEFLEX STMR 3.0 B-ZIP MN M";"03/05/2022 12:31:54";198,99;265;100002778;"JOHNSON-OUTDOORS ";0;;"BF22, BF23, COMPARADOR, COMP_FR, COMP_PT, RBE23, RBE24, RBV22, REVER242";"22/03/2024 18:34:38";100144405;"100046248
"
B103994-S;1;"TRAJE SCUBAPRO ONEFLEX STMR 3.0 B-ZIP MN S";"03/05/2022 12:31:54";198,99;265;100002778;"JOHNSON-OUTDOORS ";0;;"BF22, BF23, RBE23, RBE24, RBV22, REVER242";"22/03/2024 18:34:38";100144404;"100046248
"
B103994-XL;1;"TRAJE SCUBAPRO ONEFLEX STMR 3.0 B-ZIP MN XL";"03/05/2022 12:31:54";198,99;265;100002778;"JOHNSON-OUTDOORS ";0;;"BF22, BF23, RBE23, RBE24, RBV22, REVER242";"22/03/2024 18:34:38";100144407;"100046248
"
B103994-XS;1;"TRAJE SCUBAPRO ONEFLEX STMR 3.0 B-ZIP MN XS";"03/05/2022 12:31:54";198,99;265;100002778;"JOHNSON-OUTDOORS ";0;;"BF22, BF23, RBE23, RBE24, RBV22, REVER242";"22/03/2024 18:34:38";100144403;"100046248
"
B103994-XXL;1;"TRAJE SCUBAPRO ONEFLEX STMR 3.0 B-ZIP MN 2XL";"03/05/2022 12:31:54";198,99;265;100002778;"JOHNSON-OUTDOORS ";0;;"BF22, BF23, RBE23, RBE24, RBV22, REVER242";"22/03/2024 18:34:38";100144402;"100046248
"
B103996;1;"CARRETE S-TEK 330            ";"03/05/2022 12:39:19";178,99;224;100002778;"JOHNSON-OUTDOORS ";0;;"BF22, BF23, COMPARADOR, COMP_FR, COMP_PT, RBE23, RBE24, RBV22, REVER242";"22/03/2024 18:34:37";100144281;"100046207
"
B103997;1;"CARRETE S-TEK 660            ";"03/05/2022 12:39:19";199,99;251;100002778;"JOHNSON-OUTDOORS ";0;;"BF22, BF23, COMPARADOR, COMP_FR, COMP_PT, RBV22, REVER242";"22/03/2024 18:34:37";100144282;"100046207
"
B104000-1;2;"MASCARA SCUBAPRO D-MASK AZUL/NEGRA S           ";"03/05/2022 13:03:44";127,99;210;100002778;"JOHNSON-OUTDOORS ";1;;"BF22, BF23, COMPARADOR, COMP_FR, COMP_PT, IRN22, RBE23, RBE24, RBV22, RBV23, REVER242";"22/03/2024 18:34:40";100144213;"100046186
"
B104003;1;"CONSOLA MAKO SCUBAPRO         ";"03/05/2022 13:03:44";169,99;237;100002778;"JOHNSON-OUTDOORS ";1;;"BF22, BF23, COMPARADOR, COMP_FR, COMP_PT, RBE23, RBE24, RBV22, REGALAR, REVER242";"22/03/2024 18:34:37";100143660;"100048443
"
B104004;1;"CONSOLA COMPACTA (PIES/PSI)   ";"03/05/2022 13:03:44";185,99;240;100002778;"JOHNSON-OUTDOORS ";0;;"BF23, COMPARADOR, COMP_FR, COMP_PT, RBE23, RBE24, RBV22, REVER242";"22/03/2024 18:34:37";100143707;"100046061
"
B104011-1;1;"MÁSCARA SCUBAPRO ZOOM COMBO NEGRO-PLATA        ";"03/05/2022 13:39:49";93,99;145;100002778;"JOHNSON-OUTDOORS ";0;;"BF22, BF23, RBE23, RBE24, RBV22, REVER242";"22/03/2024 18:34:40";100144027;"100046135
"
B104011-2;1;"MÁSCARA SCUBAPRO ZOOM COMBO AZUL-PLATA         ";"03/05/2022 13:39:49";93,99;145;100002778;"JOHNSON-OUTDOORS ";0;;"BF22, BF23, RBE23, RBE24, RBV22, REVER242";"22/03/2024 18:34:40";100144026;"100046135
"
B104011-3;1;"MÁSCARA SCUBAPRO ZOOM COMBO AMARILLO-PLATA     ";"03/05/2022 13:39:49";93,99;145;100002778;"JOHNSON-OUTDOORS ";0;;"BF22, BF23, COMPARADOR, COMP_FR, COMP_PT, RBE23, RBE24, RBV22, REVER242";"22/03/2024 18:34:40";100144028;"100046135
"
B104011-4;1;"MÁSCARA SCUBAPRO ZOOM COMBO TURQUESA-PLATA     ";"03/05/2022 13:39:49";93,99;145;100002778;"JOHNSON-OUTDOORS ";0;;"BF22, BF23, RBE23, RBE24, RBV22, REVER242";"22/03/2024 18:34:40";100144024;"100046135
"
B104014;1;"CUCHILLO MAKO TITANIO         ";"03/05/2022 13:39:49";112,99;165;100002778;"JOHNSON-OUTDOORS ";1;;"BF22, BF23, COMPARADOR, COMP_FR, COMP_PT, IRN22, RBE23, RBE24, RBV22, REGALAR, REVER242";"22/03/2024 18:34:40";100143670;"100046053
"
B104018;1;"SISTEMA DE LASTRE SCUBAPRO KIT POCHE PLOMBS FLUID FORM   ";"03/05/2022 13:39:49";125,99;158;100002778;"JOHNSON-OUTDOORS ";0;;"BF23, COMPARADOR, COMP_FR, COMP_PT, RBE24, RBV22, REVER242";"22/03/2024 18:34:37";100144268;"100046204
"
B104021;1;"BPI, SCUBAPRO NUEVO                    ";"03/05/2022 13:51:04";116,99;147;100002778;"JOHNSON-OUTDOORS ";0;;"BF22, BF23, COMPARADOR, COMP_FR, COMP_PT, RBE23, RBE24, RBV22, REVER242";"22/03/2024 18:34:37";100143607;"100046042
"
B104022;1;"2º ETAPA R095 PACK 'NUEVO'    ";"03/05/2022 13:51:04";106,99;148;100002778;"JOHNSON-OUTDOORS ";0;;"BF22, BF23, OCULTO WEB, RBE24, RBV22, REVER242";"22/03/2024 18:34:36";100153613;"100047751
"
B104023;1;"MANÓNETRO MANO DE PRESION  NITROX       ";"03/05/2022 13:51:04";124,99;160;100002778;"JOHNSON-OUTDOORS ";1;;"BF22, BF23, COMPARADOR, COMP_FR, COMP_PT, RBE24, RBV22, RBV23, REVER242";"22/03/2024 18:34:37";100143786;"100046078
"
B104024;1;"MASCARA SCUBAPRO SYNERGY TWIN TRUFIT NEGRO/ESPEJO     ";"03/05/2022 13:51:04";74,99;128;100002778;"JOHNSON-OUTDOORS ";1;;"BF22, BF23, COMPARADOR, COMP_FR, COMP_PT, RBE23, RBE24, RBV22, RBV23, REGALAR, REVER242";"22/03/2024 18:34:40";100144194;"100046183
"
B104024-1;1;"MASCARA SCUBAPRO SYNERGY TWIN TRUFIT  NEGRO/ROJO        ";"03/05/2022 13:57:27";74,99;120;100002778;"JOHNSON-OUTDOORS ";1;;"BF22, BF23, RBE23, RBE24, RBV22, RBV23, REGALAR, REVER242";"22/03/2024 18:34:40";100144188;"100046183
"
B104024-2;1;"MASCARA SCUBAPRO SYNERGY TWIN TRUFIT  NEGRO/TURQUESA   ";"03/05/2022 13:57:26";74,99;120;100002778;"JOHNSON-OUTDOORS ";1;;"BF22, BF23, RBE23, RBE24, RBV22, RBV23, REGALAR, REVER242";"22/03/2024 18:34:40";100144189;"100046183
"
B104024-3;1;"MASCARA SCUBAPRO SYNERGY TWIN TRUFIT TRANSP/AMARILLO  ";"03/05/2022 13:57:27";74,99;120;100002778;"JOHNSON-OUTDOORS ";1;;"BF22, BF23, RBE23, RBE24, RBV22, RBV23, REGALAR, REVER242";"22/03/2024 18:34:40";100144190;"100046183
"
B104024-4;1;"MASCARA SCUBAPRO SYNERGY TWIN TRUFIT TRANSP/AZUL      ";"03/05/2022 13:57:26";74,99;120;100002778;"JOHNSON-OUTDOORS ";3;;"BF22, BF23, RBE23, RBE24, RBV22, RBV23, REGALAR, REVER242";"22/03/2024 18:34:40";100153622;"100046183
"
B104024-5;1;"MASCARA SCUBAPRO SYNERGY TWIN TRUFIT TRANSP/ROSA      ";"03/05/2022 13:57:27";74,99;120;100002778;"JOHNSON-OUTDOORS ";1;;"BF22, BF23, RBE23, RBE24, RBV22, RBV23, REGALAR, REVER242";"22/03/2024 18:34:40";100144200;"100046183
"
B104025-1;1;"Mascara ScubaPro Synergy 2 TRANSP/AZUL         ";"03/05/2022 16:16:19";69,99;120;100002778;"JOHNSON-OUTDOORS ";0;;"BF22, BF23, COMPARADOR, COMP_FR, COMP_PT, RBE23, RBE24, RBV22, RBV23, REGALAR, REVER242";"22/03/2024 18:34:40";100144206;"100046185
"
B104025-2;1;"Mascara ScubaPro Synergy 2 NEGRO/PLATA         ";"03/05/2022 16:16:19";69,99;120;100002778;"JOHNSON-OUTDOORS ";1;;"BF22, BF23, RBE23, RBE24, RBV22, RBV23, REGALAR, REVER242";"22/03/2024 18:34:40";100144209;"100046185
"
B104026;1;"NUEVO GRAN ANGULAR  MINI II   ";"03/05/2022 16:16:18";91,99;115;100002778;"JOHNSON-OUTDOORS ";0;;"BF22, BF23, COMPARADOR, COMP_FR, COMP_PT, RBE24, RBV22, REVER242";"22/03/2024 18:34:41";100143519;"100046019
"
B104027;1;"PROFUNDIMETRO ANALOGICO       ";"03/05/2022 16:16:18";96,99;130;100002778;"JOHNSON-OUTDOORS ";3;;"BF23, COMPARADOR, COMP_FR, COMP_PT, RBE23, RBE24, RBV22, RBV23, REVER242";"22/03/2024 18:34:37";100143555;"100046028
"
B104028;1;"GRIFERIA M25 EN144.1 CON TAPON";"03/05/2022 16:16:19";96,99;137;100002778;"JOHNSON-OUTDOORS ";0;;"BF22, BF23, COMPARADOR, COMP_FR, COMP_PT, RBE23, RBV22, REVER242";"22/03/2024 18:34:36";100143584;"100046039
"
B104029;1;"ARNES COMPLETO SCUBAPRO BACK PACK ";"03/05/2022 16:16:19";84,99;119;100002778;"JOHNSON-OUTDOORS ";0;;"BF22, BF23, COMPARADOR, COMP_FR, COMP_PT, RBE23, RBE24, RBV22, REVER242";"22/03/2024 18:34:37";100143593;"100046040
"
B104030;1;"MÁSCARA FRAMELESS GORILLA             ";"03/05/2022 16:16:19";78,99;125;100002778;"JOHNSON-OUTDOORS ";0;;"BF22, BF23, COMPARADOR, COMP_FR, COMP_PT, CSW, RBE23, RBE24, RBV22, RBV23, REVER242";"22/03/2024 18:34:40";100143686;"100046057
"
B104032;1;"RACORD SCUBAPRO RAPIDO COMPACT    ";"03/05/2022 16:16:19";95,99;120;100002778;"JOHNSON-OUTDOORS ";1;;"BF22, COMPARADOR, COMP_FR, COMP_PT, RBE24, RBV22, REVER242";"22/03/2024 18:34:37";100143956;"100046119
"
B104033;1;"Mascara Scubapro SYNERGY TWIN TRANSP/AMARILLO  ";"03/05/2022 16:16:19";69,99;120;100002778;"JOHNSON-OUTDOORS ";1;;"BF22, BF23, COMPARADOR, COMP_FR, COMP_PT, RBE23, RBE24, RBV22, RBV23, REGALAR, REVER242";"22/03/2024 18:34:40";100144205;"100046185
"
B105512-L;1;"JACKET AQUALUNG DIMENSION BLACK/CHARCOAL T.L ";"02/03/2016 11:16:31";453,99;649;1052;"AQUALUNG ESPAÑA,S.L.";0;"SUBMARINISMO 2016";"BF21, BF23, EXC_INT, IRN21, NEBE VENTA PRIORITARIA, RBE23, RBE24, RBV22, RBV23, REVER242, RV21, SD21";"20/02/2024 13:54:11";100033621;"100012759
"
B105512-MD;1;"JACKET AQUALUNG DIMENSION BLACK/CHARCOAL T.MD ";"02/03/2016 11:16:31";453,99;649;1052;"AQUALUNG ESPAÑA,S.L.";0;"SUBMARINISMO 2016";"BF21, BF23, EXC_INT, IRN21, RBE22, RBE23, RBE24, RBV22, RBV23, REVER242, RV21, SD21";"20/02/2024 13:54:11";100033619;"100012759
"
B105512-ML;1;"JACKET AQUALUNG DIMENSION BLACK/CHARCOAL T.ML ";"02/03/2016 11:16:31";453,99;649;1052;"AQUALUNG ESPAÑA,S.L.";1;"SUBMARINISMO 2016";"BF21, BF23, COMPARADOR, COMP_FR, COMP_PT, EXC_INT, RBE23, RBE24, RBV22, RBV23, REVER242, RV21, SD21";"20/02/2024 13:54:11";100033620;"100012759
"
B105512-XL;1;"JACKET AQUALUNG DIMENSION BLACK/CHARCOAL T.XL ";"02/03/2016 11:16:31";453,99;649;1052;"AQUALUNG ESPAÑA,S.L.";0;"SUBMARINISMO 2016";"BF21, BF23, EXC_INT, RBE23, RBE24, RBV22, RBV23, REVER242, RV21, SD21";"20/02/2024 13:54:11";100033622;"100012759
"
B105513-MD;1;"JACKET AQUALUNG LOTUS BLACK/CHARCOAL SRA. T.MD ";"02/03/2016 11:16:31";455,99;649;1052;"AQUALUNG ESPAÑA,S.L.";1;"SUBMARINISMO 2016";"BF22, BF23, RBE23, RBE24, RBV23, REGALAR, REVER242";"20/02/2024 13:54:11";100033626;"100012760
"
B105513-XS;1;"JACKET AQUALUNG LOTUS BLACK/CHARCOAL SRA. T.XS/SM ";"02/03/2016 11:16:31";455,99;649;1052;"AQUALUNG ESPAÑA,S.L.";1;"SUBMARINISMO 2016";"BF22, BF23, COMPARADOR, COMP_FR, COMP_PT, IRN21, RBE23, RBE24, RBV23, REGALAR, REVER242";"20/02/2024 13:54:11";100033624;"100012760
"
B105523-L;1;"JACKET MARES BOLT SLS UNISEX T.L (SS71)";"14/03/2017 13:47:36";299,99;479;1057;"MARES, S.P.A";2;;"BF22, BF23, CM22, CM23, EXC_INT, IRN22, RBE23, RBE24, RBV22, RBV23, REVER242, RV21";"23/04/2024 13:36:00";100049139;"100017967
"
B105523-M;1;"JACKET MARES BOLT SLS UNISEX T.M (SS71)";"14/03/2017 13:47:36";299,99;479;1057;"MARES, S.P.A";2;;"BF22, BF23, CM22, CM23, COMPARADOR, COMP_FR, COMP_PT, CSW, EXC_INT, IRN22, RBE23, RBE24, RBV22, RBV23, REVER242, RV21";"23/04/2024 13:36:00";100049138;"100017967
"
B105523-S;1;"JACKET MARES BOLT SLS UNISEX T.S (SS71)";"14/03/2017 13:47:36";299,99;479;1057;"MARES, S.P.A";2;;"BF22, BF23, CM22, CM23, EXC_INT, IRN22, RBE23, RBE24, RBV22, RBV23, REVER242, RV21";"23/04/2024 13:36:00";100049137;"100017967
"
B105523-XL;1;"JACKET MARES BOLT SLS UNISEX T.XL (SS71)";"14/03/2017 13:47:36";299,99;479;1057;"MARES, S.P.A";2;;"BF22, BF23, CM22, CM23, EXC_INT, IRN22, RBE23, RBE24, RBV22, RBV23, REVER242, RV21";"23/04/2024 13:36:00";100049140;"100017967
"
B105523-XS;1;"JACKET MARES BOLT SLS UNISEX T.XS (SS71)";"14/03/2017 13:47:36";299,99;479;1057;"MARES, S.P.A";0;;"BF22, BF23, CM22, CM23, EXC_INT, IRN22, RBE23, RBE24, RBV22, RBV23, REVER242, RV21";"23/04/2024 13:36:00";100049136;"100017967
"
B105529A-LXL;2;"MASCARA FACIAL SPETTON AZUL T.L/XL";"14/07/2022 17:04:42";19,99;24,95;100000909;"SPETTON WORLD SL";1;;REVER242;;100153455;"100047710
"
B105529A-SM;2;"MASCARA FACIAL SPETTON AZUL T.S/M";"14/07/2022 17:03:14";19,99;24,95;100000909;"SPETTON WORLD SL";2;;REVER242;;100153454;"100047710
"
B105529R-LXL;2;"MASCARA FACIAL SPETTON ROSA T.L/XL";"14/07/2022 17:05:48";19,99;24,95;100000909;"SPETTON WORLD SL";2;;REVER242;;100153458;"100047710
"
B105529R-SM;2;"MASCARA FACIAL SPETTON ROSA T.S/M";"14/07/2022 17:05:18";19,99;24,95;100000909;"SPETTON WORLD SL";1;;REVER242;;100153457;"100047710
"
B105530-L;1;"JACKET SCUBAPRO HYDROS PRO NEGRO CRO. T.L (SS71)";"14/03/2017 13:58:00";698,99;920;100002778;"JOHNSON-OUTDOORS ";0;;"BF22, BF23, EXCEPCION_2021, EXCLUIR_PROMO, EXC_2022, IRN22, RBE23, RBE24, RBV23, REGALAR, REVER242";"22/03/2024 18:34:37";100049113;"100017958
"
B105530-M;1;"JACKET SCUBAPRO HYDROS PRO NEGRO CRO. T.M (SS71)";"14/03/2017 13:58:00";698,99;920;100002778;"JOHNSON-OUTDOORS ";1;;"BF22, BF23, COMPARADOR, COMP_FR, COMP_PT, EXCEPCION_2021, EXCLUIR_PROMO, EXC_2022, IRN21, IRN22, RBE23, RBE24, RBV23, REGALAR, REVER242";"22/03/2024 18:34:37";100049112;"100017958
"
B105530-S;1;"JACKET SCUBAPRO HYDROS PRO NEGRO CRO. T.S (SS71)";"14/03/2017 13:58:00";698,99;920;100002778;"JOHNSON-OUTDOORS ";0;;"BF22, BF23, EXCEPCION_2021, EXCLUIR_PROMO, EXC_2022, IRN22, RBE23, RBE24, RBV23, REGALAR, REVER242";"22/03/2024 18:34:37";100049111;"100017958
"
B105530-XL;1;"JACKET SCUBAPRO HYDROS ON 7MM CRO. T.M (SS91)";"07/03/2019 13:37:43";348,99;470;100002778;"JOHNSON-OUTDOORS ";0;;"BF21, BF22, BF23, IRN21, IRN22, RBE23, RBE24, RBV22, REGALAR, REVER242, RV21";"22/03/2024 18:34:38";100087734;"100029760
"
B105552-MT;1;"MONOPIEZA SCUBAPRO DEFINITION 7MM CRO. T.MT (SS91)";"07/03/2019 13:37:43";348,99;470;100002778;"JOHNSON-OUTDOORS ";0;;"BF21, BF22, BF23, IRN22, RBE23, RBE24, RBV22, REGALAR, REVER242, RV21";"22/03/2024 18:34:38";100087736;"100029760
"
B105552-S;1;"MONOPIEZA SCUBAPRO DEFINITION 7MM CRO. T.S (SS91)";"07/03/2019 13:37:43";348,99;470;100002778;"JOHNSON-OUTDOORS ";1;;"BF21, BF22, BF23, IRN22, RBE23, RBE24, RBV22, REGALAR, REVER242, RV21";"22/03/2024 18:34:38";100087731;"100029760
"
B105552-XL;1;"MONOPIEZA SCUBAPRO DEFINITION 7MM CRO. T.XL (SS91)";"07/03/2019 13:37:43";348,99;470;100002778;"JOHNSON-OUTDOORS ";0;;"BF21, BF22, BF23, IRN21, IRN22, RBE23, RBE24, RBV22, REGALAR, REVER242, RV21";"22/03/2024 18:34:38";100087742;"100029760
"
B105552-XLS;1;"MONOPIEZA SCUBAPRO DEFINITION 7MM CRO. T.XLS (SS91)";"07/03/2019 13:37:43";348,99;470;100002778;"JOHNSON-OUTDOORS ";0;;"BF21, BF22, BF23, COMPARADOR, COMP_FR, COMP_PT, IRN21, IRN22, RBE22, RBE23, RBE24, RBV22, REGALAR, REVER242, RV21";"22/03/2024 18:34:38";100087741;"100029760
"
B105552-XLT;1;"MONOPIEZA SCUBAPRO DEFINITION 7MM CRO. T.XLT (SS91)";"07/03/2019 13:37:43";348,99;470;100002778;"JOHNSON-OUTDOORS ";1;;"BF21, BF22, BF23, IRN22, RBE23, RBE24, RBV22, REGALAR, REVER242, RV21";"22/03/2024 18:34:38";100087743;"100029760
"
B105553-2XL;1;"MONOPIEZA SCUBAPRO DEFINITION 5MM SRA. T.2XL (SS91)";"07/03/2019 13:37:45";289,99;395;100002778;"JOHNSON-OUTDOORS ";0;;"BF21, BF22, BF23, IRN22, MUJER, RBE23, RBE24, RBV23, REGALAR, REVER242, RV21, SD21";"22/03/2024 18:34:38";100087783;"100029763
"
B105553-L;1;"MONOPIEZA SCUBAPRO DEFINITION 5MM SRA. T.L (SS91)";"07/03/2019 13:37:45";289,99;395;100002778;"JOHNSON-OUTDOORS ";1;;"BF21, BF22, BF23, IRN21, IRN22, MUJER, RBE23, RBE24, RBV23, REGALAR, REVER242, RV21, SD21";"22/03/2024 18:34:38";100087776;"100029763
"
B105553-LS;1;"MONOPIEZA SCUBAPRO DEFINITION 5MM SRA. T.LS (SS91)";"07/03/2019 13:37:45";289,99;395;100002778;"JOHNSON-OUTDOORS ";0;;"BF21, BF22, BF23, IRN22, MUJER, RBE23, RBE24, RBV23, REGALAR, REVER242, RV21, SD21";"22/03/2024 18:34:38";100087775;"100029763
"
B105553-LT;1;"MONOPIEZA SCUBAPRO DEFINITION 5MM SRA. T.LT (SS91)";"07/03/2019 13:37:45";289,99;395;100002778;"JOHNSON-OUTDOORS ";1;;"BF21, BF22, BF23, IRN22, MUJER, RBE23, RBE24, RBV23, REGALAR, REVER242, RV21, SD21";"22/03/2024 18:34:38";100087778;"100029763
"
B105553-M;1;"MONOPIEZA SCUBAPRO DEFINITION 5MM SRA. T.M (SS91)";"07/03/2019 13:37:45";289,99;395;100002778;"JOHNSON-OUTDOORS ";1;;"BF21, BF22, BF23, COMPARADOR, COMP_FR, COMP_PT, IRN21, IRN22, MUJER, RBE23, RBE24, RBV23, REGALAR, REVER242, RV21, SD21";"22/03/2024 18:34:38";100087773;"100029763
"
B105553-MT;1;"MONOPIEZA SCUBAPRO DEFINITION 5MM SRA. T.MT (SS91)";"07/03/2019 13:37:45";289,99;395;100002778;"JOHNSON-OUTDOORS ";0;;"BF21, BF22, BF23, IRN22, MUJER, RBE23, RBE24, RBV23, REGALAR, REVER242, RV21, SD21";"22/03/2024 18:34:38";100087774;"100029763
"
B105553-S;1;"MONOPIEZA SCUBAPRO DEFINITION 5MM SRA. T.S (SS91)";"07/03/2019 13:37:45";289,99;395;100002778;"JOHNSON-OUTDOORS ";3;;"BF21, BF22, BF23, IRN22, MUJER, RBE23, RBE24, RBV23, REGALAR, REVER242, RV21, SD21";"22/03/2024 18:34:38";100087772;"100029763
"
B105553-XL;1;"MONOPIEZA SCUBAPRO DEFINITION 5MM SRA. T.XL (SS91)";"07/03/2019 13:37:45";289,99;395;100002778;"JOHNSON-OUTDOORS ";1;;"BF21, BF22, BF23, IRN22, MUJER, RBE23, RBE24, RBV23, REGALAR, REVER242, RV21, SD21";"22/03/2024 18:34:38";100087782;"100029763
"
B105553-XLS;1;"MONOPIEZA SCUBAPRO DEFINITION 5MM SRA. T.XLS (SS91)";"07/03/2019 13:37:45";289,99;395;100002778;"JOHNSON-OUTDOORS ";1;;"BF21, BF22, BF23, IRN22, MUJER, RBE23, RBE24, RBV23, REGALAR, REVER242, RV21, SD21";"22/03/2024 18:34:38";100087780;"100029763
"
B105553-XS;1;"MONOPIEZA SCUBAPRO DEFINITION 5MM SRA. T.XS (SS91)";"07/03/2019 13:37:45";289,99;395;100002778;"JOHNSON-OUTDOORS ";0;;"BF21, BF22, BF23, IRN22, MUJER, RBE23, RBE24, RBV23, REGALAR, REVER242, RV21, SD21";"22/03/2024 18:34:38";100087771;"100029763
"
B105554-2XL;1;"MONOPIEZA SCUBAPRO DEFINITION 5MM CRO. T.2XL (SS91)";"07/03/2019 13:37:45";291,99;395;100002778;"JOHNSON-OUTDOORS ";1;;"BF21, BF22, BF23, IRN21, IRN22, RBE23, RBE24, RBV23, REGALAR, REVER242, RV21, SD21";"22/03/2024 18:34:38";100087729;"100029760
"
B105554-3XL;1;"MONOPIEZA SCUBAPRO DEFINITION 5MM CRO. T.3XL (SS91)";"07/03/2019 13:37:45";291,99;395;100002778;"JOHNSON-OUTDOORS ";1;;"BF21, BF22, BF23, IRN21, IRN22, RBE23, RBE24, RBV23, REGALAR, REVER242, RV21, SD21";"22/03/2024 18:34:38";100087730;"100029760
"
B105554-L;1;"MONOPIEZA SCUBAPRO DEFINITION 5MM CRO. T.L (SS91)";"07/03/2019 13:37:45";291,99;395;100002778;"JOHNSON-OUTDOORS ";2;;"BF21, BF22, BF23, COMPARADOR, COMP_FR, COMP_PT, IRN21, IRN22, RBE23, RBE24, RBV23, REGALAR, REVER242, RV21, SD21";"22/03/2024 18:34:38";100087725;"100029760
"
B105554-LS;1;"MONOPIEZA SCUBAPRO DEFINITION 5MM CRO. T.LS (SS91)";"07/03/2019 13:37:45";291,99;395;100002778;"JOHNSON-OUTDOORS ";1;;"BF21, BF22, BF23, IRN22, RBE23, RBE24, RBV23, REGALAR, REVER242, RV21, SD21";"22/03/2024 18:34:38";100087724;"100029760
"
B105554-LT;1;"MONOPIEZA SCUBAPRO DEFINITION 5MM CRO. T.LT (SS91)";"07/03/2019 13:37:45";291,99;395;100002778;"JOHNSON-OUTDOORS ";0;;"BF21, BF22, BF23, IRN22, RBE23, RBE24, RBV23, REGALAR, REVER242, RV21, SD21";"22/03/2024 18:34:38";100087726;"100029760
"
B105554-M;1;"MONOPIEZA SCUBAPRO DEFINITION 5MM CRO. T.M (SS91)";"07/03/2019 13:37:45";291,99;395;100002778;"JOHNSON-OUTDOORS ";1;;"BF21, BF22, BF23, IRN22, RBE23, RBE24, RBV23, REGALAR, REVER242, RV21, SD21";"22/03/2024 18:34:38";100087722;"100029760
"
B105554-MT;1;"MONOPIEZA SCUBAPRO DEFINITION 5MM CRO. T.MT (SS91)";"07/03/2019 13:37:45";291,99;395;100002778;"JOHNSON-OUTDOORS ";1;;"BF21, BF22, BF23, IRN22, RBE23, RBE24, RBV23, REGALAR, REVER242, RV21, SD21";"22/03/2024 18:34:38";100087723;"100029760
"
B105554-S;1;"MONOPIEZA SCUBAPRO DEFINITION 5MM CRO. T.S (SS91)";"07/03/2019 13:37:45";291,99;395;100002778;"JOHNSON-OUTDOORS ";1;;"BF21, BF22, BF23, IRN21, IRN22, RBE23, RBE24, RBV23, REGALAR, REVER242, RV21, SD21";"22/03/2024 18:34:38";100087721;"100029760
"
B105554-XL;1;"MONOPIEZA SCUBAPRO DEFINITION 5MM CRO. T.XL (SS91)";"07/03/2019 13:37:45";291,99;395;100002778;"JOHNSON-OUTDOORS ";0;;"BF21, BF22, BF23, IRN21, IRN22, RBE23, RBE24, RBV23, REGALAR, REVER242, RV21, SD21";"22/03/2024 18:34:38";100087728;"100029760
"
B105554-XLS;1;"MONOPIEZA SCUBAPRO DEFINITION 5MM CRO. T.XLS (SS91)";"07/03/2019 13:37:45";291,99;395;100002778;"JOHNSON-OUTDOORS ";0;;"BF21, BF22, BF23, IRN22, RBE23, RBE24, RBV23, REGALAR, REVER242, RV21, SD21";"22/03/2024 18:34:38";100087727;"100029760
"
B105555-L;1;"MONOPIEZA SCUBAPRO DEFINITION 3MM SRA. T.L (SS91)";"07/03/2019 13:37:45";214,99;269;100002778;"JOHNSON-OUTDOORS ";1;;"BF21, BF22, BF23, IRN21, IRN22, MUJER, RBE22, RBE23, RBE24, RBV22, RBV23, REGALAR, REVER242, RV21";"22/03/2024 18:34:38";100087769;"100029763
"
B105555-M;1;"MONOPIEZA SCUBAPRO DEFINITION 3MM SRA. T.M (SS91)";"07/03/2019 13:37:45";214,99;269;100002778;"JOHNSON-OUTDOORS ";0;;"BF21, BF22, BF23, COMPARADOR, COMP_FR, COMP_PT, IRN22, MUJER, RBE23, RBE24, RBV22, RBV23, REGALAR, REVER242, RV21";"22/03/2024 18:34:38";100087764;"100029763
"
B105555-S;1;"MONOPIEZA SCUBAPRO DEFINITION 3MM SRA. T.S (SS91)";"07/03/2019 13:37:45";214,99;269;100002778;"JOHNSON-OUTDOORS ";1;;"BF21, BF22, BF23, IRN22, MUJER, RBE23, RBE24, RBV22, RBV23, REGALAR, REVER242, RV21";"22/03/2024 18:34:38";100087761;"100029763
"
B105555-XL;1;"MONOPIEZA SCUBAPRO DEFINITION 3MM SRA. T.XL (SS91)";"07/03/2019 13:37:46";214,99;269;100002778;"JOHNSON-OUTDOORS ";0;;"BF21, BF22, BF23, IRN22, MUJER, RBE23, RBE24, RBV22, RBV23, REGALAR, REVER242, RV21";"22/03/2024 18:34:38";100087770;"100029763
"
B105555-XS;1;"MONOPIEZA SCUBAPRO DEFINITION 3MM SRA. T.XS (SS91)";"07/03/2019 13:37:45";214,99;269;100002778;"JOHNSON-OUTDOORS ";0;;"BF21, BF22, BF23, IRN22, MUJER, RBE23, RBE24, RBV22, RBV23, REGALAR, REVER242, RV21";"22/03/2024 18:34:38";100087751;"100029763
"
B105556-2XL;1;"MONOPIEZA SCUBAPRO DEFINITION 3MM CRO. T.2XL (SS91)";"07/03/2019 13:37:45";209,99;269;100002778;"JOHNSON-OUTDOORS ";0;;"BF21, BF22, BF23, IRN21, IRN22, RBE23, RBE24, RBV23, REGALAR, REVER242, RV21";"22/03/2024 18:34:38";100087719;"100029760
"
B105552-LS;1;"MONOPIEZA SCUBAPRO DEFINITION 7MM CRO. T.LS (SS91)";"07/03/2019 13:37:43";348,99;470;100002778;"JOHNSON-OUTDOORS ";0;;"BF21, BF22, BF23, IRN22, RBE23, RBE24, RBV22, REGALAR, REVER242, RV21";"22/03/2024 18:34:38";100087738;"100029760
"
B105552-LT;1;"MONOPIEZA SCUBAPRO DEFINITION 7MM CRO. T.LT (SS91)";"07/03/2019 13:37:43";348,99;470;100002778;"JOHNSON-OUTDOORS ";1;;"BF21, BF22, BF23, IRN22, RBE23, RBE24, RBV22, REGALAR, REVER242, RV21";"22/03/2024 18:34:38";100087740;"100029760
"
B105552-M;1;"MONOPIEZA SCUBAPRO DEFINITION 7MM CRO. T.M (SS91)";"07/03/2019 13:37:43";348,99;470;100002778;"JOHNSON-OUTDOORS ";0;;"BF21, BF22, BF23, IRN21, IRN22, RBE23, RBE24, RBV22, REGALAR, REVER242, RV21";"22/03/2024 18:34:38";100087734;"100029760
"
B105552-MT;1;"MONOPIEZA SCUBAPRO DEFINITION 7MM CRO. T.MT (SS91)";"07/03/2019 13:37:43";348,99;470;100002778;"JOHNSON-OUTDOORS ";0;;"BF21, BF22, BF23, IRN22, RBE23, RBE24, RBV22, REGALAR, REVER242, RV21";"22/03/2024 18:34:38";100087736;"100029760
"
B105552-S;1;"MONOPIEZA SCUBAPRO DEFINITION 7MM CRO. T.S (SS91)";"07/03/2019 13:37:43";348,99;470;100002778;"JOHNSON-OUTDOORS ";1;;"BF21, BF22, BF23, IRN22, RBE23, RBE24, RBV22, REGALAR, REVER242, RV21";"22/03/2024 18:34:38";100087731;"100029760
"
B105552-XL;1;"MONOPIEZA SCUBAPRO DEFINITION 7MM CRO. T.XL (SS91)";"07/03/2019 13:37:43";348,99;470;100002778;"JOHNSON-OUTDOORS ";0;;"BF21, BF22, BF23, IRN21, IRN22, RBE23, RBE24, RBV22, REGALAR, REVER242, RV21";"22/03/2024 18:34:38";100087742;"100029760
"
B105552-XLS;1;"MONOPIEZA SCUBAPRO DEFINITION 7MM CRO. T.XLS (SS91)";"07/03/2019 13:37:43";348,99;470;100002778;"JOHNSON-OUTDOORS ";0;;"BF21, BF22, BF23, COMPARADOR, COMP_FR, COMP_PT, IRN21, IRN22, RBE22, RBE23, RBE24, RBV22, REGALAR, REVER242, RV21";"22/03/2024 18:34:38";100087741;"100029760
"
B105552-XLT;1;"MONOPIEZA SCUBAPRO DEFINITION 7MM CRO. T.XLT (SS91)";"07/03/2019 13:37:43";348,99;470;100002778;"JOHNSON-OUTDOORS ";1;;"BF21, BF22, BF23, IRN22, RBE23, RBE24, RBV22, REGALAR, REVER242, RV21";"22/03/2024 18:34:38";100087743;"100029760
"
B105553-2XL;1;"MONOPIEZA SCUBAPRO DEFINITION 5MM SRA. T.2XL (SS91)";"07/03/2019 13:37:45";289,99;395;100002778;"JOHNSON-OUTDOORS ";0;;"BF21, BF22, BF23, IRN22, MUJER, RBE23, RBE24, RBV23, REGALAR, REVER242, RV21, SD21";"22/03/2024 18:34:38";100087783;"100029763
"
B105553-L;1;"MONOPIEZA SCUBAPRO DEFINITION 5MM SRA. T.L (SS91)";"07/03/2019 13:37:45";289,99;395;100002778;"JOHNSON-OUTDOORS ";1;;"BF21, BF22, BF23, IRN21, IRN22, MUJER, RBE23, RBE24, RBV23, REGALAR, REVER242, RV21, SD21";"22/03/2024 18:34:38";100087776;"100029763
"
B105553-LS;1;"MONOPIEZA SCUBAPRO DEFINITION 5MM SRA. T.LS (SS91)";"07/03/2019 13:37:45";289,99;395;100002778;"JOHNSON-OUTDOORS ";0;;"BF21, BF22, BF23, IRN22, MUJER, RBE23, RBE24, RBV23, REGALAR, REVER242, RV21, SD21";"22/03/2024 18:34:38";100087775;"100029763
"
B105553-LT;1;"MONOPIEZA SCUBAPRO DEFINITION 5MM SRA. T.LT (SS91)";"07/03/2019 13:37:45";289,99;395;100002778;"JOHNSON-OUTDOORS ";1;;"BF21, BF22, BF23, IRN22, MUJER, RBE23, RBE24, RBV23, REGALAR, REVER242, RV21, SD21";"22/03/2024 18:34:38";100087778;"100029763
"
B105553-M;1;"MONOPIEZA SCUBAPRO DEFINITION 5MM SRA. T.M (SS91)";"07/03/2019 13:37:45";289,99;395;100002778;"JOHNSON-OUTDOORS ";1;;"BF21, BF22, BF23, COMPARADOR, COMP_FR, COMP_PT, IRN21, IRN22, MUJER, RBE23, RBE24, RBV23, REGALAR, REVER242, RV21, SD21";"22/03/2024 18:34:38";100087773;"100029763
"
B105553-MT;1;"MONOPIEZA SCUBAPRO DEFINITION 5MM SRA. T.MT (SS91)";"07/03/2019 13:37:45";289,99;395;100002778;"JOHNSON-OUTDOORS ";0;;"BF21, BF22, BF23, IRN22, MUJER, RBE23, RBE24, RBV23, REGALAR, REVER242, RV21, SD21";"22/03/2024 18:34:38";100087774;"100029763
"
B105553-S;1;"MONOPIEZA SCUBAPRO DEFINITION 5MM SRA. T.S (SS91)";"07/03/2019 13:37:45";289,99;395;100002778;"JOHNSON-OUTDOORS ";3;;"BF21, BF22, BF23, IRN22, MUJER, RBE23, RBE24, RBV23, REGALAR, REVER242, RV21, SD21";"22/03/2024 18:34:38";100087772;"100029763
"
B105553-XL;1;"MONOPIEZA SCUBAPRO DEFINITION 5MM SRA. T.XL (SS91)";"07/03/2019 13:37:45";289,99;395;100002778;"JOHNSON-OUTDOORS ";1;;"BF21, BF22, BF23, IRN22, MUJER, RBE23, RBE24, RBV23, REGALAR, REVER242, RV21, SD21";"22/03/2024 18:34:38";100087782;"100029763
"
B105553-XLS;1;"MONOPIEZA SCUBAPRO DEFINITION 5MM SRA. T.XLS (SS91)";"07/03/2019 13:37:45";289,99;395;100002778;"JOHNSON-OUTDOORS ";1;;"BF21, BF22, BF23, IRN22, MUJER, RBE23, RBE24, RBV23, REGALAR, REVER242, RV21, SD21";"22/03/2024 18:34:38";100087780;"100029763
"
B105553-XS;1;"MONOPIEZA SCUBAPRO DEFINITION 5MM SRA. T.XS (SS91)";"07/03/2019 13:37:45";289,99;395;100002778;"JOHNSON-OUTDOORS ";0;;"BF21, BF22, BF23, IRN22, MUJER, RBE23, RBE24, RBV23, REGALAR, REVER242, RV21, SD21";"22/03/2024 18:34:38";100087771;"100029763
"
B105554-2XL;1;"MONOPIEZA SCUBAPRO DEFINITION 5MM CRO. T.2XL (SS91)";"07/03/2019 13:37:45";291,99;395;100002778;"JOHNSON-OUTDOORS ";1;;"BF21, BF22, BF23, IRN21, IRN22, RBE23, RBE24, RBV23, REGALAR, REVER242, RV21, SD21";"22/03/2024 18:34:38";100087729;"100029760
"
B105554-3XL;1;"MONOPIEZA SCUBAPRO DEFINITION 5MM CRO. T.3XL (SS91)";"07/03/2019 13:37:45";291,99;395;100002778;"JOHNSON-OUTDOORS ";1;;"BF21, BF22, BF23, IRN21, IRN22, RBE23, RBE24, RBV23, REGALAR, REVER242, RV21, SD21";"22/03/2024 18:34:38";100087730;"100029760
"
B105554-L;1;"MONOPIEZA SCUBAPRO DEFINITION 5MM CRO. T.L (SS91)";"07/03/2019 13:37:45";291,99;395;100002778;"JOHNSON-OUTDOORS ";2;;"BF21, BF22, BF23, COMPARADOR, COMP_FR, COMP_PT, IRN21, IRN22, RBE23, RBE24, RBV23, REGALAR, REVER242, RV21, SD21";"22/03/2024 18:34:38";100087725;"100029760
"
B105554-LS;1;"MONOPIEZA SCUBAPRO DEFINITION 5MM CRO. T.LS (SS91)";"07/03/2019 13:37:45";291,99;395;100002778;"JOHNSON-OUTDOORS ";1;;"BF21, BF22, BF23, IRN22, RBE23, RBE24, RBV23, REGALAR, REVER242, RV21, SD21";"22/03/2024 18:34:38";100087724;"100029760
"
B105554-LT;1;"MONOPIEZA SCUBAPRO DEFINITION 5MM CRO. T.LT (SS91)";"07/03/2019 13:37:45";291,99;395;100002778;"JOHNSON-OUTDOORS ";0;;"BF21, BF22, BF23, IRN22, RBE23, RBE24, RBV23, REGALAR, REVER242, RV21, SD21";"22/03/2024 18:34:38";100087726;"100029760
"
B105554-M;1;"MONOPIEZA SCUBAPRO DEFINITION 5MM CRO. T.M (SS91)";"07/03/2019 13:37:45";291,99;395;100002778;"JOHNSON-OUTDOORS ";1;;"BF21, BF22, BF23, IRN22, RBE23, RBE24, RBV23, REGALAR, REVER242, RV21, SD21";"22/03/2024 18:34:38";100087722;"100029760
"
B105554-MT;1;"MONOPIEZA SCUBAPRO DEFINITION 5MM CRO. T.MT (SS91)";"07/03/2019 13:37:45";291,99;395;100002778;"JOHNSON-OUTDOORS ";1;;"BF21, BF22, BF23, IRN22, RBE23, RBE24, RBV23, REGALAR, REVER242, RV21, SD21";"22/03/2024 18:34:38";100087723;"100029760
"
B105554-S;1;"MONOPIEZA SCUBAPRO DEFINITION 5MM CRO. T.S (SS91)";"07/03/2019 13:37:45";291,99;395;100002778;"JOHNSON-OUTDOORS ";1;;"BF21, BF22, BF23, IRN21, IRN22, RBE23, RBE24, RBV23, REGALAR, REVER242, RV21, SD21";"22/03/2024 18:34:38";100087721;"100029760
"
B105554-XL;1;"MONOPIEZA SCUBAPRO DEFINITION 5MM CRO. T.XL (SS91)";"07/03/2019 13:37:45";291,99;395;100002778;"JOHNSON-OUTDOORS ";0;;"BF21, BF22, BF23, IRN21, IRN22, RBE23, RBE24, RBV23, REGALAR, REVER242, RV21, SD21";"22/03/2024 18:34:38";100087728;"100029760
"
B105554-XLS;1;"MONOPIEZA SCUBAPRO DEFINITION 5MM CRO. T.XLS (SS91)";"07/03/2019 13:37:45";291,99;395;100002778;"JOHNSON-OUTDOORS ";0;;"BF21, BF22, BF23, IRN22, RBE23, RBE24, RBV23, REGALAR, REVER242, RV21, SD21";"22/03/2024 18:34:38";100087727;"100029760
"
B105555-L;1;"MONOPIEZA SCUBAPRO DEFINITION 3MM SRA. T.L (SS91)";"07/03/2019 13:37:45";214,99;269;100002778;"JOHNSON-OUTDOORS ";1;;"BF21, BF22, BF23, IRN21, IRN22, MUJER, RBE22, RBE23, RBE24, RBV22, RBV23, REGALAR, REVER242, RV21";"22/03/2024 18:34:38";100087769;"100029763
"
B105555-M;1;"MONOPIEZA SCUBAPRO DEFINITION 3MM SRA. T.M (SS91)";"07/03/2019 13:37:45";214,99;269;100002778;"JOHNSON-OUTDOORS ";0;;"BF21, BF22, BF23, COMPARADOR, COMP_FR, COMP_PT, IRN22, MUJER, RBE23, RBE24, RBV22, RBV23, REGALAR, REVER242, RV21";"22/03/2024 18:34:38";100087764;"100029763
"
B105555-S;1;"MONOPIEZA SCUBAPRO DEFINITION 3MM SRA. T.S (SS91)";"07/03/2019 13:37:45";214,99;269;100002778;"JOHNSON-OUTDOORS ";1;;"BF21, BF22, BF23, IRN22, MUJER, RBE23, RBE24, RBV22, RBV23, REGALAR, REVER242, RV21";"22/03/2024 18:34:38";100087761;"100029763
"
B105555-XL;1;"MONOPIEZA SCUBAPRO DEFINITION 3MM SRA. T.XL (SS91)";"07/03/2019 13:37:46";214,99;269;100002778;"JOHNSON-OUTDOORS ";0;;"BF21, BF22, BF23, IRN22, MUJER, RBE23, RBE24, RBV22, RBV23, REGALAR, REVER242, RV21";"22/03/2024 18:34:38";100087770;"100029763
"
B105555-XS;1;"MONOPIEZA SCUBAPRO DEFINITION 3MM SRA. T.XS (SS91)";"07/03/2019 13:37:45";214,99;269;100002778;"JOHNSON-OUTDOORS ";0;;"BF21, BF22, BF23, IRN22, MUJER, RBE23, RBE24, RBV22, RBV23, REGALAR, REVER242, RV21";"22/03/2024 18:34:38";100087751;"100029763
"
B105556-2XL;1;"MONOPIEZA SCUBAPRO DEFINITION 3MM CRO. T.2XL (SS91)";"07/03/2019 13:37:45";209,99;269;100002778;"JOHNSON-OUTDOORS ";0;;"BF21, BF22, BF23, IRN21, IRN22, RBE23, RBE24, RBV23, REGALAR, REVER242, RV21";"22/03/2024 18:34:38";100087719;"100029760
"
B105556-3XL;1;"MONOPIEZA SCUBAPRO DEFINITION 3MM CRO. T.3XL (SS91)";"07/03/2019 13:37:45";209,99;269;100002778;"JOHNSON-OUTDOORS ";0;;"BF21, BF22, BF23, IRN22, RBE23, RBE24, RBV23, REGALAR, REVER242, RV21";"22/03/2024 18:34:38";100087720;"100029760
"
B105556-L;1;"MONOPIEZA SCUBAPRO DEFINITION 3MM CRO. T.L (SS91)";"07/03/2019 13:37:45";209,99;269;100002778;"JOHNSON-OUTDOORS ";0;;"BF21, BF22, BF23, COMPARADOR, COMP_FR, COMP_PT, IRN22, RBE23, RBE24, RBV23, REGALAR, REVER242, RV21";"22/03/2024 18:34:38";100087717;"100029760
"
B105556-M;1;"MONOPIEZA SCUBAPRO DEFINITION 3MM CRO. T.M (SS91)";"07/03/2019 13:37:45";209,99;269;100002778;"JOHNSON-OUTDOORS ";1;;"BF21, BF22, BF23, IRN22, RBE23, RBE24, RBV23, REGALAR, REVER242, RV21";"22/03/2024 18:34:38";100087716;"100029760
"
B105556-S;1;"MONOPIEZA SCUBAPRO DEFINITION 3MM CRO. T.S (SS91)";"07/03/2019 13:37:45";209,99;269;100002778;"JOHNSON-OUTDOORS ";1;;"BF21, BF22, BF23, IRN22, RBE23, RBE24, RBV23, REGALAR, REVER242, RV21";"22/03/2024 18:34:38";100087713;"100029760
"
B105556-XL;1;"MONOPIEZA SCUBAPRO DEFINITION 3MM CRO. T.XL (SS91)";"07/03/2019 13:37:45";209,99;269;100002778;"JOHNSON-OUTDOORS ";3;;"BF21, BF22, BF23, IRN21, IRN22, RBE23, RBE24, RBV23, REGALAR, REVER242, RV21";"22/03/2024 18:34:38";100087718;"100029760
"
B105557-2XL;1;"SHORTY SCUBAPRO DEFINITION 2,5MM SRA. T.2XL (SS91)";"07/03/2019 13:54:12";101,99;139;100002778;"JOHNSON-OUTDOORS ";0;;"BF21, BF22, BF23, CSW, IRN22, MUJER, RBE23, RBE24, RBV22, RBV23, REGALAR, REVER242, RV21";"22/03/2024 18:34:38";100087835;"100029782
"
B105557-L;1;"SHORTY SCUBAPRO DEFINITION 2,5MM SRA. T.L (SS91)";"07/03/2019 13:54:12";101,99;139;100002778;"JOHNSON-OUTDOORS ";1;;"BF21, BF22, BF23, CSW, IRN21, IRN22, MUJER, RBE22, RBE23, RBE24, RBV22, RBV23, REGALAR, REVER242, RV21";"22/03/2024 18:34:38";100087833;"100029782
"
B105557-M;1;"SHORTY SCUBAPRO DEFINITION 2,5MM SRA. T.M (SS91)";"07/03/2019 13:54:12";101,99;139;100002778;"JOHNSON-OUTDOORS ";0;;"BF21, BF22, BF23, CSW, IRN22, MUJER, RBE23, RBE24, RBV22, RBV23, REGALAR, REVER242, RV21";"22/03/2024 18:34:38";100087832;"100029782
"
B105557-S;1;"SHORTY SCUBAPRO DEFINITION 2,5MM SRA. T.S (SS91)";"07/03/2019 13:54:12";101,99;139;100002778;"JOHNSON-OUTDOORS ";2;;"BF21, BF22, BF23, CSW, IRN21, IRN22, MUJER, RBE22, RBE23, RBE24, RBV22, RBV23, REGALAR, REVER242, RV21";"22/03/2024 18:34:38";100087831;"100029782
"
B105557-XL;1;"SHORTY SCUBAPRO DEFINITION 2,5MM SRA. T.XL (SS91)";"07/03/2019 13:54:12";101,99;139;100002778;"JOHNSON-OUTDOORS ";0;;"BF21, BF22, BF23, CSW, IRN22, MUJER, RBE23, RBE24, RBV22, RBV23, REGALAR, REVER242, RV21";"22/03/2024 18:34:38";100087834;"100029782
"
B105557-XS;1;"SHORTY SCUBAPRO DEFINITION 2,5MM SRA. T.XS (SS91)";"07/03/2019 13:54:12";101,99;139;100002778;"JOHNSON-OUTDOORS ";0;;"BF21, BF22, BF23, COMPARADOR, COMP_FR, COMP_PT, CSW, IRN22, MUJER, RBE23, RBE24, RBV22, RBV23, REGALAR, REVER242, RV21";"22/03/2024 18:34:38";100087830;"100029782
"
B105558-2XL;1;"SHORTY SCUBAPRO DEFINITION 2,5MM CRO. T.2XL (SS91)";"07/03/2019 13:54:12";99,99;139;100002778;"JOHNSON-OUTDOORS ";0;;"BF21, BF22, BF23, CSW, IRN22, RBE23, RBE24, RBV22, RBV23, REVER242, RV21";"22/03/2024 18:34:38";100087827;"100029781
"
B105558-3XL;1;"SHORTY SCUBAPRO DEFINITION 2,5MM CRO. T.3XL (SS91)";"07/03/2019 13:54:12";99,99;139;100002778;"JOHNSON-OUTDOORS ";0;;"BF21, BF22, BF23, CSW, IRN21, IRN22, RBE22, RBE23, RBE24, RBV22, RBV23, REVER242, RV21";"22/03/2024 18:34:38";100087828;"100029781
"
B105558-4XL;1;"SHORTY SCUBAPRO DEFINITION 2,5MM CRO. T.4XL (SS91)";"07/03/2019 13:54:12";99,99;139;100002778;"JOHNSON-OUTDOORS ";0;;"BF21, BF22, BF23, CSW, IRN22, RBE23, RBE24, RBV22, RBV23, REVER242, RV21";"22/03/2024 18:34:38";100087829;"100029781
"
B105558-L;1;"SHORTY SCUBAPRO DEFINITION 2,5MM CRO. T.L (SS91)";"07/03/2019 13:54:12";99,99;139;100002778;"JOHNSON-OUTDOORS ";1;;"BF21, BF22, BF23, COMPARADOR, COMP_FR, COMP_PT, CSW, IRN21, IRN22, RBE23, RBV22, RBV23, REVER242, RV21";"22/03/2024 18:34:38";100087825;"100029781
"
B105558-M;1;"SHORTY SCUBAPRO DEFINITION 2,5MM CRO. T.M (SS91)";"07/03/2019 13:54:12";99,99;139;100002778;"JOHNSON-OUTDOORS ";0;;"BF21, BF22, BF23, CSW, IRN21, IRN22, RBE23, RBE24, RBV22, RBV23, REVER242, RV21";"30/10/2023 18:59:40";100087822;"100029781
"
B105558-S;1;"SHORTY SCUBAPRO DEFINITION 2,5MM CRO. T.S (SS91)";"07/03/2019 13:54:12";99,99;139;100002778;"JOHNSON-OUTDOORS ";1;;"BF21, BF22, BF23, CSW, IRN22, RBE23, RBE24, RBV22, RBV23, REVER242, RV21";"22/03/2024 18:34:38";100087821;"100029781
"
B105558-XL;1;"SHORTY SCUBAPRO DEFINITION 2,5MM CRO. T.XL (SS91)";"07/03/2019 13:54:12";99,99;139;100002778;"JOHNSON-OUTDOORS ";0;;"BF21, BF22, BF23, CSW, IRN22, RBE23, RBE24, RBV22, RBV23, REVER242, RV21";"22/03/2024 18:34:38";100087826;"100029781
"
B105558-XS;2;"SHORTY SCUBAPRO DEFINITION 2,5MM CRO. T.XS (SS91)";"07/03/2019 13:54:12";99,99;139;100002778;"JOHNSON-OUTDOORS ";1;;"BF21, BF22, BF23, IRN22, RBE23, RBE24, RBV22, RBV23, REVER242, RV21";"30/10/2023 18:59:40";100087820;"100029781
"
B105630L;1;"JACKET CRESSI START T.L";"19/04/2007 17:40:06";240,99;304;1053;"CRESSI-SUB ESPAÑA, S.A.";0;;"BF22, CM22, CM23, COMUNIONES, RBE22, RBE23, RBV22, RBV23, REVER242, RV21";"06/03/2023 18:47:12";417482;"32761
"
B105630M;1;"JACKET CRESSI START T.M";"19/04/2007 17:39:32";240,99;304;1053;"CRESSI-SUB ESPAÑA, S.A.";1;;"BF22, BF23, CM22, CM23, COMPARADOR, COMP_FR, COMP_PT, COMUNIONES, IRN21, RBE22, RBE23, RBV22, RBV23, REVER242, RV21";"03/04/2024 13:47:03";417481;"32761
"
B105630S;1;"JACKET CRESSI START T.S";"19/04/2007 17:38:46";240,99;304;1053;"CRESSI-SUB ESPAÑA, S.A.";0;;"BF22, BF23, CM22, CM23, COMUNIONES, RBE22, RBE23, RBV22, RBV23, REVER242, RV21";"03/04/2024 13:47:03";417480;"32761
"
B105630XL;1;"JACKET CRESSI START T.XL ";"19/04/2007 17:40:49";240,99;304;1053;"CRESSI-SUB ESPAÑA, S.A.";0;;"BF22, CM22, CM23, COMUNIONES, RBE22, RBE23, RBV22, REVER242, RV21";"06/03/2023 18:47:12";417483;"32761
"
B105630XS;1;"JACKET CRESSI START T.XS";"19/04/2007 17:36:33";240,99;304;1053;"CRESSI-SUB ESPAÑA, S.A.";1;;"BF22, BF23, CM22, CM23, COMUNIONES, RBE22, RBE23, RBV22, RBV23, REVER242, RV21";"03/04/2024 13:47:03";417479;"32761
"
B105659;1;"AIR 2 - 4ª GENERACION";"10/04/2014 17:28:00";211,99;265;100002778;"JOHNSON-OUTDOORS ";0;"SUBMARINISMO 2016";"BF23, COMPARADOR, COMP_FR, COMP_PT, RBE23, RBE24, REVER242";"22/03/2024 18:34:37";100026299;"100009930
"
B105920-M;1;"JACKET SCUBAPRO HYDROS X CRO. T.M (SS02)";"23/11/2019 12:04:02";699,99;935;100002778;"JOHNSON-OUTDOORS ";0;;"BF23, EXCEPCION_2021, EXC_2022, IRN22, RBE22, RBE23, RBE24, RBV22, RBV23, REVER242, RV21";"22/03/2024 18:34:37";100126108;"100046151
"
B105920-S;2;"JACKET SCUBAPRO HYDROS X CRO. T.S (SS02)";"23/11/2019 12:04:02";699,99;935;100002778;"JOHNSON-OUTDOORS ";1;;"EXC_2022, IRN22, RBE23, RBE24, RBV22, RBV23, REVER242";"22/03/2024 18:34:37";100161806;"100046151
"
B105920-SL;1;"JACKET SCUBAPRO HYDROS X CRO. T. L      ";"03/05/2022 10:59:08";699,99;935;100002778;"JOHNSON-OUTDOORS ";0;;"BF22, COMPARADOR, COMP_FR, COMP_PT, EXC_2022, IRN22, RBE23, RBE24, RBV22, RBV23, REVER242";"22/03/2024 18:34:37";100144111;"100046151
"
B105920-SXXL;1;"JACKET SCUBAPRO HYDROS X CRO. T. XL/XXL";"03/05/2022 10:59:08";699,99;935;100002778;"JOHNSON-OUTDOORS ";0;;"BF22, EXC_2022, IRN22, RBE23, RBE24, RBV22, RBV23, REVER242";"22/03/2024 18:34:37";100144112;"100046151
"
B105921-XS;1;"JACKET SCUBAPRO HYDROS X SRA. T.XS-S (SS02)";"23/11/2019 12:04:03";747,99;935;100002778;"JOHNSON-OUTDOORS ";2;;"EXCEPCION_2021, EXC_2022, IRN21, IRN22, MUJER, NEBE VENTA PRIORITARIA, RBE22, RBE23, RBE24, RBV22, RBV23, REVER242, RV21, SD21";"22/03/2024 18:34:37";100124312;"100046154
"
B105921-XSL;1;"JACKET SCUBAPRO HYDROS X SRA. T. L     ";"03/05/2022 10:59:08";747,99;935;100002778;"JOHNSON-OUTDOORS ";0;;"BF22, EXC_2022, IRN22, MUJER, RBE23, RBE24, RBV22, RBV23, REVER242";"22/03/2024 18:34:37";100144127;"100046154
"
B105921-XSM;1;"JACKET SCUBAPRO HYDROS X SRA. T.M       ";"03/05/2022 10:59:08";747,99;935;100002778;"JOHNSON-OUTDOORS ";0;;"BF22, COMPARADOR, COMP_FR, COMP_PT, EXC_2022, IRN22, MUJER, RBE23, RBE24, RBV22, RBV23, REVER242";"22/03/2024 18:34:37";100144125;10004621;"22/03/2024 18:34:37";426099;"34193
"
B115725AZ;1;"ORDENADOR CRESSI LEONARDO 2.0  NEGRO/AZUL";"07/05/2012 17:28:12";169,99;203;1053;"CRESSI-SUB ESPAÑA, S.A.";9;"SUBMARINISMO 2016, SUBMARINISMO 2015";"BF21, BF23, IRN22, RBE24, REVER242";"13/05/2024 14:19:19";100002119;"34197
"
B115725BL;1;"ORDENADOR CRESSI LEONARDO 2.0  BLANCO/NEGRO";"07/05/2012 17:33:38";169,99;203;1053;"CRESSI-SUB ESPAÑA, S.A.";4;"SUBMARINISMO 2016, SUBMARINISMO 2015";"BF21, BF23, IRN21, IRN22, RBE24, REVER242, RV21";"13/05/2024 14:19:19";100002120;"34197
"
B115725N;1;"ORDENADOR CRESSI LEONARDO 2.0 NEGRO/GRIS";"30/03/2011 15:29:24";169,99;203;1053;"CRESSI-SUB ESPAÑA, S.A.";6;"SUBMARINISMO 2016, SUBMARINISMO 2015";"BF21, BF23, COMPARADOR, COMP_FR, COMP_PT, IRN22, RBE24, REVER242, RV21";"13/05/2024 14:19:19";426104;"34197
"
B115725NA;1;"ORDENADOR CRESSI LEONARDO 2.0 NEGRO/AMARILLO";"12/03/2014 10:57:46";169,99;203;1053;"CRESSI-SUB ESPAÑA, S.A.";3;"SUBMARINISMO 2016, SUBMARINISMO 2015";"BF21, BF23, IRN22, RBE24, REVER242, RV21";"13/05/2024 14:19:19";100016669;"34197
"
B115725NGR;1;"ORDENADOR CRESSI LEONARDO 2.0 NEGRO/NEGRO";"10/12/2018 13:35:06";169,99;203;1053;"CRESSI-SUB ESPAÑA, S.A.";8;;"BF21, BF23, IRN21, IRN22, RBE24, REVER242, RV21";"13/05/2024 14:19:19";100102954;"34197
"
B115725RO;1;"ORDENADOR CRESSI LEONARDO 2.0  NEGRO/ROSA";"07/05/2012 17:34:15";169,99;203;1053;"CRESSI-SUB ESPAÑA, S.A.";3;"SUBMARINISMO 2016, SUBMARINISMO 2015";"BF21, BF23, IRN22, RBE24, REVER242, RV21";"13/05/2024 14:19:19";100002121;"34197
"
B115729;1;"MANOMETRO SCUBAPRO COMPACT";"26/04/2013 11:21:08";99,99;135;100002778;"JOHNSON-OUTDOORS ";2;"SUBMARINISMO 2016";"BF23, COMPARADOR, COMP_FR, COMP_PT, CSW, IRN21, RBE23, RBE24, RBV23, REVER242";"22/03/2024 18:34:37";100007593;"100003162
"
B115750-1;1;"ORDENADOR MARES SMART APNEA NEGRO/AZUL (SS91)";"09/01/2019 15:24:00";229,99;299;1057;"MARES, S.P.A";2;;"BF21, BF22, BF23, CM22, CM23, COLOR, IRN21, IRN22, RBE22, RBE23, RBE24, RBV22, RBV23, REGALAR, REVER242, RV21, SD21";"23/04/2024 13:36:02";100084812;"100009941
"
B115813-2;2;"TRANSMISOR PARA SUUNTO D9TX, D9, D6I, D4I, VYPER AIR, VYTEC DS Y HELO2";"20/09/2010 11:55:01";199,99;299;1052;"AQUALUNG ESPAÑA,S.L.";2;"SUBMARINISMO 2016";"BF21, BF22, BF23, NEBE VENTA PRIORITARIA, OUTLET, RBE22, RBE23, RBE24, RBV22, RBV23, REVER242, RV21, SD21";;100002100;"100000922
"
B120006-R;2;"ALETA TECHNISUB EXPRESS LAVENDER T.R (1220)";"23/03/2012 11:49:29";49,99;80,99;1052;"AQUALUNG ESPAÑA,S.L.";1;;"BF22, BF23, NEBE VENTA PRIORITARIA, OUTLET, RBE22, RBE23, RBE24, RBV22, RBV23, REVER242, RV21";;100025976;"34217
"
B120021-2XLS;1;"TRAJE SCUBAPRO EXODRY 4.0 MN 2XLS            ";"03/05/2022 10:59:08";883,99;1105;100002778;"JOHNSON-OUTDOORS ";0;;"BF23, EXC_2022, RBE23, RBE24, RBV22, RBV23, REVER242";"22/03/2024 18:34:37";100144007;"100046128
"
B120021-LS;1;"TRAJE SCUBAPRO EXODRY 4.0 MN LS              ";"03/05/2022 10:59:08";883,99;1105;100002778;"JOHNSON-OUTDOORS ";0;;"BF23, COMPARADOR, COMP_FR, COMP_PT, EXC_2022, RBE23, RBE24, RBV22, RBV23, REVER242";"22/03/2024 18:34:37";100144005;"100046128
"
B120021-XLS;1;"TRAJE SCUBAPRO EXODRY 4.0 MN XLS             ";"03/05/2022 10:59:08";883,99;1105;100002778;"JOHNSON-OUTDOORS ";0;;"BF23, EXC_2022, RBE23, RBE24, RBV22, RBV23, REVER242";"22/03/2024 18:34:37";100144006;"100046128
"
B120026-XL;1;"TRAJE SCUBAPRO EVERTECH DRY BREATHABLE FEM XL";"03/05/2022 9:52:37";1379,99;1725;100002778;"JOHNSON-OUTDOORS ";0;;"COMPARADOR, COMP_FR, COMP_PT, EXC_2022, MUJER, RBE23, RBE24, RBV23, REVER242";"22/03/2024 18:34:37";100144002;"100046127
"
B120032-3;2;"MONOPIEZA MARES CORAL CRO. 0,5 MM  T.3";"30/04/2010 17:18:50";94,99;135;1057;"MARES, S.P.A";1;"SUBMARINISMO 2016";"BF22, BF23, NEBE VENTA PRIORITARIA, OUTLET, RBE22, RBE23, RBE24, RBV22, RBV23, REVER242, RV21, SD21";;417569;"32787
"
B120035-1;2;"MONOPIEZA MARES REEF SHE DIVES 3MM SRA. T.1";"15/04/2011 13:47:26";79,99;122,03;1057;"MARES, S.P.A";1;"SUBMARINISMO 2016";"BF21, BF22, BF23, MUJER, NEBE VENTA PRIORITARIA, OUTLET, RBE22, RBE23, RBE24, RBV22, RBV23, REVER242, RV21";;426130;"34205
"
B120035-2;2;"MONOPIEZA MARES REEF SHE DIVES 3MM SRA. T.2";"15/04/2011 13:47:26";79,99;122,03;1057;"MARES, S.P.A";1;"SUBMARINISMO 2016";"BF21, BF22, BF23, MUJER, OUTLET, RBE22, RBE23, RBE24, RBV22, RBV23, REVER242, RV21";;426131;"34205
"
B120041S;2;"BAÑADOR CRESSI NAXOS CRO. AZUL T.S";"23/04/2012 17:53:37";19,99;24,95;1053;"CRESSI-SUB ESPAÑA, S.A.";1;"SUBMARINISMO 2016, SUBMARINISMO 2015";"BF22, BF23, OUTLET, RBE23, RBE24, RBV22, RBV23, REVER242";;100002429;"100000984
"
B120056-2;1;"MONOPIEZA CRESSI MOREA 3MM CRO. T.2 ";"09/03/2015 12:49:20";118,99;165;1053;"CRESSI-SUB ESPAÑA, S.A.";0;"SUBMARINISMO 2016, SUBMARINISMO 2015";"BF22, BF23, CSW, RBE23, RBE24, RBV22, REVER242, RV21";"03/04/2024 13:47:04";100026362;"100009953
"
B120056-3;1;"MONOPIEZA CRESSI MOREA 3MM CRO. T.3";"09/03/2015 12:49:20";118,99;165;1053;"CRESSI-SUB ESPAÑA, S.A.";1;"SUBMARINISMO 2016, SUBMARINISMO 2015";"BF22, BF23, CSW, IRN21, RBE23, RBE24, RBV22, REVER242, RV21";"03/04/2024 13:47:04";100026363;"100009953
"
B120056-4;1;"MONOPIEZA CRESSI MOREA 3MM CRO. T.4";"09/03/2015 12:49:20";118,99;165;1053;"CRESSI-SUB ESPAÑA, S.A.";2;"SUBMARINISMO 2016, SUBMARINISMO 2015";"BF22, BF23, COMPARADOR, COMP_FR, COMP_PT, IRN21, RBE23, RBE24, RBV22, RBV23, REVER242, RV21";"03/04/2024 13:47:04";100026364;"100009953
"
B120056-5;1;"MONOPIEZA CRESSI MOREA 3MM CRO. T.5 ";"09/03/2015 12:49:20";118,99;165;1053;"CRESSI-SUB ESPAÑA, S.A.";2;"SUBMARINISMO 2016, SUBMARINISMO 2015";"BF22, BF23, CSW, IRN21, RBE23, RBE24, RBV22, REVER242, RV21";"03/04/2024 13:47:04";100026365;"100009953
"
B120056-6;1;"MONOPIEZA CRESSI MOREA 3MM CRO. T.6 ";"09/03/2015 12:49:20";118,99;165;1053;"CRESSI-SUB ESPAÑA, S.A.";0;"SUBMARINISMO 2016, SUBMARINISMO 2015";"BF22, BF23, RBE23, RBE24, RBV22, REVER242, RV21";"03/04/2024 13:47:04";100026366;"100009953
"
B120057-1;1;"MONOPIEZA CRESSI MOREA 3MM SRA. T.1 ";"09/03/2015 12:49:20";118,99;165;1053;"CRESSI-SUB ESPAÑA, S.A.";2;"SUBMARINISMO 2016, SUBMARINISMO 2015";"BF23, IRN21, MUJER, RBE23, RBE24, RBV22, RBV23, REVER242, RV21";"03/04/2024 13:47:04";100026367;"100009954
"
B120057-2;1;"MONOPIEZA CRESSI MOREA 3MM SRA. T.2 ";"09/03/2015 12:49:20";118,99;165;1053;"CRESSI-SUB ESPAÑA, S.A.";2;"SUBMARINISMO 2016, SUBMARINISMO 2015";"BF23, COMPARADOR, COMP_FR, COMP_PT, IRN21, RBE23, RBE24, RBV22, RBV23, REVER242, RV21";"03/04/2024 13:47:04";100026368;"100009954
"
B120057-3;1;"MONOPIEZA CRESSI MOREA 3MM SRA. T.3 ";"09/03/2015 12:49:20";118,99;165;1053;"CRESSI-SUB ESPAÑA, S.A.";2;"SUBMARINISMO 2016, SUBMARINISMO 2015";"BF23, IRN21, RBE23, RBE24, RBV22, RBV23, REVER242, RV21";"03/04/2024 13:47:04";100026369;"100009954
"
B120057-4;1;"MONOPIEZA CRESSI MOREA 3MM SRA. T.4 ";"09/03/2015 12:49:20";118,99;165;1053;"CRESSI-SUB ESPAÑA, S.A.";1;"SUBMARINISMO 2016, SUBMARINISMO 2015";"BF23, IRN21, RBE23, RBE24, RBV22, RBV23, REVER242, RV21";"03/04/2024 13:47:04";100026370;"100009954
"
B120058-XL;2;"MONOPIEZA AQUALUNG BALI 3MM SRA. T.XL";"19/04/2013 11:16:33";69,99;139;1052;"AQUALUNG ESPAÑA,S.L.";2;"SUBMARINISMO 2015";"BF22, BF23, NEBE VENTA PRIORITARIA, OUTLET, RBE22, RBE23, RBE24, RBV22, RBV23, REVER242, RV21";;100007709;"100003182
"
B12006-XS;1;"MUDA INTERIOR PANT K2 MASC XS ";"02/05/2022 11:22:10";105,99;135;100002778;"JOHNSON-OUTDOORS ";0;;"BF22, BF23, COMPARADOR, COMP_FR, COMP_PT, RBE23, RBE24, RBV22, REVER242";"22/03/2024 18:34:37";100144008;"100046129
"
B12007-XS;1;"TRAJE SCUBAPRO MUDA INTERIOR EXTREM K2 MASC XS ";"03/05/2022 10:28:25";274,99;350;100002778;"JOHNSON-OUTDOORS ";0;;"BF22, BF23, COMPARADOR, COMP_FR, COMP_PT, RBE23, RBE24, RBV22, REVER242";"22/03/2024 18:34:37";100144019;"100046133
"
B120090B-36;2;"BAÑADOR MARES REEL BLUE SRA. T.36 (SS81)";"08/05/2018 11:23:46";29,99;59,95;1057;"MARES, S.P.A";1;;"BF21, BF22, BF23, MUJER, NEBE VENTA PRIORITARIA, OUTLET, RBE22, RBE23, RBE24, RBV22, RBV23, REVER242, RV21";;100074264;"100025815
"
B120090C-42;2;"BAÑADOR MARES REEL COLOURED SRA. T.42 (SS81)";"08/05/2018 11:23:46";29,99;59,95;1057;"MARES, S.P.A";1;;"BF21, BF22, BF23, MUJER, NEBE VENTA PRIORITARIA, OUTLET, RBE22, RBE23, RBE24, RBV22, RBV23, REVER242, RV21";;100074275;"100025815
"
B120091N-44;2;"BAÑADOR MARES SOLID 5 NAVY CRO. T.44 (SS81)";"08/05/2018 11:23:45";14,99;24,95;1057;"MARES, S.P.A";1;;"BF21, BF22, BF23, NEBE VENTA PRIORITARIA, OUTLET, RBE22, RBE23, RBE24, RBV22, RBV23, REVER242, RV21";;100074298;"100025818
"
B120092B-42;2;"BAÑADOR MARES SOLID Y 27 BLACK-WHITE CRO T.42 (SS81)";"08/05/2018 11:23:45";19,99;34,99;1057;"MARES, S.P.A";1;;"BF21, BF22, BF23, OUTLET, RBE22, RBE23, RBE24, RBV22, RBV23, REVER242";;100126087;"100040561
"
B115415-1;2;"ORDENADOR SCUBAPRO A2 + EMISOR (SS02)";"23/11/2019 12:06:29";719,99;899;100002778;"JOHNSON-OUTDOORS ";1;;"BF21, BF23, EXCEPCION_2021, EXC_2022, IRN21, IRN22, RBE22, RBE24, RBV22, REVER242, RV21, SD21";"04/02/2022 10:14:14";100103797;"100034278
"
B115724;2;"COMPAS SCUBAPRO FS2 + RETRACTIL";"20/12/2010 13:55:24";113,99;145;100002778;"JOHNSON-OUTDOORS ";1;"SUBMARINISMO 2016";"BF21, BF22, BF23, IRN21, OUTLET, RBE22, RBE23, RBE24, RBV22, RBV23, REVER242, RV21, SD21";"22/03/2024 18:34:37";426099;"34193
"
B115725AZ;1;"ORDENADOR CRESSI LEONARDO 2.0  NEGRO/AZUL";"07/05/2012 17:28:12";169,99;203;1053;"CRESSI-SUB ESPAÑA, S.A.";9;"SUBMARINISMO 2016, SUBMARINISMO 2015";"BF21, BF23, IRN22, RBE24, REVER242";"13/05/2024 14:19:19";100002119;"34197
"
B115725BL;1;"ORDENADOR CRESSI LEONARDO 2.0  BLANCO/NEGRO";"07/05/2012 17:33:38";169,99;203;1053;"CRESSI-SUB ESPAÑA, S.A.";4;"SUBMARINISMO 2016, SUBMARINISMO 2015";"BF21, BF23, IRN21, IRN22, RBE24, REVER242, RV21";"13/05/2024 14:19:19";100002120;"34197
"
B115725N;1;"ORDENADOR CRESSI LEONARDO 2.0 NEGRO/GRIS";"30/03/2011 15:29:24";169,99;203;1053;"CRESSI-SUB ESPAÑA, S.A.";6;"SUBMARINISMO 2016, SUBMARINISMO 2015";"BF21, BF23, COMPARADOR, COMP_FR, COMP_PT, IRN22, RBE24, REVER242, RV21";"13/05/2024 14:19:19";426104;"34197
"
B115725NA;1;"ORDENADOR CRESSI LEONARDO 2.0 NEGRO/AMARILLO";"12/03/2014 10:57:46";169,99;203;1053;"CRESSI-SUB ESPAÑA, S.A.";3;"SUBMARINISMO 2016, SUBMARINISMO 2015";"BF21, BF23, IRN22, RBE24, REVER242, RV21";"13/05/2024 14:19:19";100016669;"34197
"
B115725NGR;1;"ORDENADOR CRESSI LEONARDO 2.0 NEGRO/NEGRO";"10/12/2018 13:35:06";169,99;203;1053;"CRESSI-SUB ESPAÑA, S.A.";8;;"BF21, BF23, IRN21, IRN22, RBE24, REVER242, RV21";"13/05/2024 14:19:19";100102954;"34197
"
B115725RO;1;"ORDENADOR CRESSI LEONARDO 2.0  NEGRO/ROSA";"07/05/2012 17:34:15";169,99;203;1053;"CRESSI-SUB ESPAÑA, S.A.";3;"SUBMARINISMO 2016, SUBMARINISMO 2015";"BF21, BF23, IRN22, RBE24, REVER242, RV21";"13/05/2024 14:19:19";100002121;"34197
"
B115729;1;"MANOMETRO SCUBAPRO COMPACT";"26/04/2013 11:21:08";99,99;135;100002778;"JOHNSON-OUTDOORS ";2;"SUBMARINISMO 2016";"BF23, COMPARADOR, COMP_FR, COMP_PT, CSW, IRN21, RBE23, RBE24, RBV23, REVER242";"22/03/2024 18:34:37";100007593;"100003162
"
B115750-1;1;"ORDENADOR MARES SMART APNEA NEGRO/AZUL (SS91)";"09/01/2019 15:24:00";229,99;299;1057;"MARES, S.P.A";2;;"BF21, BF22, BF23, CM22, CM23, COLOR, IRN21, IRN22, RBE22, RBE23, RBE24, RBV22, RBV23, REGALAR, REVER242, RV21, SD21";"23/04/2024 13:36:02";100084812;"100009941
"
B115813-2;2;"TRANSMISOR PARA SUUNTO D9TX, D9, D6I, D4I, VYPER AIR, VYTEC DS Y HELO2";"20/09/2010 11:55:01";199,99;299;1052;"AQUALUNG ESPAÑA,S.L.";2;"SUBMARINISMO 2016";"BF21, BF22, BF23, NEBE VENTA PRIORITARIA, OUTLET, RBE22, RBE23, RBE24, RBV22, RBV23, REVER242, RV21, SD21";;100002100;"100000922
"
B120006-R;2;"ALETA TECHNISUB EXPRESS LAVENDER T.R (1220)";"23/03/2012 11:49:29";49,99;80,99;1052;"AQUALUNG ESPAÑA,S.L.";1;;"BF22, BF23, NEBE VENTA PRIORITARIA, OUTLET, RBE22, RBE23, RBE24, RBV22, RBV23, REVER242, RV21";;100025976;"34217
"
B120021-2XLS;1;"TRAJE SCUBAPRO EXODRY 4.0 MN 2XLS            ";"03/05/2022 10:59:08";883,99;1105;100002778;"JOHNSON-OUTDOORS ";0;;"BF23, EXC_2022, RBE23, RBE24, RBV22, RBV23, REVER242";"22/03/2024 18:34:37";100144007;"100046128
"
B120021-LS;1;"TRAJE SCUBAPRO EXODRY 4.0 MN LS              ";"03/05/2022 10:59:08";883,99;1105;100002778;"JOHNSON-OUTDOORS ";0;;"BF23, COMPARADOR, COMP_FR, COMP_PT, EXC_2022, RBE23, RBE24, RBV22, RBV23, REVER242";"22/03/2024 18:34:37";100144005;"100046128
"
B120021-XLS;1;"TRAJE SCUBAPRO EXODRY 4.0 MN XLS             ";"03/05/2022 10:59:08";883,99;1105;100002778;"JOHNSON-OUTDOORS ";0;;"BF23, EXC_2022, RBE23, RBE24, RBV22, RBV23, REVER242";"22/03/2024 18:34:37";100144006;"100046128
"
B120026-XL;1;"TRAJE SCUBAPRO EVERTECH DRY BREATHABLE FEM XL";"03/05/2022 9:52:37";1379,99;1725;100002778;"JOHNSON-OUTDOORS ";0;;"COMPARADOR, COMP_FR, COMP_PT, EXC_2022, MUJER, RBE23, RBE24, RBV23, REVER242";"22/03/2024 18:34:37";100144002;"100046127
"
B120032-3;2;"MONOPIEZA MARES CORAL CRO. 0,5 MM  T.3";"30/04/2010 17:18:50";94,99;135;1057;"MARES, S.P.A";1;"SUBMARINISMO 2016";"BF22, BF23, NEBE VENTA PRIORITARIA, OUTLET, RBE22, RBE23, RBE24, RBV22, RBV23, REVER242, RV21, SD21";;417569;"32787
"
B120035-1;2;"MONOPIEZA MARES REEF SHE DIVES 3MM SRA. T.1";"15/04/2011 13:47:26";79,99;122,03;1057;"MARES, S.P.A";1;"SUBMARINISMO 2016";"BF21, BF22, BF23, MUJER, NEBE VENTA PRIORITARIA, OUTLET, RBE22, RBE23, RBE24, RBV22, RBV23, REVER242, RV21";;426130;"34205
"
B120035-2;2;"MONOPIEZA MARES REEF SHE DIVES 3MM SRA. T.2";"15/04/2011 13:47:26";79,99;122,03;1057;"MARES, S.P.A";1;"SUBMARINISMO 2016";"BF21, BF22, BF23, MUJER, OUTLET, RBE22, RBE23, RBE24, RBV22, RBV23, REVER242, RV21";;426131;"34205
"
B120041S;2;"BAÑADOR CRESSI NAXOS CRO. AZUL T.S";"23/04/2012 17:53:37";19,99;24,95;1053;"CRESSI-SUB ESPAÑA, S.A.";1;"SUBMARINISMO 2016, SUBMARINISMO 2015";"BF22, BF23, OUTLET, RBE23, RBE24, RBV22, RBV23, REVER242";;100002429;"100000984
"
B120056-2;1;"MONOPIEZA CRESSI MOREA 3MM CRO. T.2 ";"09/03/2015 12:49:20";118,99;165;1053;"CRESSI-SUB ESPAÑA, S.A.";0;"SUBMARINISMO 2016, SUBMARINISMO 2015";"BF22, BF23, CSW, RBE23, RBE24, RBV22, REVER242, RV21";"03/04/2024 13:47:04";100026362;"100009953
"
B120056-3;1;"MONOPIEZA CRESSI MOREA 3MM CRO. T.3";"09/03/2015 12:49:20";118,99;165;1053;"CRESSI-SUB ESPAÑA, S.A.";1;"SUBMARINISMO 2016, SUBMARINISMO 2015";"BF22, BF23, CSW, IRN21, RBE23, RBE24, RBV22, REVER242, RV21";"03/04/2024 13:47:04";100026363;"100009953
"
B120056-4;1;"MONOPIEZA CRESSI MOREA 3MM CRO. T.4";"09/03/2015 12:49:20";118,99;165;1053;"CRESSI-SUB ESPAÑA, S.A.";2;"SUBMARINISMO 2016, SUBMARINISMO 2015";"BF22, BF23, COMPARADOR, COMP_FR, COMP_PT, IRN21, RBE23, RBE24, RBV22, RBV23, REVER242, RV21";"03/04/2024 13:47:04";100026364;"100009953
"
B120056-5;1;"MONOPIEZA CRESSI MOREA 3MM CRO. T.5 ";"09/03/2015 12:49:20";118,99;165;1053;"CRESSI-SUB ESPAÑA, S.A.";2;"SUBMARINISMO 2016, SUBMARINISMO 2015";"BF22, BF23, CSW, IRN21, RBE23, RBE24, RBV22, REVER242, RV21";"03/04/2024 13:47:04";100026365;"100009953
"
B120056-6;1;"MONOPIEZA CRESSI MOREA 3MM CRO. T.6 ";"09/03/2015 12:49:20";118,99;165;1053;"CRESSI-SUB ESPAÑA, S.A.";0;"SUBMARINISMO 2016, SUBMARINISMO 2015";"BF22, BF23, RBE23, RBE24, RBV22, REVER242, RV21";"03/04/2024 13:47:04";100026366;"100009953
"
B120057-1;1;"MONOPIEZA CRESSI MOREA 3MM SRA. T.1 ";"09/03/2015 12:49:20";118,99;165;1053;"CRESSI-SUB ESPAÑA, S.A.";2;"SUBMARINISMO 2016, SUBMARINISMO 2015";"BF23, IRN21, MUJER, RBE23, RBE24, RBV22, RBV23, REVER242, RV21";"03/04/2024 13:47:04";100026367;"100009954
"
B120057-2;1;"MONOPIEZA CRESSI MOREA 3MM SRA. T.2 ";"09/03/2015 12:49:20";118,99;165;1053;"CRESSI-SUB ESPAÑA, S.A.";2;"SUBMARINISMO 2016, SUBMARINISMO 2015";"BF23, COMPARADOR, COMP_FR, COMP_PT, IRN21, RBE23, RBE24, RBV22, RBV23, REVER242, RV21";"03/04/2024 13:47:04";100026368;"100009954
"
B120057-3;1;"MONOPIEZA CRESSI MOREA 3MM SRA. T.3 ";"09/03/2015 12:49:20";118,99;165;1053;"CRESSI-SUB ESPAÑA, S.A.";2;"SUBMARINISMO 2016, SUBMARINISMO 2015";"BF23, IRN21, RBE23, RBE24, RBV22, RBV23, REVER242, RV21";"03/04/2024 13:47:04";100026369;"100009954
"
B120057-4;1;"MONOPIEZA CRESSI MOREA 3MM SRA. T.4 ";"09/03/2015 12:49:20";118,99;165;1053;"CRESSI-SUB ESPAÑA, S.A.";1;"SUBMARINISMO 2016, SUBMARINISMO 2015";"BF23, IRN21, RBE23, RBE24, RBV22, RBV23, REVER242, RV21";"03/04/2024 13:47:04";100026370;"100009954
"
B120058-XL;2;"MONOPIEZA AQUALUNG BALI 3MM SRA. T.XL";"19/04/2013 11:16:33";69,99;139;1052;"AQUALUNG ESPAÑA,S.L.";2;"SUBMARINISMO 2015";"BF22, BF23, NEBE VENTA PRIORITARIA, OUTLET, RBE22, RBE23, RBE24, RBV22, RBV23, REVER242, RV21";;100007709;"100003182
"
B12006-XS;1;"MUDA INTERIOR PANT K2 MASC XS ";"02/05/2022 11:22:10";105,99;135;100002778;"JOHNSON-OUTDOORS ";0;;"BF22, BF23, COMPARADOR, COMP_FR, COMP_PT, RBE23, RBE24, RBV22, REVER242";"22/03/2024 18:34:37";100144008;"100046129
"
B12007-XS;1;"TRAJE SCUBAPRO MUDA INTERIOR EXTREM K2 MASC XS ";"03/05/2022 10:28:25";274,99;350;100002778;"JOHNSON-OUTDOORS ";0;;"BF22, BF23, COMPARADOR, COMP_FR, COMP_PT, RBE23, RBE24, RBV22, REVER242";"22/03/2024 18:34:37";100144019;"100046133
"
B120090B-36;2;"BAÑADOR MARES REEL BLUE SRA. T.36 (SS81)";"08/05/2018 11:23:46";29,99;59,95;1057;"MARES, S.P.A";1;;"BF21, BF22, BF23, MUJER, NEBE VENTA PRIORITARIA, OUTLET, RBE22, RBE23, RBE24, RBV22, RBV23, REVER242, RV21";;100074264;"100025815
"
B120090C-42;2;"BAÑADOR MARES REEL COLOURED SRA. T.42 (SS81)";"08/05/2018 11:23:46";29,99;59,95;1057;"MARES, S.P.A";1;;"BF21, BF22, BF23, MUJER, NEBE VENTA PRIORITARIA, OUTLET, RBE22, RBE23, RBE24, RBV22, RBV23, REVER242, RV21";;100074275;"100025815
"
B120091N-44;2;"BAÑADOR MARES SOLID 5 NAVY CRO. T.44 (SS81)";"08/05/2018 11:23:45";14,99;24,95;1057;"MARES, S.P.A";1;;"BF21, BF22, BF23, NEBE VENTA PRIORITARIA, OUTLET, RBE22, RBE23, RBE24, RBV22, RBV23, REVER242, RV21";;100074298;"100025818
"
B120092B-42;2;"BAÑADOR MARES SOLID Y 27 BLACK-WHITE CRO T.42 (SS81)";"08/05/2018 11:23:45";19,99;34,99;1057;"MARES, S.P.A";1;;"BF21, BF22, BF23, OUTLET, RBE22, RBE23, RBE24, RBV22, RBV23, REVER242";;100126087;"100040561
"
B120104XS;2;"SOBRETRAJE SCUBAPRO TRADEWIND SRA 5 MM. T.XS";"12/04/2006 10:38:21";101,99;127;100002778;"JOHNSON-OUTDOORS ";1;;"BF22, BF23, NEBE VENTA PRIORITARIA, OUTLET, RBE22, RBE23, RBE24, RBV22, RBV23, REVER242, RV21";;409188;"34788
"
B120124-1S;2;"MONOPIEZA SCUBAPRO PROFILE  3MM LADY T.S";"11/04/2006 19:21:44";111,99;139,99;100002778;"JOHNSON-OUTDOORS ";1;;"BF21, BF22, BF23, MUJER, NEBE VENTA PRIORITARIA, OUTLET, RBE22, RBE23, RBE24, RBV22, RBV23, REVER242, RV21";;100135092;"100043288
"
B120125-1XL;2;"MONOPIEZA SCUBAPRO PROFILE  5MM LADY T.XL";"25/03/2008 16:56:05";167,99;210;100002778;"JOHNSON-OUTDOORS ";1;;"BF21, BF22, BF23, MUJER, NEBE VENTA PRIORITARIA, OUTLET, RBE22, RBE23, RBE24, RBV22, RBV23, REVER242, RV21, SD21";;416173;"34791
"
B120125-1XS;2;"MONOPIEZA SCUBAPRO PROFILE  5MM LADY T.XS";"03/04/2006 16:55:35";167,99;210;100002778;"JOHNSON-OUTDOORS ";1;;"BF21, BF22, BF23, MUJER, NEBE VENTA PRIORITARIA, OUTLET, RBE22, RBE23, RBE24, RBV22, RBV23, REVER242, RV21, SD21";;60111;"34791
"
B120126-1XS;2;"MONOPIEZA SCUBAPRO PROFILE  7MM LADY T.XS";"03/04/2006 16:56:44";203,99;255;100002778;"JOHNSON-OUTDOORS ";1;;"BF21, BF22, BF23, MUJER, NEBE VENTA PRIORITARIA, OUTLET, RBE22, RBE23, RBE24, RBV22, RBV23, REVER242, RV21, SD21";;100005369;"34792
"
B120146M-S;2;"MONOPIEZA SCUBAPRO HYBRID 2 MM SRA. T.S";"26/04/2010 11:38:40";159,99;199;100002778;"JOHNSON-OUTDOORS ";1;;"BF22, BF23, MUJER, NEBE VENTA PRIORITARIA, OUTLET, RBE22, RBE23, RBE24, RBV22, RBV23, REVER242, RV21, SD21";;417602;"100002540
"
B120158-L;2;"CAMISETA SIN MANGAS LAVACORE SRA. T.L (42)";"02/04/2012 18:10:48";67,99;76,61;1058;"TECNOMAR DIVING ";1;"SUBMARINISMO 2016";"BF21, BF22, COMPARADOR, COMP_FR, COMP_PT, CSW, MUJER, OUTLET, RBE22, RBV22, RBV23, REVER242, RV21";"12/06/2024 16:03:12";100002206;"100000935
"
B120158-ML;2;"CAMISETA SIN MANGAS LAVACORE SRA. T.M/L (40-42)";"02/04/2012 18:10:48";67,99;76,61;1058;"TECNOMAR DIVING ";1;"SUBMARINISMO 2016";"BF21, BF22, CSW, IRN21, MUJER, OUTLET, RBE22, RBV22, RBV23, REVER242, RV21";"12/06/2024 16:03:12";100002205;"100000935
"
B120158-S;2;"CAMISETA SIN MANGAS LAVACORE SRA. T.S (38)";"02/04/2012 18:10:48";67,99;76,61;1058;"TECNOMAR DIVING ";2;"SUBMARINISMO 2016";"BF21, BF22, CSW, IRN21, MUJER, OUTLET, RBE22, RBV22, REVER242, RV21";"12/06/2024 16:03:12";100002203;"100000935
"
B120158-XL;2;"CAMISETA SIN MANGAS LAVACORE SRA. T.XL (44)";"02/04/2012 18:10:48";67,99;76,61;1058;"TECNOMAR DIVING ";1;"SUBMARINISMO 2016";"BF21, BF22, CSW, IRN21, MUJER, OUTLET, RBE22, RBE23, RBV22, RBV23, REVER242, RV21";"12/06/2024 16:03:12";100002207;"100000935
"
B120165-XL;2;"SHORTY AQUALUNG MAHE 3MM CRO. T.XL";"19/04/2013 11:43:56";59,99;95;1052;"AQUALUNG ESPAÑA,S.L.";1;"SUBMARINISMO 2015";"BF21, BF22, BF23, NEBE VENTA PRIORITARIA, OUTLET, RBE22, RBE23, RBE24, RBV22, RBV23, REVER242, RV21";;100007689;"100003179
"
B120166-M;2;"SHORTY AQUALUNG MAHE 3MM SRA. T.M";"19/04/2013 11:43:56";59,99;95;1052;"AQUALUNG ESPAÑA,S.L.";1;"SUBMARINISMO 2015";"BF21, BF22, BF23, MUJER, NEBE VENTA PRIORITARIA, OUTLET, RBE22, RBE23, RBE24, RBV22, RBV23, REVER242, RV21";;100007693;"100003180
"
B120166-S;2;"SHORTY AQUALUNG MAHE 3MM SRA. T.S";"19/04/2013 11:43:56";59,99;95;1052;"AQUALUNG ESPAÑA,S.L.";2;"SUBMARINISMO 2015";"BF21, BF22, BF23, MUJER, NEBE VENTA PRIORITARIA, OUTLET, RBE22, RBE23, RBE24, RBV22, RBV23, REVER242, RV21";;100007692;"100003180
"
B120166-XS;2;"SHORTY AQUALUNG MAHE 3MM SRA. T.XS";"19/04/2013 11:43:56";59,99;95;1052;"AQUALUNG ESPAÑA,S.L.";2;"SUBMARINISMO 2015";"BF21, BF22, BF23, MUJER, NEBE VENTA PRIORITARIA, OUTLET, RBE22, RBE23, RBE24, RBV22, RBV23, REVER242, RV21";;100007691;"100003180
"
B120185-S;2;"TRAJE SCUBAPRO EVERFLEX TROPICAL 1MM SRA. T.S ";"13/01/2015 12:06:10";135,99;169;100002778;"JOHNSON-OUTDOORS ";1;"SUBMARINISMO 2015";"BF22, BF23, MUJER, NEBE VENTA PRIORITARIA, OUTLET, RBE22, RBE23, RBE24, RBV22, RBV23, REVER242, RV21, SD21";;100026528;"100009987
"
B1201922XLS;1;"SEMISECO SCUBAPRO NOVA SCOTIA 7,5MM CRO. T. 2XLS";"03/05/2022 11:15:26";537,99;685;100002778;"JOHNSON-OUTDOORS ";1;;"BF23, EXC_2022, IRN22, RBE23, RBE24, RBV22, RBV23, REGALAR, REVER242";"22/03/2024 18:34:38";100143917;"100046104
"
B1201923XL;1;"SEMISECO SCUBAPRO NOVA SCOTIA 7,5MM CRO. T. 3XL ";"03/05/2022 11:15:26";537,99;685;100002778;"JOHNSON-OUTDOORS ";0;;"BF23, EXC_2022, IRN22, RBE23, RBE24, RBV22, RBV23, REVER242";"22/03/2024 18:34:38";100143918;"100046104
"
B120192-L;1;"SEMISECO SCUBAPRO NOVA SCOTIA 7,5MM CRO. T.L ";"13/01/2015 13:12:39";537,99;685;100002778;"JOHNSON-OUTDOORS ";2;"SUBMARINISMO 2016, SUBMARINISMO 2015";"BF23, COMPARADOR, COMP_FR, COMP_PT, EXCEPCION_2021, EXC_2022, IRN22, RBE23, RBE24, RBV22, RBV23, REGALAR, REVER242, RV21";"22/03/2024 18:34:38";100026556;"100009990
"
B120192-LS;1;"SEMISECO SCUBAPRO NOVA SCOTIA 7,5MM CRO. T.LS";"25/10/2017 19:27:53";537,99;685;100002778;"JOHNSON-OUTDOORS ";0;;"BF21, BF23, EXCEPCION_2021, EXC_2022, IRN22, RBE23, RBE24, RBV22, RBV23, REGALAR, REVER242, RV21";"22/03/2024 18:34:38";100102918;"100009990
"
B120192LT;1;"SEMISECO SCUBAPRO NOVA SCOTIA 7,5MM CRO. T. LT  ";"03/05/2022 11:15:26";537,99;685;100002778;"JOHNSON-OUTDOORS ";0;;"BF23, EXC_2022, IRN22, RBE23, RBE24, RBV22, RBV23, REGALAR, REVER242";"22/03/2024 18:34:38";100143916;"100046104
"
B120192-M;1;"SEMISECO SCUBAPRO NOVA SCOTIA 7,5MM CRO. T.M (1520)";"13/01/2015 13:12:39";537,99;685;100002778;"JOHNSON-OUTDOORS ";0;"SUBMARINISMO 2016, SUBMARINISMO 2015";"BF23, EXCEPCION_2021, EXC_2022, IRN22, RBE23, RBE24, RBV22, RBV23, REGALAR, REVER242, RV21";"22/03/2024 18:34:38";100026554;"100009990
"
B120192-MT;1;"SEMISECO SCUBAPRO NOVA SCOTIA 7,5MM CRO. T.MT (1520)";"13/01/2015 13:12:39";537,99;685;100002778;"JOHNSON-OUTDOORS ";0;"SUBMARINISMO 2016, SUBMARINISMO 2015";"BF23, EXCEPCION_2021, EXC_2022, IRN22, RBE23, RBE24, RBV22, RBV23, REGALAR, REVER242, RV21";"22/03/2024 18:34:38";100026555;"100009990
"
B120192-S;1;"SEMISECO SCUBAPRO NOVA SCOTIA 7,5MM CRO. T.S (1520)";"13/01/2015 13:12:39";537,99;685;100002778;"JOHNSON-OUTDOORS ";1;"SUBMARINISMO 2016, SUBMARINISMO 2015";"BF23, EXCEPCION_2021, EXC_2022, IRN22, RBE23, RBE24, RBV22, RBV23, REGALAR, REVER242, RV21";"22/03/2024 18:34:38";100026553;"100009990
"
B120192-XL;1;"SEMISECO SCUBAPRO NOVA SCOTIA 7,5MM CRO. T.XL ";"13/01/2015 13:12:39";537,99;685;100002778;"JOHNSON-OUTDOORS ";0;"SUBMARINISMO 2016, SUBMARINISMO 2015";"BF21, BF23, EXCEPCION_2021, EXC_2022, IRN22, RBE23, RBE24, RBV22, RBV23, REGALAR, REVER242, RV21";"22/03/2024 18:34:38";100026557;"100009990
"
B120192-XLS;1;"SEMISECO SCUBAPRO NOVA SCOTIA 7,5MM CRO. T.XLS";"25/10/2017 19:28:46";537,99;685;100002778;"JOHNSON-OUTDOORS ";0;;"BF23, EXCEPCION_2021, EXC_2022, IRN22, RBE23, RBE24, RBV22, RBV23, REGALAR, REVER242, RV21";"22/03/2024 18:34:38";100102920;"100009990
"
B120192-XXL;1;"SEMISECO SCUBAPRO NOVA SCOTIA 7,5MM CRO. T.XXL";"13/01/2015 13:12:39";537,99;685;100002778;"JOHNSON-OUTDOORS ";0;"SUBMARINISMO 2016, SUBMARINISMO 2015";"BF23, EXCEPCION_2021, EXC_2022, IRN22, RBE23, RBE24, RBV22, RBV23, REGALAR, REVER242, RV21";"22/03/2024 18:34:38";100026558;"100009990
"
B120193-L;1;"SEMISECO SCUBAPRO NOVA SCOTIA 7,5MM SRA. T.L ";"13/01/2015 13:12:40";537,99;685;100002778;"JOHNSON-OUTDOORS ";4;"SUBMARINISMO 2016, SUBMARINISMO 2015";"BF23, EXC_2022, IRN22, RBE23, RBE24, RBV23, REGALAR, REVER242, RV21";"22/03/2024 18:34:38";100026563;"100009991
"
B120193-M;1;"SEMISECO SCUBAPRO NOVA SCOTIA 7,5MM SRA. T.M ";"13/01/2015 13:12:40";537,99;685;100002778;"JOHNSON-OUTDOORS ";2;"SUBMARINISMO 2016, SUBMARINISMO 2015";"BF23, COMPARADOR, COMP_FR, COMP_PT, EXC_2022, IRN22, RBE23, RBE24, RBV23, REGALAR, REVER242, RV21";"22/03/2024 18:34:38";100026562;"100009991
"
B120193-S;1;"SEMISECO SCUBAPRO NOVA SCOTIA 7,5MM SRA. T.S (1520)";"13/01/2015 13:12:39";537,99;685;100002778;"JOHNSON-OUTDOORS ";0;"SUBMARINISMO 2016, SUBMARINISMO 2015";"BF23, EXC_2022, IRN22, NEBE VENTA PRIORITARIA, RBE23, RBE24, RBV23, REGALAR, REVER242, RV21";"22/03/2024 18:34:38";100026561;"100009991
"
B120193-XL;1;"SEMISECO SCUBAPRO NOVA SCOTIA 7,5MM SRA. T.XL ";"13/01/2015 13:12:40";537,99;685;100002778;"JOHNSON-OUTDOORS ";0;"SUBMARINISMO 2016, SUBMARINISMO 2015";"BF21, BF23, EXC_2022, IRN22, MUJER, NEBE VENTA PRIORITARIA, RBE23, RBE24, RBV23, REGALAR, REVER242, RV21";"22/03/2024 18:34:38";100026564;"100009991
"
B120193-XS;1;"SEMISECO SCUBAPRO NOVA SCOTIA 7,5MM SRA. T.XS ";"13/01/2015 13:12:39";537,99;685;100002778;"JOHNSON-OUTDOORS ";0;"SUBMARINISMO 2016, SUBMARINISMO 2015";"BF23, EXC_2022, IRN22, RBE23, RBE24, RBV23, REGALAR, REVER242, RV21";"22/03/2024 18:34:38";100026560;"100009991
"
B120253-1;1;"BAÑADOR CRESSI NEOPRENO DEA 1MM SRA. T.1 (SS91)";"08/04/2019 20:58:11";69,99;92;1053;"CRESSI-SUB ESPAÑA, S.A.";1;;"BF21, BF22, BF23, COMPARADOR, COMP_FR, COMP_PT, IRN21, MUJER, RBE23, RBE24, RBV23, REVER242, RV21";"03/04/2024 13:47:05";100089396;"100030185
"
B120253-2;1;"BAÑADOR CRESSI NEOPRENO DEA 1MM SRA. T.2 (SS91)";"08/04/2019 20:58:11";69,99;92;1053;"CRESSI-SUB ESPAÑA, S.A.";0;;"BF21, BF22, BF23, IRN21, RBE23, RBE24, RBV23, REVER242, RV21";"03/04/2024 13:47:05";100089400;"100030185
"
B120253-3;1;"BAÑADOR CRESSI NEOPRENO DEA 1MM SRA. T.3 (SS91)";"08/04/2019 20:58:11";69,99;92;1053;"CRESSI-SUB ESPAÑA, S.A.";3;;"BF21, BF22, BF23, IRN21, RBE22, RBE23, RBE24, RBV22, RBV23, REVER242, RV21";"03/04/2024 13:47:05";100089401;"100030185
"
B120253-4;1;"BAÑADOR CRESSI NEOPRENO DEA 1MM SRA. T.4 (SS91)";"08/04/2019 20:58:11";69,99;92;1053;"CRESSI-SUB ESPAÑA, S.A.";1;;"BF21, BF22, BF23, IRN21, RBE22, RBE23, RBE24, RBV22, RBV23, REVER242, RV21";"03/04/2024 13:47:05";100089402;"100030185
"
B120253-5;1;"BAÑADOR CRESSI NEOPRENO DEA 1MM SRA. T.5 (SS91)";"08/04/2019 20:58:11";69,99;92;1053;"CRESSI-SUB ESPAÑA, S.A.";2;;"BF21, BF22, BF23, IRN21, RBE23, RBE24, RBV23, REVER242, RV21";"03/04/2024 13:47:05";100089403;"100030185
"
B120254;1;"RETRACTOR SENCILLO SEAC SUB (SS91)";"20/05/2019 17:00:36";45,99;45,99;1208;"SEAC SUB S.p.A.";1;;"BF23, RBE23, RBE24, RBV23, REVER242";"14/02/2024 16:16:23";100092445;"100031186
"
B120416-L;2;"CHAQUETA MUJER CRESSI CASTORO 3 TALLA L";"29/05/2007 15:23:44";59,99;99,99;1053;"CRESSI-SUB ESPAÑA, S.A.";1;;"BF22, BF23, MUJER, NEBE VENTA PRIORITARIA, OUTLET, RBE22, RBE23, RBE24, RBV22, RBV23, REVER242";;428056;"34759
"
B1204362;2;"TRAJE OMER NEW DAHLAK 2 MM. MUJER T. 2";"18/06/2004 19:29:50";94,8;94,8;1055;"OMERSUB S.p.A.(GRUPPO AQUALUNG INT.S.A.)       ";1;;"BF23, MUJER, NEBE VENTA PRIORITARIA, OUTLET, RBE22, RBE23, RBE24, RBV22, RBV23, REVER242";;100184392;"100055867
"
B120674-2;2;"TRAJE CRESSI WORLD COMPETICION BLACKLITE 5MM T.2";"04/04/2006 10:53:07";127,99;199;1053;"CRESSI-SUB ESPAÑA, S.A.";1;;"BF22, BF23, NEBE VENTA PRIORITARIA, OUTLET, RBE22, RBE23, RBE24, RBV22, RBV23, REVER242, RV21, SD21";;60202;"15373
"
B120690XS;2;"CAPUCHA CRESSI CASTORO 4 DE 5 MM T.XS";"24/03/2008 20:47:17";9,95;20,9;1053;"CRESSI-SUB ESPAÑA, S.A.";5;;"BF22, BF23, NEBE VENTA PRIORITARIA, OUTLET, RBE22, RBE23, RBE24, RBV22, RBV23, REVER242, RV21";;412691;"22420
"
B120761-39;2;"ALETA SEAC SUB MOTUS 39/40 (1420)";"17/03/2014 12:15:43";79,9;95,99;1208;"SEAC SUB S.p.A.";6;"SUBMARINISMO 2016";"BF22, BF23, NEBE VENTA PRIORITARIA, OUTLET, RBE22, RBE23, RBE24, RBV22, RBV23, REVER242, RV21";;100017047;"100006531
"
B120766-3;2;"TRAJE OMER BIFOBLACK T.3 ";"01/04/2014 10:06:09";158,99;239;1052;"AQUALUNG ESPAÑA,S.L.";1;"SUBMARINISMO 2016";"BF22, BF23, NEBE VENTA PRIORITARIA, OUTLET, RBE23, RBE24, RBV22, RBV23, REVER242";;100017031;"100006526
"
B120771AM-XSS;2;"ALETA SEAC SUB GP 100 4X4 YELLOW T.XS/S (1520)";"31/03/2015 18:12:31";69,99;103;1208;"SEAC SUB S.p.A.";1;"SUBMARINISMO 2015";"BF22, BF23, NEBE VENTA PRIORITARIA, OUTLET, RBE22, RBE23, RBE24, RBV22, RBV23, REVER242, RV21";;100026227;"100009912
"
B120772C-2XL;2;"CAMISETA SCUBAPRO RASH GUARD T-FLEX BLACK MANGA CORTA CRO. T.2XL (SS81)";"07/12/2017 18:33:57";50,99;64;100002778;"JOHNSON-OUTDOORS ";2;;"BF22, BF23, OUTLET, RBE23, RBE24, RBV23, REVER242, RV21";"22/03/2024 18:34:39";100066771;"100023650
"
B120772C-L;2;"CAMISETA SCUBAPRO RASH GUARD T-FLEX BLACK MANGA CORTA CRO. T.L (SS81)";"07/12/2017 18:33:57";50,99;64;100002778;"JOHNSON-OUTDOORS ";2;;"BF22, BF23, OUTLET, RBE23, RBE24, RBV23, REVER242, RV21";"22/03/2024 18:34:39";100066769;"100023650
"
B120772C-M;2;"CAMISETA SCUBAPRO RASH GUARD T-FLEX BLACK MANGA CORTA CRO. T.M (SS81)";"07/12/2017 18:33:57";50,99;64;100002778;"JOHNSON-OUTDOORS ";1;;"BF22, OUTLET, RBE23, RBV23, REVER242, RV21";"22/03/2024 18:34:39";100066768;"100023650
"
B120772C-S;2;"CAMISETA SCUBAPRO RASH GUARD T-FLEX BLACK MANGA CORTA CRO. T.S (SS81)";"07/12/2017 18:33:57";50,99;64;100002778;"JOHNSON-OUTDOORS ";2;;"BF22, BF23, OUTLET, RBE23, RBE24, RBV23, REVER242, RV21";"22/03/2024 18:34:39";100066767;"100023650
"
B120772C-XL;2;"CAMISETA SCUBAPRO RASH GUARD T-FLEX BLACK MANGA CORTA CRO. T.XL (SS81)";"07/12/2017 18:33:57";50,99;64;100002778;"JOHNSON-OUTDOORS ";1;;"BF22, BF23, OUTLET, RBE23, RBE24, RBV23, REVER242, RV21";"22/03/2024 18:34:39";100066770;"100023650
"
B120772L-2XL;1;"CAMISETA SCUBAPRO RASH GUARD T-FLEX BLACK MANGA LARGA CRO. T.2XL (SS81)";"07/12/2017 18:33:57";63,99;84,5;100002778;"JOHNSON-OUTDOORS ";1;;"BF21, BF22, BF23, COMPARADOR, COMP_FR, COMP_PT, RBE22, RBE23, RBV22, RBV23, REVER242, RV21";"22/03/2024 18:34:39";100066777;"100043110
"
B120772L-L;1;"CAMISETA SCUBAPRO RASH GUARD T-FLEX BLACK MANGA LARGA CRO. T.L (SS81)";"07/12/2017 18:33:57";63,99;84,5;100002778;"JOHNSON-OUTDOORS ";1;;"BF21, BF22, BF23, RBE22, RBE23, RBV22, RBV23, REVER242, RV21";"22/03/2024 18:34:39";100066775;"100043110
"
B120772L-M;1;"CAMISETA SCUBAPRO RASH GUARD T-FLEX BLACK MANGA LARGA CRO. T.M (SS81)";"07/12/2017 18:33:57";63,99;84,5;100002778;"JOHNSON-OUTDOORS ";1;;"BF21, BF22, BF23, RBE22, RBE23, RBV22, RBV23, REVER242, RV21";"22/03/2024 18:34:39";100066774;"100043110
"
B120772L-S;1;"CAMISETA SCUBAPRO RASH GUARD T-FLEX BLACK MANGA LARGA CRO. T.S (SS81)";"07/12/2017 18:33:57";63,99;84,5;100002778;"JOHNSON-OUTDOORS ";1;;"BF21, BF22, BF23, RBE22, RBE23, RBV22, RBV23, REVER242, RV21";"22/03/2024 18:34:39";100066772;"100043110
"
B120772L-XL;1;"CAMISETA SCUBAPRO RASH GUARD T-FLEX BLACK MANGA LARGA CRO. T.XL (SS81)";"07/12/2017 18:33:57";63,99;84,5;100002778;"JOHNSON-OUTDOORS ";0;;"BF21, BF22, BF23, RBE22, RBE23, RBV22, RBV23, REVER242, RV21";"22/03/2024 18:34:39";100066776;"100043110
"
B120773L-M;1;"CAMISETA SCUBAPRO RASH GUARD T-FLEX AEGEAN MANGA LARGA CRO. T.M (SS81)";"07/12/2017 18:33:57";67,99;84,5;100002778;"JOHNSON-OUTDOORS ";1;;"BF21, BF23, RBE22, RBE23, RBE24, RBV22, RBV23, REVER242, RV21";"22/03/2024 18:34:39";100066758;"100043110
"
B120773L-S;2;"CAMISETA SCUBAPRO RASH GUARD T-FLEX AEGEAN MANGA LARGA CRO. T.S (SS81)";"07/12/2017 18:33:57";67,99;84,5;100002778;"JOHNSON-OUTDOORS ";2;;"BF21, BF23, NEBE VENTA PRIORITARIA, OUTLET, RBE22, RBE23, RBE24, RBV22, RBV23, REVER242, RV21";"30/10/2023 18:59:41";100066757;"100043110
"
B120774C-L;2;"CAMISETA SCUBAPRO RASH GUARD T-FLEX CARIBBEAN MANGA CORTA SRA. T.L (SS81)";"07/12/2017 18:33:57";57,99;70;100002778;"JOHNSON-OUTDOORS ";3;;"BF21, BF22, BF23, MUJER, OUTLET, RBE22, RBE23, RBE24, RBV22, RBV23, REVER242, RV21";"06/09/2021 9:50:05";100066786;"100023651
"
B120774C-XS;2;"CAMISETA SCUBAPRO RASH GUARD T-FLEX CARIBBEAN MANGA CORTA SRA. T.XS (SS81)";"07/12/2017 18:33:57";57,99;70;100002778;"JOHNSON-OUTDOORS ";1;;"BF21, BF22, BF23, MUJER, OUTLET, RBE22, RBE23, RBE24, RBV22, RBV23, REVER242, RV21";"06/09/2021 9:50:05";100066783;"100023651
"
B120774L-L;2;"CAMISETA SCUBAPRO RASH GUARD T-FLEX CARIBBEAN MANGA LARGA SRA. T.L (SS81)";"07/12/2017 18:33:58";67,99;85;100002778;"JOHNSON-OUTDOORS ";1;;"BF21, BF22, BF23, MUJER, OUTLET, RBE22, RBE23, RBE24, REVER242, RV21";"30/10/2023 18:59:41";100066780;"100023651
"
B120774L-M;2;"CAMISETA SCUBAPRO RASH GUARD T-FLEX CARIBBEAN MANGA LARGA SRA. T.M (SS81)";"07/12/2017 18:33:58";67,99;85;100002778;"JOHNSON-OUTDOORS ";1;;"BF21, BF22, BF23, MUJER, OUTLET, RBE23, RBE24, REVER242, RV21";"30/10/2023 18:59:41";100066779;"100023651
"
B120774L-S;2;"CAMISETA SCUBAPRO RASH GUARD T-FLEX CARIBBEAN MANGA LARGA SRA. T.S (SS81)";"07/12/2017 18:33:58";67,99;85;100002778;"JOHNSON-OUTDOORS ";2;;"BF21, BF22, BF23, MUJER, OUTLET, RBE23, RBE24, REVER242, RV21";"30/10/2023 18:59:41";100066778;"100023651
"
B120774L-XL;2;"CAMISETA SCUBAPRO RASH GUARD T-FLEX CARIBBEAN MANGA LARGA SRA. T.XL (SS81)";"07/12/2017 18:33:58";67,99;85;100002778;"JOHNSON-OUTDOORS ";1;;"BF21, BF22, BF23, MUJER, OUTLET, RBE23, RBE24, REVER242, RV21";"30/10/2023 18:59:41";100066782;"100023651
"
B120774L-XS;2;"CAMISETA SCUBAPRO RASH GUARD T-FLEX CARIBBEAN MANGA LARGA SRA. T.XS (SS81)";"07/12/2017 18:33:57";67,99;85;100002778;"JOHNSON-OUTDOORS ";1;;"BF21, BF22, BF23, MUJER, OUTLET, RBE23, RBE24, REVER242, RV21";"30/10/2023 18:59:41";100066781;"100023651
"
B120778-2;1;"TRAJE CRESSI APNEA 7MM T.2 (SS81)";"08/05/2018 11:17:49";199,99;264;1053;"CRESSI-SUB ESPAÑA, S.A.";0;;"BF21, BF22, BF23, RBE22, REVER242, RV21, SD21";"03/04/2024 13:47:05";100074447;"100025863
"
B120778-3;1;"TRAJE CRESSI APNEA 7MM T.3 (SS81)";"08/05/2018 11:17:49";199,99;264;1053;"CRESSI-SUB ESPAÑA, S.A.";0;;"BF21, BF22, BF23, COMPARADOR, COMP_FR, COMP_PT, REVER242, RV21, SD21";"03/04/2024 13:47:05";100074459;"100025863
"
B120778-4;1;"TRAJE CRESSI APNEA 7MM T.4 (SS81)";"08/05/2018 11:17:49";199,99;264;1053;"CRESSI-SUB ESPAÑA, S.A.";0;;"BF21, BF22, BF23, RBV23, REVER242, RV21, SD21";"03/04/2024 13:47:05";100074461;"100025863
"
B120860-5;2;"TRAJE SPETTON FISHMAN PRO 5MM CRO. T.5";"16/04/2012 17:17:29";125,99;179;100000909;"SPETTON WORLD SL";1;"SUBMARINISMO 2016, SUBMARINISMO 2015";"BF21, BF22, NEBE VENTA PRIORITARIA, OUTLET, RBE22, RBE23, RBV22, REVER242, RV21, SD21";;100002355;"100000958
"
B120907-2;2;"ONOPIEZA AQUALUNG SKIN SUIT 0,5 MM T.2";"08/05/2006 19:45:55";69,99;140;1052;"AQUALUNG ESPAÑA,S.L.";1;;"BF22, BF23, NEBE VENTA PRIORITARIA, OUTLET, RBE22, RBE23, RBE24, RBV22, RBV23, REVER242, RV21";;428057;"34764
"
B120996-XS;2;"SEMISECO SCUBAPRO NOVA SCOTIA 4MM SRA T.XS ";"23/02/2012 19:26:26";311,99;389;100002778;"JOHNSON-OUTDOORS ";1;;"BF22, BF23, MUJER, NEBE VENTA PRIORITARIA, OUTLET, RBE22, RBE23, RBE24, RBV22, RBV23, REVER242, RV21, SD21, XXXX";;100002154;"100000931
"
B121049-SM;2;"MONOPIEZA OCEANIC PIONNER 5/4 CRO. T.SM ";"18/03/2014 10:00:50";159;274;1058;"TECNOMAR DIVING ";1;;"BF22, BF23, NEBE VENTA PRIORITARIA, OUTLET, RBE22, RBE23, RBE24, RBV22, RBV23, REVER242, RV21, SD21";;100016691;"100006432
"
B121054-XXXXL;2;"MONOPIEZA SEAC SUB SENSE 3MM CRO. T.XXXXL (2016)";"02/03/2016 11:01:34";99,99;133;1208;"SEAC SUB S.p.A.";1;"SUBMARINISMO 2016";"BF23, NEBE VENTA PRIORITARIA, OUTLET, RBE24, RBV23, REVER242";;100033864;"100012861
"
B121061-S;2;"MONOPIEZA AQUALUNG BALANCE COMFORT 5,5MM CRO. T.S ";"02/03/2016 11:16:34";189,99;299,99;1052;"AQUALUNG ESPAÑA,S.L.";1;"SUBMARINISMO 2016";"BF21, BF22, BF23, NEBE VENTA PRIORITARIA, OUTLET, RBE22, RBE23, RBE24, RBV22, RBV23, REVER242, RV21, SD21";;100033664;"100012767
"
B121061-XXL;2;"MONOPIEZA AQUALUNG BALANCE COMFORT 5,5MM CRO. T.XXL ";"02/03/2016 11:16:34";189,99;299,99;1052;"AQUALUNG ESPAÑA,S.L.";1;"SUBMARINISMO 2016";"BF21, BF22, BF23, NEBE VENTA PRIORITARIA, OUTLET, RBE22, RBE23, RBE24, RBV22, RBV23, REVER242, RV21, SD21";;100033669;"100012767
"
B121082-L;2;"CAPUCHA BEUCHAT X-TREM 5MM CRO. T.L ";"08/04/2016 14:31:59";59;69,9;1059;"BEUCHAT SUB ESPAÑA, S.A.";1;"SUBMARINISMO 2016";REVER242;"12/06/2024 16:03:24";100037505;"100013875
"
B121086-1;1;"MONOPIEZA CRESSI FREEDOM 1,5MM CRO T.1 ";"13/04/2016 10:18:03";153,99;238;1053;"CRESSI-SUB ESPAÑA, S.A.";0;"SUBMARINISMO 2016, NAUTICA 2017, NAUTICA 2016";"BF21, CM22, CM23, IRN21, RBE22, RBE23, RBV22, REVER242, RV21, SD21";"03/04/2024 13:47:04";100037421;"100013850
"
B121086-2;1;"MONOPIEZA CRESSI FREEDOM 1,5MM CRO T.2 ";"13/04/2016 10:18:03";153,99;238;1053;"CRESSI-SUB ESPAÑA, S.A.";0;"SUBMARINISMO 2016, NAUTICA 2017, NAUTICA 2016";"BF21, BF22, CM22, CM23, CSW, IRN21, RBE23, RBV22, REVER242, RV21";"07/02/2024 11:41:33";100037422;"100013850
"
B121086-3;1;"MONOPIEZA CRESSI FREEDOM 1,5MM CRO T.3 ";"13/04/2016 10:18:04";153,99;238;1053;"CRESSI-SUB ESPAÑA, S.A.";3;"SUBMARINISMO 2016, NAUTICA 2017, NAUTICA 2016";"BF21, BF22, CM22, CM23, COMPARADOR, COMP_FR, COMP_PT, CSW, IRN21, RBE23, RBV22, REVER242, RV21";"03/04/2024 13:47:04";100037423;"100013850
"
B121086-4;1;"MONOPIEZA CRESSI FREEDOM 1,5MM CRO T.4 ";"13/04/2016 10:18:04";153,99;238;1053;"CRESSI-SUB ESPAÑA, S.A.";0;"SUBMARINISMO 2016, NAUTICA 2017, NAUTICA 2016";"BF21, BF22, CM22, CM23, CSW, IRN21, RBE23, RBV22, REVER242, RV21";"07/02/2024 11:41:33";100037424;"100013850
"
B121086-5;1;"MONOPIEZA CRESSI FREEDOM 1,5MM CRO T.5 ";"13/04/2016 10:18:04";153,99;238;1053;"CRESSI-SUB ESPAÑA, S.A.";0;"SUBMARINISMO 2016, NAUTICA 2017, NAUTICA 2016";"BF21, BF22, CM22, CM23, RBE23, RBV22, REVER242, RV21";"06/03/2023 18:47:13";100037425;"100013850
"
B121086-6;1;"MONOPIEZA CRESSI FREEDOM 1,5MM CRO T.6 ";"13/04/2016 10:18:04";153,99;238;1053;"CRESSI-SUB ESPAÑA, S.A.";0;"SUBMARINISMO 2016, NAUTICA 2017, NAUTICA 2016";"BF21, BF22, IRN21, OUTLET, RBE22, RBV22, REVER242, RV21, SD21";"22/12/2022 13:21:43";100037427;"100013850
"
B121087-1;1;"MONOPIEZA CRESSI FREEDOM 1,5MM SRA T.1 ";"13/04/2016 10:18:04";237,99;238;1053;"CRESSI-SUB ESPAÑA, S.A.";1;"SUBMARINISMO 2016, NAUTICA 2017, NAUTICA 2016";"BF21, BF22, BF23, CM22, CM23, IRN21, MUJER, NEBE VENTA PRIORITARIA, RBE23, RBE24, RBV22, RBV23, REGALAR, REVER242, RV21";"03/04/2024 13:47:04";100037430;"100013853
"
B121087-2;1;"MONOPIEZA CRESSI FREEDOM 1,5MM SRA T.2 ";"13/04/2016 10:18:04";237,99;238;1053;"CRESSI-SUB ESPAÑA, S.A.";3;"SUBMARINISMO 2016, NAUTICA 2017, NAUTICA 2016";"BF21, BF22, BF23, CM22, CM23, COMPARADOR, COMP_FR, COMP_PT, IRN21, MUJER, RBE23, RBE24, RBV22, RBV23, REVER242, RV21";"03/04/2024 13:47:04";100037433;"100013853
"
B121087-3;1;"MONOPIEZA CRESSI FREEDOM 1,5MM SRA T.3 ";"13/04/2016 10:18:04";237,99;238;1053;"CRESSI-SUB ESPAÑA, S.A.";0;"SUBMARINISMO 2016, NAUTICA 2017, NAUTICA 2016";"BF22, IRN21, MUJER, NEBE VENTA PRIORITARIA, RBE22, RBV22, REVER242";"22/12/2022 13:21:43";100037434;"100013853
"
B121087-4;1;"MONOPIEZA CRESSI FREEDOM 1,5MM SRA T.4 ";"13/04/2016 10:18:04";237,99;238;1053;"CRESSI-SUB ESPAÑA, S.A.";0;"SUBMARINISMO 2016, NAUTICA 2017, NAUTICA 2016";"BF21, BF22, CM22, CM23, MUJER, RBE23, RBV22, REVER242, RV21";"06/03/2023 18:47:13";100037435;"100013853
"
B121088-2;1;"SEMISECO CRESSI ICE 7MM CRO T.2";"13/04/2016 10:18:03";399,99;536;1053;"CRESSI-SUB ESPAÑA, S.A.";3;"SUBMARINISMO 2016";"BF21, BF22, BF23, EXC_2022, NEBE VENTA PRIORITARIA, RBE23, REGALAR, REVER242, RV21, SD21";"03/04/2024 13:47:02";100037439;"100013855
"
B121088-3;1;"SEMISECO CRESSI ICE 7MM CRO T.3";"13/04/2016 10:18:03";399,99;536;1053;"CRESSI-SUB ESPAÑA, S.A.";2;"SUBMARINISMO 2016";"BF21, BF22, BF23, EXC_2022, NEBE VENTA PRIORITARIA, RBE23, REGALAR, REVER242, RV21, SD21";"03/04/2024 13:47:02";100037442;"100013855
"
B121088-4;1;"SEMISECO CRESSI ICE 7MM CRO T.4";"13/04/2016 10:18:03";399,99;536;1053;"CRESSI-SUB ESPAÑA, S.A.";1;"SUBMARINISMO 2016";"BF21, BF22, BF23, EXC_2022, NEBE VENTA PRIORITARIA, RBE23, REGALAR, REVER242, RV21, SD21";"03/04/2024 13:47:02";100037444;"100013855
"
B121088-5;1;"SEMISECO CRESSI ICE 7MM CRO T.5";"13/04/2016 10:18:03";399,99;536;1053;"CRESSI-SUB ESPAÑA, S.A.";4;"SUBMARINISMO 2016";"BF21, BF22, BF23, COMPARADOR, COMP_FR, COMP_PT, EXC_2022, NEBE VENTA PRIORITARIA, RBE23, REGALAR, REVER242, RV21, SD21";"03/04/2024 13:47:02";100037445;"100013855
"
B121088-6;1;"SEMISECO CRESSI ICE 7MM CRO T.6";"13/04/2016 10:18:03";399,99;536;1053;"CRESSI-SUB ESPAÑA, S.A.";0;"SUBMARINISMO 2016";"BF21, BF22, BF23, EXC_2022, RBE22, RBE23, REGALAR, REVER242, RV21, SD21";"03/04/2024 13:47:02";100037446;"100013855
"
B121089-1;1;"SEMISECO CRESSI ICE 7MM SRA T.1";"13/04/2016 10:18:03";391,99;536;1053;"CRESSI-SUB ESPAÑA, S.A.";0;"SUBMARINISMO 2016";"BF21, BF22, BF23, EXC_2022, MUJER, RBE23, REGALAR, REVER242, RV21, SD21";"03/04/2024 13:47:02";100037448;"100013858
"
B121089-2;1;"SEMISECO CRESSI ICE 7MM SRA T.2";"13/04/2016 10:18:03";391,99;536;1053;"CRESSI-SUB ESPAÑA, S.A.";6;"SUBMARINISMO 2016";"BF21, BF22, BF23, EXC_2022, MUJER, NEBE VENTA PRIORITARIA, RBE22, RBE23, REGALAR, REVER242, RV21, SD21";"03/04/2024 13:47:02";100037449;"100013858
"
B121089-3;1;"SEMISECO CRESSI ICE 7MM SRA T.3";"13/04/2016 10:18:03";391,99;536;1053;"CRESSI-SUB ESPAÑA, S.A.";4;"SUBMARINISMO 2016";"BF21, BF22, BF23, COMPARADOR, COMP_FR, COMP_PT, CSW, EXC_2022, MUJER, NEBE VENTA PRIORITARIA, RBE23, REGALAR, REVER242, RV21, SD21";"03/04/2024 13:47:02";100037451;"100013858
"
B121089-4;1;"SEMISECO CRESSI ICE 7MM SRA T.4 ";"13/04/2016 10:18:03";391,99;536;1053;"CRESSI-SUB ESPAÑA, S.A.";3;"SUBMARINISMO 2016";"BF21, BF22, BF23, EXC_2022, MUJER, NEBE VENTA PRIORITARIA, RBE22, RBE23, REGALAR, REVER242, RV21, SD21";"03/04/2024 13:47:02";100037454;"100013858
"
B121089-5;1;"SEMISECO CRESSI ICE 7MM SRA T.5";"13/04/2016 10:18:03";391,99;536;1053;"CRESSI-SUB ESPAÑA, S.A.";0;"SUBMARINISMO 2016";"BF22, BF23, EXC_2022, RBE23, REGALAR, REVER242";"03/04/2024 13:47:02";100037457;"100013858
"
B121094-S;2;"MONOPIEZA AQUALUNG AQUAFLEX 5MM CRO. T.S (SS71)";"14/03/2017 13:36:35";208,99;349;1052;"AQUALUNG ESPAÑA,S.L.";1;;"BF21, BF22, BF23, IRN21, NEBE VENTA PRIORITARIA, OUTLET, RBE23, RBE24, RBV22, RBV23, REVER242, RV21";"04/01/2021 10:53:05";100049257;"100017999
"
B121100-2;2;"MONOPIEZA MARES FLEXA 5-4-3 MM CRO. T.2 (SS71)";"14/03/2017 13:47:36";270,99;449;1057;"MARES, S.P.A";1;;"BF23, EXC_INT, OUTLET, RBE24, RBV22, RBV23, REVER242";;100049192;"100017976
"
B121100-3;2;"MONOPIEZA MARES FLEXA 5-4-3 MM CRO. T.3 (SS71)";"14/03/2017 13:47:36";270,99;449;1057;"MARES, S.P.A";1;;"BF23, EXC_INT, OUTLET, RBE24, RBV22, RBV23, REVER242";;100049193;"100017976
"
B121100-6;2;"MONOPIEZA MARES FLEXA 5-4-3 MM CRO. T.6 (SS71)";"14/03/2017 13:47:36";270,99;449;1057;"MARES, S.P.A";1;;"BF23, EXC_INT, OUTLET, RBE22, RBE24, RBV22, RBV23, REVER242";;100049196;"100017976
"
B121101-2;2;"MONOPIEZA MARES FLEXA 5-4-3 MM SRA. T.2 (SS71)";"14/03/2017 13:47:37";270,99;449;1057;"MARES, S.P.A";3;;"BF23, EXC_INT, OUTLET, RBE24, RBV23, REVER242";;100049199;"100017977
"
B121101-4;2;"MONOPIEZA MARES FLEXA 5-4-3 MM SRA. T.4 (SS71)";"14/03/2017 13:47:37";270,99;449;1057;"MARES, S.P.A";1;;"BF23, EXC_INT, OUTLET, RBE24, RBV23, REVER242";;100049201;"100017977
"
B121102-3;2;"MONOPIEZA MARES PIONNER 5 MM CRO. T.3";"14/03/2017 13:47:37";189,99;249,99;1057;"MARES, S.P.A";1;;"BF23, NEBE VENTA PRIORITARIA, OUTLET, RBE24, REVER242, RV21";;100049204;"100017979
"
B121109-2XL;2;"MONOPIEZA SCUBAPRO DEFINITION 7MM C/FRONTAL + CAPUCHA SRA. T.2XL (SS81) ";"07/12/2017 18:30:13";371,99;465;100002778;"JOHNSON-OUTDOORS ";1;;"BF21, BF23, MUJER, NEBE VENTA PRIORITARIA, OUTLET, RBE22, RBE24, RBV22, RBV23, REVER242, RV21, SD21";"30/10/2023 18:59:37";100066827;"100023659
"
B121114-3;2;"MONOPIEZA MARES CORAL 0,5MM CRO. T.3 (SS81)";"08/05/2018 11:43:22";99,99;144,99;1057;"MARES, S.P.A";1;;"BF21, BF22, BF23, IRN21, OUTLET, RBE22, RBE23, RBE24, RBV22, RBV23, REVER242, RV21";;100075071;"100025966
"
B125046;1;"MASCARA SCUBAPRO FRAMELESS NEGRO ";"02/03/2016 11:48:46";68,99;122;100002778;"JOHNSON-OUTDOORS ";3;"SUBMARINISMO 2016";"BF21, BF22, BF23, COMPARADOR, COMP_FR, COMP_PT, CSW, IRN22, RBE23, RBE24, RBV22, RBV23, REGALAR, REVER242, RV21";"22/03/2024 18:34:40";100033791;"100012832
"
B125049NA;2;"MASCARA MARES X-VISION ULTRA LIQUIDSKIN NEGRA-AMARILLA (1620)";"02/03/2016 12:16:27";58,99;94,95;1057;"MARES, S.P.A";2;"SUBMARINISMO 2016";"BF22, BF23, OUTLET, RBE23, RBE24, RBV23, REVER242, RV21";"23/04/2024 13:35:56";100034216;"100012951
"
B125049NN;2;"MASCARA MARES X-VISION ULTRA LIQUIDSKIN NEGRA-NEGRO (1620)";"02/03/2016 12:16:27";58,99;94,95;1057;"MARES, S.P.A";2;"SUBMARINISMO 2016";"BF22, BF23, OUTLET, RBE23, RBE24, RBV23, REVER242, RV21";"23/04/2024 13:35:56";100034218;"100012951
"
B125049NR;2;"MASCARA MARES X-VISION ULTRA LIQUIDSKIN NEGRA-ROJA (1620)";"02/03/2016 12:16:27";58,99;94,95;1057;"MARES, S.P.A";2;"SUBMARINISMO 2016";"BF22, BF23, OUTLET, RBE23, RBE24, RBV23, REVER242, RV21";"23/04/2024 13:35:56";100034219;"100012951
"
B125049TAZ;2;"MASCARA MARES X-VISION ULTRA LIQUIDSKIN TRANSPARENTE-AZUL (1620)";"02/03/2016 12:16:27";58,99;94,95;1057;"MARES, S.P.A";2;"SUBMARINISMO 2016";"BF22, BF23, OUTLET, RBE23, RBE24, RBV23, REVER242, RV21";"23/04/2024 13:35:56";100034221;"100012951
"
B125055AM;1;"MASCARA CRESSI AIR DARK AMARILLO ";"13/04/2016 10:18:01";49,99;63;1053;"CRESSI-SUB ESPAÑA, S.A.";0;"SUBMARINISMO 2016";"BF21, BF22, BF23, IRN21, RBE22, RBE23, RBV22, REVER242";"03/04/2024 13:47:04";100037058;"100037098
"
B125055AN;1;"MASCARA CRESSI AIR DARK NEGRO ";"13/04/2016 10:18:01";49,99;63;1053;"CRESSI-SUB ESPAÑA, S.A.";1;"SUBMARINISMO 2016";"BF21, BF22, BF23, IRN21, RBE22, RBE23, RBV22, REVER242";"03/04/2024 13:47:04";100037061;"100037098
"
B125056ANAZ;2;"MASCARA CRESSI AIR TRANSPARENTE CRYSTAL NEGRO-AZUL ";"13/04/2016 10:18:01";50,99;70;1053;"CRESSI-SUB ESPAÑA, S.A.";1;"SUBMARINISMO 2016";"BF23, RBE23, RBE24, RBV23, REVER242";"07/02/2024 11:41:33";100037051;"100013651
"
B125057AM;1;"MASCARA CRESSI F1 AMARILLO ";"13/04/2016 10:18:03";39,99;50;1053;"CRESSI-SUB ESPAÑA, S.A.";3;"SUBMARINISMO 2016, NAUTICA 2017, NAUTICA 2016";"BF21, BF22, CSW, IRN21, RBE24, RBV22, REGALAR, REVER242";"03/04/2024 13:47:04";100037067;"100013652
"
B125057AZ;1;"MASCARA CRESSI F1 AZUL (1620)";"13/04/2016 10:18:03";39,99;50;1053;"CRESSI-SUB ESPAÑA, S.A.";1;"SUBMARINISMO 2016, NAUTICA 2017, NAUTICA 2016";"BF21, BF22, IRN21, RBE23, RBE24, RBV22, REGALAR, REVER242";"03/04/2024 13:47:04";100037066;"100013652
"
B125057B;1;"MASCARA CRESSI F1 BLANCA ";"13/04/2016 10:18:02";39,99;50;1053;"CRESSI-SUB ESPAÑA, S.A.";2;"SUBMARINISMO 2016, NAUTICA 2017, NAUTICA 2016";"BF21, BF22, IRN21, RBE24, RBV22, REGALAR, REVER242";"03/04/2024 13:47:04";100037071;"100013652
"
B125057N;1;"MASCARA CRESSI F1 NEGRO (1620)";"13/04/2016 10:18:02";39,99;50;1053;"CRESSI-SUB ESPAÑA, S.A.";0;"SUBMARINISMO 2016, NAUTICA 2017, NAUTICA 2016";"BF21, BF22, IRN21, RBE24, RBV22, REGALAR, REVER242";"03/04/2024 13:47:03";100037068;"100013652
"
B125057P;1;"MASCARA CRESSI F1 PLATA (1620)";"13/04/2016 10:18:03";39,99;50;1053;"CRESSI-SUB ESPAÑA, S.A.";0;"SUBMARINISMO 2016, NAUTICA 2017, NAUTICA 2016";"BF21, BF22, IRN21, RBE24, RBV22, REGALAR, REVER242";"03/04/2024 13:47:04";100037062;"100013652
"
B125057R;1;"MASCARA CRESSI F1 ROSA ";"13/04/2016 10:18:02";39,99;50;1053;"CRESSI-SUB ESPAÑA, S.A.";0;"SUBMARINISMO 2016, NAUTICA 2017, NAUTICA 2016";"BF21, BF22, IRN21, RBE24, RBV22, REGALAR, REVER242";"03/04/2024 13:47:04";100037069;"100013652
"
B125057T;1;"MASCARA CRESSI F1 TRANSPARENTE (1620)";"13/04/2016 10:18:02";39,99;50;1053;"CRESSI-SUB ESPAÑA, S.A.";1;"SUBMARINISMO 2016, NAUTICA 2017, NAUTICA 2016";"BF21, BF22, CSW, IRN21, RBE24, RBV22, REGALAR, REVER242";"03/04/2024 13:47:03";100037070;"100013652
"
B125058AZ;1;"MASCARA CRESSI F1 SMALL AZUL ";"13/04/2016 10:18:03";37,99;47;1053;"CRESSI-SUB ESPAÑA, S.A.";4;"SUBMARINISMO 2016, NAUTICA 2017, NAUTICA 2016";"BF22, CM22, CM23, COMUNIONES, IRN21, RBV22, REGALAR, REVER242, RV21";"03/04/2024 13:47:04";100037074;"100013654
"
B125058R;1;"MASCARA CRESSI F1 SMALL ROSA ";"13/04/2016 10:18:03";37,99;47;1053;"CRESSI-SUB ESPAÑA, S.A.";0;"SUBMARINISMO 2016, NAUTICA 2017, NAUTICA 2016";"BF22, CM22, CM23, COMUNIONES, CSW, IRN21, RBV22, REGALAR, REVER242, RV21";"03/04/2024 13:47:04";100037072;"100013654
"
B125060-NW;2;"MASCARA AQUALUNG REVEAL X1 NEGRA-WHITE (SS71)";"14/03/2017 13:36:37";36,99;65;1052;"AQUALUNG ESPAÑA,S.L.";1;;"BF21, BF22, BF23, IRN21, IRN22, OUTLET, RBE23, RBE24, RBV22, RBV23, REVER242, RV21";"20/06/2022 10:21:46";100049229;"100017988
"
B125060-SNDW;2;"MASCARA AQUALUNG REVEAL X1 SND/WHT (SS22)";"09/02/2022 12:45:40";36,99;65;1052;"AQUALUNG ESPAÑA,S.L.";1;;"BF22, BF23, IRN22, OUTLET, RBE23, RBE24, RBV22, RBV23, REVER242";"20/06/2022 10:21:46";100153279;"100017988
"
B125060-TH;2;"MASCARA AQUALUNG REVEAL X1 TRANSPARENTE-HOT LIME (SS71)";"14/03/2017 13:36:37";36,99;65;1052;"AQUALUNG ESPAÑA,S.L.";1;;"BF21, BF22, BF23, IRN21, IRN22, OUTLET, RBE23, RBE24, RBV22, REVER242, RV21";"20/06/2022 10:21:46";100049226;"100017988
"
B125607;1;"MASCARA CRESSI-SUB NEW MATRIX";"18/06/2004 19:29:50";41,99;53;1053;"CRESSI-SUB ESPAÑA, S.A.";1;;"RBE24, REVER242";"03/04/2024 13:47:02";68608;"16695
"
B125758M;2;"GORRO MARES NYLON-SPANDEX MAGENTA (SS81)";"08/05/2018 11:31:21";7,99;7,99;1057;"MARES, S.P.A";1;;REVER242;;100074599;"100025898
"
B125760V;2;"GORRO MARES SILICONE MOULDED GREEN (SS81)";"08/05/2018 11:31:21";6,99;6,99;1057;"MARES, S.P.A";1;;"RBE24, REVER242";;100074615;"100025902
"
B125761B-XL;2;"MARES BUNGEE STRAP BLACK T.XL (SS81)";"08/05/2018 11:40:41";27,99;39,99;1057;"MARES, S.P.A";4;;"BF21, BF23, OUTLET, RBE24, RBV23, REVER242, RV21";;100075040;"100025956
"
B125761L-XL;2;"MARES BUNGEE STRAP LIME T.XL (SS81)";"08/05/2018 11:40:42";27,99;39,99;1057;"MARES, S.P.A";1;;"BF21, BF23, OUTLET, RBE24, RBV23, REVER242, RV21";;100075035;"100025956
"
B125761W-XL;2;"MARES BUNGEE STRAP WHITE T.XL (SS81)";"08/05/2018 11:40:41";27,99;39,99;1057;"MARES, S.P.A";1;;"BF21, BF23, OUTLET, RBE24, RBV23, REVER242, RV21";;100075050;"100025956
"
B125761W-XS;2;"MARES BUNGEE STRAP WHITE T.XS/S (SS81)";"08/05/2018 11:40:41";27,99;39,99;1057;"MARES, S.P.A";2;;"BF21, BF23, OUTLET, RBE24, RBV23, REVER242, RV21";;100075048;"100025956
"
B125763B;2;"GAFA PISCINA ARENA COBRA BLUE-BLUE-BLACK (SS91)";"05/11/2018 10:30:57";34,99;50;100002258;"ARSEREX, S.A.U.";2;;"BF21, BF22, BF23, OUTLET, RBE22, RBE23, RBE24, RBV22, RBV23, REVER242";;100101848;"100033610
"
B125801B;2;"MASCARA SCUBAPRO SPECTRA MINI BLANCO ";"17/03/2014 13:12:02";75,99;95;100002778;"JOHNSON-OUTDOORS ";1;"SUBMARINISMO 2016";"BF21, BF22, BF23, COMUNIONES, IRN21, OUTLET, RBE22, RBE23, RBE24, RBV22, RBV23, REVER242";"22/03/2024 18:34:40";100016974;"100006498
"
B125801RO;1;"MASCARA SCUBAPRO SPECTRA MINI ROSA ";"17/03/2014 13:12:02";75,99;95;100002778;"JOHNSON-OUTDOORS ";-1;"SUBMARINISMO 2016";"BF21, BF22, BF23, COMUNIONES, CSW, RBE22, RBE23, RBE24, RBV22, RBV23, REGALAR, REVER242";"22/03/2024 18:34:40";100016975;"100006498
"
B125810NP;2;"MASCARA SCUBAPRO SYNERGY TWIN TRUFIT NEGRO PLATA/NEGRO ";"13/01/2015 13:47:18";76,99;79;100002778;"JOHNSON-OUTDOORS ";2;"SUBMARINISMO 2016, SUBMARINISMO 2015";"BF22, BF23, COMPARADOR, COMP_FR, COMP_PT, IRN21, RBE23, REVER242";;100026282;"100009923
"
B125903-3;2;"MASCARA SCUBAPRO SPECTRA 2 ROJO METALICO/BLANCO";"29/01/2009 10:44:29";47,99;47,99;100002778;"JOHNSON-OUTDOORS ";1;;REVER242;;412523;"22352
"
B125904-2;1;"MASCARA SCUBAPRO CRYSTAL VU ROJO METALICO/TRANSPARENTE";"29/01/2009 11:00:30";68,99;97;100002778;"JOHNSON-OUTDOORS ";3;"SUBMARINISMO 2016";"BF22, BF23, RBE23, REGALAR, REVER242";"22/03/2024 18:34:40";412527;"22353
"
B125904-3;1;"MASCARA SCUBAPRO CRYSTAL VU PLATA/NEGRO";"29/01/2009 11:25:32";68,99;97;100002778;"JOHNSON-OUTDOORS ";2;"SUBMARINISMO 2016";"BF22, BF23, IRN22, RBE23, REGALAR, REVER242, RV21";"22/03/2024 18:34:40";412528;"22353
"
B125904-4;1;"MASCARA SCUBAPRO CRYSTAL VU NARANJA/NEGRO";"29/01/2009 11:27:11";68,99;97;100002778;"JOHNSON-OUTDOORS ";3;"SUBMARINISMO 2016";"BF22, BF23, COMPARADOR, COMP_FR, COMP_PT, IRN21, IRN22, RBE23, REGALAR, REVER242, RV21";"22/03/2024 18:34:40";412529;"22353
"
B125904-5;1;"MASCARA SCUBAPRO CRYSTAL VU AZUL/TRANSPARENTE";"29/01/2009 11:28:24";68,99;97;100002778;"JOHNSON-OUTDOORS ";0;"SUBMARINISMO 2016";"BF22, BF23, IRN21, IRN22, RBE22, RBE23, RBV22, REGALAR, REVER242, RV21";"22/03/2024 18:34:40";412530;"22353
"
B125967-L;2;"MASCARA AQUALUNG FULL FACE T.L (SS81)";"08/02/2018 19:01:26";39,99;49,99;1052;"AQUALUNG ESPAÑA,S.L.";1;;"BF22, BF23, COMUNIONES, OUTLET, RBE23, RBE24, RBV22, RBV23, REVER242";;100069874;"100024474
"
B125967-S;2;"MASCARA AQUALUNG FULL FACE T.S (SS81)";"08/02/2018 19:01:25";39,99;49,99;1052;"AQUALUNG ESPAÑA,S.L.";1;;"BF22, BF23, COMUNIONES, NEBE VENTA PRIORITARIA, OUTLET, RBE22, RBE23, RBE24, RBV22, RBV23, REVER242, RV21";;100069872;"100024474
"
B125971B-L;2;"MASCARA FACIAL SEAC SUB BLUE/ORANGE T.L/XL (SS91)";"20/05/2019 17:00:36";35,95;43;1208;"SEAC SUB S.p.A.";2;;"BF23, CM22, CM23, COMUNIONES, OUTLET, RBE23, RBE24, RBV22, RBV23, REVER242";"14/02/2024 16:16:24";100092450;"100031188
"
B125971N-L;2;"MASCARA FACIAL SEAC SUB BLACK/LIME T.L/XL (SS91)";"20/05/2019 17:00:36";35,95;43;1208;"SEAC SUB S.p.A.";3;;"BF23, CM22, CM23, COMUNIONES, OUTLET, RBE23, RBE24, RBV22, RBV23, REVER242";"14/02/2024 16:16:24";100092451;"100031188
"
B125971P-L;2;"MASCARA FACIAL SEAC SUB WHITE/PINK T.S/M (SS91)";"20/05/2019 17:00:36";35,95;43;1208;"SEAC SUB S.p.A.";4;;"BF23, CM22, CM23, COMUNIONES, NEBE VENTA PRIORITARIA, OUTLET, RBE23, RBE24, RBV22, RBV23, REVER242";"14/02/2024 16:16:24";100092452;"100031188
"
B125971W-L;2;"MASCARA FACIAL SEAC SUB WHITE/BLUE T.L/XL (SS91)";"20/05/2019 17:00:36";35,95;43;1208;"SEAC SUB S.p.A.";1;;"BF23, CM22, CM23, COMUNIONES, OUTLET, RBE23, RBE24, RBV22, RBV23, REVER242";"14/02/2024 16:16:24";100092448;"100031188
"
B125971W-S;2;"MASCARA FACIAL SEAC SUB WHITE/BLUE T.S/M (SS91)";"20/05/2019 17:00:36";35,95;43;1208;"SEAC SUB S.p.A.";2;;"BF23, CM22, CM23, COMUNIONES, OUTLET, RBE23, RBE24, RBV22, RBV23, REVER242";"14/02/2024 16:16:25";100092447;"100031188
"
B125972N-W;1;"MASCARA SCUBAPRO D-MASK AZUL-NEGRO-WIDE (SS02)";"23/11/2019 12:04:05";129,99;210;100002778;"JOHNSON-OUTDOORS ";1;;"BF21, BF22, BF23, COMPARADOR, COMP_FR, COMP_PT, CSW, IRN21, IRN22, RBE22, RBE23, RBE24, RBV22, RBV23, REVER242, RV21, SD21";"22/03/2024 18:34:40";100115554;"100046186
"
B125972T-S;1;"MASCARA SCUBAPRO D-MASK AZUL-TRANSPARENTE-S (SS02)";"23/11/2019 12:04:05";129,99;210;100002778;"JOHNSON-OUTDOORS ";1;;"BF21, BF22, BF23, CSW, IRN21, IRN22, RBE22, RBE23, RBE24, RBV22, RBV23, REVER242, SD21";"22/03/2024 18:34:40";100115555;"100037675
"
B125973;1;"MASCARA SCUBAPRO SPECTRA NEGRO-NEGRO (SS02)";"23/11/2019 12:04:05";62,99;95;100002778;"JOHNSON-OUTDOORS ";0;;"BF21, BF22, BF23, COMPARADOR, COMP_FR, COMP_PT, CSW, RBE23, RBE24, RBV22, RBV23, REVER242";"22/03/2024 18:34:40";100103807;"100030811
"
B130003A-2XL;1;"ALETA SCUBAPRO JET FIN AZUL CAMO T.2XL (SS32)           ";"04/05/2023 11:12:10";158,99;255;100002778;"JOHNSON-OUTDOORS ";1;;"BF23, COLOR, RBE24, REVER242";"22/03/2024 18:34:39";100173672;"100052856
"
B130003A-L;1;"ALETA SCUBAPRO JET FIN AZUL CAMO T.L (SS32)           ";"04/05/2023 11:12:11";158,99;255;100002778;"JOHNSON-OUTDOORS ";0;;"BF23, COLOR, RBE24, REVER242";"22/03/2024 18:34:39";100173669;"100052856
"
B130003A-M;1;"ALETA SCUBAPRO JET FIN AZUL CAMO T.M (SS32)           ";"04/05/2023 11:12:11";158,99;255;100002778;"JOHNSON-OUTDOORS ";0;;"BF23, COLOR, RBE24, REVER242";"22/03/2024 18:34:39";100173668;"100052856
"
B130003A-XL;1;"ALETA SCUBAPRO JET FIN AZUL CAMO T.XL (SS32)           ";"04/05/2023 11:12:11";158,99;255;100002778;"JOHNSON-OUTDOORS ";0;;"BF23, COLOR, RBE24, REVER242";"22/03/2024 18:34:39";100173671;"100052856
"
B130003B-2XL;1;"ALETA SCUBAPRO JET FIN W/S.S. BLANCO CAMO T.2XL (SS32)  ";"04/05/2023 11:12:11";158,99;255;100002778;"JOHNSON-OUTDOORS ";0;;"BF23, COLOR, RBE24, REVER242";"22/03/2024 18:34:39";100173666;"100052856
"
B130003B-L;1;"ALETA SCUBAPRO JET FIN W/S.S. BLANCO CAMO T.L (SS32)  ";"04/05/2023 11:12:11";158,99;255;100002778;"JOHNSON-OUTDOORS ";0;;"BF23, COLOR, RBE24, REVER242";"22/03/2024 18:34:39";100173663;"100052856
"
B130003B-M;1;"ALETA SCUBAPRO JET FIN W/S.S. BLANCO CAMO T.M (SS32)  ";"04/05/2023 11:12:11";158,99;255;100002778;"JOHNSON-OUTDOORS ";0;;"BF23, COLOR, RBE24, REVER242";"22/03/2024 18:34:39";100173662;"100052856
"
B130003B-XL;1;"ALETA SCUBAPRO JET FIN W/S.S. BLANCO CAMO T.XL (SS32)  ";"04/05/2023 11:12:11";158,99;255;100002778;"JOHNSON-OUTDOORS ";0;;"BF23, COLOR, RBE24, REVER242";"22/03/2024 18:34:39";100173665;"100052856
"
B130003C-2XL;1;"ALETA SCUBAPRO JET FINS AZUL CAMUFLAJE T.2XL (SS32)   ";"04/05/2023 11:12:11";158,99;255;100002778;"JOHNSON-OUTDOORS ";0;;"BF23, COLOR, RBE24, REVER242";"22/03/2024 18:34:39";100173661;"100052856
"
B130003C-L;1;"ALETA SCUBAPRO JET FINS AZUL CAMUFLAJE T.L (SS32)   ";"04/05/2023 11:12:11";158,99;255;100002778;"JOHNSON-OUTDOORS ";0;;"BF23, COLOR, RBE24, REVER242";"22/03/2024 18:34:39";100173659;"100052856
"
B130003C-M;1;"ALETA SCUBAPRO JET FINS AZUL CAMUFLAJE T.M (SS32)   ";"04/05/2023 11:12:11";158,99;255;100002778;"JOHNSON-OUTDOORS ";2;;"BF23, COLOR, RBE24, REVER242";"22/03/2024 18:34:39";100173658;"100052856
"
B130003C-XL;1;"ALETA SCUBAPRO JET FINS AZUL CAMUFLAJE T.XL (SS32)   ";"04/05/2023 11:12:11";158,99;255;100002778;"JOHNSON-OUTDOORS ";1;;"BF23, COLOR, RBE24, REVER242";"22/03/2024 18:34:39";100173660;"100052856
"
B130003-L;1;"ALETA SCUBAPRO JET FIN CON MUELLES T.L";"17/03/2014 16:21:56";158,99;240;100002778;"JOHNSON-OUTDOORS ";0;"SUBMARINISMO 2016";"BF21, BF22, BF23, COLOR, RBE23, RBE24, RBV22, REVER242, RV21";"22/03/2024 18:34:39";100016909;"100006487
"
B130003-XL;1;"ALETA SCUBAPRO JET FIN CON MUELLES T.XL";"17/03/2014 16:21:56";158,99;240;100002778;"JOHNSON-OUTDOORS ";1;"SUBMARINISMO 2016";"BF21, BF22, BF23, COLOR, COMPARADOR, COMP_FR, COMP_PT, RBE23, RBE24, RBV22, REVER242, RV21";"22/03/2024 18:34:39";100016910;"100006487
"
B130003-XXL;1;"ALETA SCUBAPRO JET FIN CON MUELLES T.XXL";"17/03/2014 16:21:56";158,99;240;100002778;"JOHNSON-OUTDOORS ";0;"SUBMARINISMO 2016";"BF21, BF22, BF23, COLOR, RBE23, RBE24, RBV22, REVER242, RV21";"22/03/2024 18:34:39";100016911;"100006487
"
B130004-39;2;"ALETA MARES RAZOR PRO T.39/40 ";"17/03/2014 12:53:39";69,99;95;1057;"MARES, S.P.A";1;"SUBMARINISMO 2016, SUBMARINISMO 2015";"BF22, BF23, OUTLET, RBE22, RBE23, RBE24, RBV23, REVER242, RV21";;100017057;"100006533
"
B130004-41;2;"ALETA MARES RAZOR PRO T.41/42 ";"17/03/2014 12:53:40";69,99;95;1057;"MARES, S.P.A";0;"SUBMARINISMO 2016, SUBMARINISMO 2015";"BF22, BF23, OUTLET, RBE24, RBV23, REVER242, RV21";;100017058;"100006533
"
B130004-43;2;"ALETA MARES RAZOR PRO T.43/44 ";"17/03/2014 12:53:40";69,99;95;1057;"MARES, S.P.A";1;"SUBMARINISMO 2016, SUBMARINISMO 2015";"BF22, BF23, OUTLET, RBE24, RBV23, REVER242, RV21";;100017059;"100006533
"
B130004-45;2;"ALETA MARES RAZOR PRO T.45/46 ";"17/03/2014 12:53:40";69,99;95;1057;"MARES, S.P.A";1;"SUBMARINISMO 2016, SUBMARINISMO 2015";"BF22, BF23, OUTLET, RBE24, RBV23, REVER242";;100017060;"100006533
"
B130009A-L;1;"ALETA SEAWING NOVA AMARILLA L       ";"29/04/2022 16:03:01";146,99;199;100002778;"JOHNSON-OUTDOORS ";0;;"BF23, RBE23, RBE24, RBV22, RBV23, REVER242";"22/03/2024 18:34:39";100143745;"100046069
"
B130009A-M;1;"ALETA SEAWING NOVA AMARILLA M       ";"29/04/2022 16:03:01";146,99;199;100002778;"JOHNSON-OUTDOORS ";0;;"BF23, COMPARADOR, COMP_FR, COMP_PT, RBE23, RBE24, RBV22, RBV23, REVER242";"22/03/2024 18:34:39";100143744;"100046069
"
B130009AZ-L;1;"ALETA SEAWING NOVA AZUL L           ";"29/04/2022 16:03:01";146,99;199;100002778;"JOHNSON-OUTDOORS ";0;;"BF23, RBE23, RBE24, RBV22, RBV23, REVER242";"22/03/2024 18:34:39";100143751;"100046069
"
B130009AZ-M;1;"ALETA SEAWING NOVA AZUL M           ";"29/04/2022 16:03:01";146,99;199;100002778;"JOHNSON-OUTDOORS ";0;;"BF23, RBE23, RBE24, RBV22, RBV23, REVER242";"22/03/2024 18:34:39";100143750;"100046069
"
B130009AZ-S;1;"ALETA SEAWING NOVA AZUL S           ";"29/04/2022 16:03:01";146,99;199;100002778;"JOHNSON-OUTDOORS ";0;;"BF23, RBE23, RBE24, RBV22, RBV23, REVER242";"22/03/2024 18:34:39";100143749;"100046069
"
B130009AZ-XL;1;"ALETA SEAWING NOVA AZUL XL          ";"29/04/2022 16:03:01";146,99;199;100002778;"JOHNSON-OUTDOORS ";0;;"BF23, RBE23, RBE24, RBV22, RBV23, REVER242";"22/03/2024 18:34:39";100143752;"100046069
"
B130009R-S;1;"ALETA SEAWING NOVA ROSA S           ";"29/04/2022 16:03:01";146,99;199;100002778;"JOHNSON-OUTDOORS ";0;;"BF23, RBE23, RBE24, RBV22, RBV23, REVER242";"22/03/2024 18:34:39";100143753;"100046069
"
B130021NA-XS;2;"ALETA MARES WAVE OH + NEGRO/AZUL T.XS ";"06/04/2015 19:38:25";49,99;70;1057;"MARES, S.P.A";1;"SUBMARINISMO 2016, SUBMARINISMO 2015";"BF21, BF22, BF23, NEBE VENTA PRIORITARIA, OUTLET, RBE22, RBE23, RBE24, RBV22, RBV23, REVER242, RV21";;100026155;"100009904
"
B130021N-S;2;"ALETA MARES WAVE OH + NEGRO T.S ";"06/04/2015 19:38:25";49,99;70;1057;"MARES, S.P.A";1;"SUBMARINISMO 2016, SUBMARINISMO 2015";"BF21, BF22, BF23, NEBE VENTA PRIORITARIA, OUTLET, RBE22, RBE23, RBE24, RBV22, RBV23, REVER242, RV21";;100026152;"100009904
"
B130050-34;2;"ALETA PISCINA MARES HERMES AZUL T.34-35 ";"02/03/2016 12:16:28";19,99;24,99;1057;"MARES, S.P.A";3;"SUBMARINISMO 2016";"BF21, BF22, BF23, OUTLET, RBE24, RBV22, RBV23, REVER242, RV21";;100034273;"100012976
"
B130050-36;2;"ALETA PISCINA MARES HERMES AZUL T.36-37 ";"02/03/2016 12:16:28";19,99;24,99;1057;"MARES, S.P.A";1;"SUBMARINISMO 2016";"BF21, BF22, RBE24, RBV22, RBV23, REVER242, RV21";;100034274;"100012976
"
B130050-38;2;"ALETA PISCINA MARES HERMES AZUL T.38-39 ";"02/03/2016 12:16:28";19,99;24,99;1057;"MARES, S.P.A";2;"SUBMARINISMO 2016";"BF21, BF22, RBE24, RBV22, RBV23, REVER242, RV21";;100034275;"100012976
"
B130050-44;2;"ALETA PISCINA MARES HERMES AZUL T.44-45 ";"02/03/2016 12:16:29";19,99;24,99;1057;"MARES, S.P.A";1;"SUBMARINISMO 2016";"BF21, BF22, RBE24, RBV22, RBV23, REVER242, RV21";;100034279;"100012976
"
B130051NA-36;2;"ALETA MARES AVANTI HC PRO NEGRA/AMARILLA T.36/37 (SS91)";"09/01/2019 15:07:02";51,99;69,99;1057;"MARES, S.P.A";1;;"BF23, COMUNIONES, OUTLET, RBE24, RBV23, REVER242, RV21";;100084859;"100028897
"
B130051NA-40;2;"ALETA MARES AVANTI HC PRO NEGRA/AMARILLA T.40/41 (SS91)";"09/01/2019 15:07:03";51,99;69,99;1057;"MARES, S.P.A";2;;"BF23, COMUNIONES, OUTLET, RBE24, RBV23, REVER242, RV21";;100084861;"100028897
"
B130051NA-44;2;"ALETA MARES AVANTI HC PRO NEGRA/AMARILLA T.44/45 (SS91)";"09/01/2019 15:07:03";51,99;69,99;1057;"MARES, S.P.A";1;;"COMUNIONES, RBE24, RBV23, REVER242, RV21";;100084863;"100028897
"
B130051NR-36;2;"ALETA MARES AVANTI HC PRO NEGRA/ROJO T.36/37 (SS91)";"09/01/2019 15:07:03";51,99;69,99;1057;"MARES, S.P.A";1;;"BF23, COMUNIONES, OUTLET, RBE24, RBV23, REVER242, RV21";;100084865;"100028897
"
B130051NR-42;2;"ALETA MARES AVANTI HC PRO NEGRA/ROJO T.42/43 (SS91)";"09/01/2019 15:07:03";51,99;69,99;1057;"MARES, S.P.A";1;;"COMUNIONES, RBE24, RBV23, REVER242, RV21";;100084870;"100028897
"
B130051NR-46;2;"ALETA MARES AVANTI HC PRO NEGRA/ROJO T.46/47 (SS91)";"09/01/2019 15:07:03";51,99;69,99;1057;"MARES, S.P.A";1;;"BF23, COMUNIONES, OUTLET, RBE22, RBE24, RBV23, REVER242, RV21";;100084869;"100028897
"
B130052A-ML;2;"ALETA MARES AVANTI PURE AMARILLA T.ML (SS91)";"09/01/2019 15:07:02";52,99;65;1057;"MARES, S.P.A";1;;"BF21, BF22, BF23, OUTLET, RBE22, RBE24, RBV23, REVER242, RV21";;100084873;"100028900
"
B130052A-SM;2;"ALETA MARES AVANTI PURE AMARILLA T.SM (SS91)";"09/01/2019 15:07:02";52,99;65;1057;"MARES, S.P.A";0;;"BF21, BF22, BF23, OUTLET, RBE22, RBE24, RBV23, REVER242, RV21";;100084872;"100028900
"
B130052B-ML;2;"ALETA MARES AVANTI PURE AZUL T.ML (SS91)";"09/01/2019 15:07:02";52,99;65;1057;"MARES, S.P.A";1;;"BF21, BF22, BF23, OUTLET, RBE22, RBE24, RBV23, REVER242, RV21";;100084876;"100028900
"
B130052B-SM;2;"ALETA MARES AVANTI PURE AZUL T.SM (SS91)";"09/01/2019 15:07:02";52,99;65;1057;"MARES, S.P.A";1;;"BF21, BF22, BF23, OUTLET, RBE22, RBE24, RBV23, REVER242, RV21";;100084875;"100028900
"
B130052W-ML;2;"ALETA MARES AVANTI PURE BLANCA T.ML (SS91)";"09/01/2019 15:07:02";52,99;65;1057;"MARES, S.P.A";1;;"BF21, BF22, BF23, OUTLET, RBE24, RBV23, REVER242, RV21";;100084879;"100028900
"
B130052W-SM;2;"ALETA MARES AVANTI PURE BLANCA T.SM (SS91)";"09/01/2019 15:07:02";52,99;65;1057;"MARES, S.P.A";2;;"BF21, BF22, BF23, OUTLET, RBE22, RBE24, RBV23, REVER242, RV21";;100084878;"100028900
"
B130104-S;2;"ALETA SCUBAPRO ELEMENT S3 T.S ";"02/03/2016 11:48:46";63,99;79;100002778;"JOHNSON-OUTDOORS ";2;"SUBMARINISMO 2016";"BF22, BF23, NEBE VENTA PRIORITARIA, OUTLET, RBE22, RBE23, RBE24, RBV22, RBV23, REVER242, RV21";;100033779;"100012827
"
B130106-S;2;"ALETA BEUCHAT POWERJET NEGRA T.S ";"08/04/2016 14:32:02";99,99;129,9;1059;"BEUCHAT SUB ESPAÑA, S.A.";2;"SUBMARINISMO 2016";"BF22, BF23, NEBE VENTA PRIORITARIA, OUTLET, RBE22, RBE23, RBE24, RBV22, RBV23, REVER242, RV21";"12/06/2024 16:03:24";100036937;"100013615
"
B130108N-39;2;"ALETA CALZANTE BEUCHAT MUNDIAL COMPETITION NEGRO T.39/40 ";"08/04/2016 14:32:02";68,99;99;1059;"BEUCHAT SUB ESPAÑA, S.A.";0;"SUBMARINISMO 2016";"BF21, BF22, BF23, NEBE VENTA PRIORITARIA, OUTLET, RBE22, RBE23, RBE24, RBV22, RBV23, REVER242, RV21";;100036971;"100013619
"
B130108N-47;2;"ALETA CALZANTE BEUCHAT MUNDIAL COMPETITION NEGRO T.47/48 ";"08/04/2016 14:32:03";68,99;99;1059;"BEUCHAT SUB ESPAÑA, S.A.";1;"SUBMARINISMO 2016";"BF21, BF22, BF23, NEBE VENTA PRIORITARIA, OUTLET, RBE22, RBE23, RBE24, RBV22, RBV23, REVER242, RV21";;100036949;"100013619
"
B130111-3XS;2;"ALETA SCUBAPRO GO FIN T.3XS NEGRA C/CORREA PURPURA (SS71)";"14/03/2017 13:58:01";70,99;89;100002778;"JOHNSON-OUTDOORS ";1;"NAUTICA 2017";"BF22, BF23, OUTLET, RBE22, RBE23, RBE24, RBV22, RBV23, REVER242, RV21";"22/03/2024 18:34:39";100049127;"100017962
"
B130111-XL;2;"ALETA SCUBAPRO GO FIN T.XL NEGRA C/CORREA NARANJA (SS71)";"14/03/2017 13:58:01";70,99;89;100002778;"JOHNSON-OUTDOORS ";1;"NAUTICA 2017";"BF22, BF23, OUTLET, RBE22, RBE23, RBE24, RBV23, REVER242, RV21";"22/03/2024 18:34:40";100049131;"100017962
"
B130112-2XL;2;"ALETA SCUBAPRO GO 2XL (GRIS) (SS81)";"07/12/2017 18:28:01";70,99;89;100002778;"JOHNSON-OUTDOORS ";1;;"BF22, BF23, OUTLET, RBE22, RBE23, RBE24, RBV22, RBV23, REVER242, RV21";"30/10/2023 18:59:37";100066754;"100017962
"
B130113H-R;2;"ALETA AQUALUNG PHANZER HOT LIME T.R (SS81)";"08/02/2018 19:01:24";106,99;159;1052;"AQUALUNG ESPAÑA,S.L.";3;;"BF22, BF23, IRN21, NEBE VENTA PRIORITARIA, OUTLET, RBE22, RBE23, RBE24, RBV22, RBV23, REVER242, RV21";"20/02/2024 13:54:12";100069785;"100043116
"
B130113H-S;2;"ALETA AQUALUNG PHANZER HOT LIME T.S (SS81)";"08/02/2018 19:01:24";106,99;159;1052;"AQUALUNG ESPAÑA,S.L.";5;;"BF22, BF23, IRN21, NEBE VENTA PRIORITARIA, OUTLET, RBE22, RBE23, RBE24, RBV22, RBV23, REVER242, RV21";"20/02/2024 13:54:12";100069784;"100043116
"
B130113-NL;2;"ALETA AQUALUNG PHAZER WITH BUNGEE STRAP BLACK T.L (SS12)";"21/12/2020 19:44:57";106,99;159;1052;"AQUALUNG ESPAÑA,S.L.";3;;"BF22, BF23, NEBE VENTA PRIORITARIA, OUTLET, RBE23, RBE24, RBV22, RBV23, REVER242, RV21";"20/02/2024 13:54:12";100118910;"100043116
"
B130113-NR;2;"ALETA AQUALUNG PHAZER WITH BUNGEE STRAP BLACK T.R (SS12)";"21/12/2020 19:44:57";106,99;159;1052;"AQUALUNG ESPAÑA,S.L.";3;;"BF22, BF23, IRN21, NEBE VENTA PRIORITARIA, OUTLET, RBE23, RBE24, RBV22, RBV23, REVER242, RV21";"20/02/2024 13:54:12";100118907;"100043116
"
B130113-NS;2;"ALETA AQUALUNG PHAZER WITH BUNGEE STRAP BLACK T.S (SS12)";"21/12/2020 19:44:57";106,99;159;1052;"AQUALUNG ESPAÑA,S.L.";2;;"BF22, IRN21, NEBE VENTA PRIORITARIA, OUTLET, RBE23, RBV22, RBV23, REVER242, RV21";"03/01/2023 10:08:26";100118906;"100043116
"
B130113PB-L;2;"ALETA AQUALUNG PHAZER PETROL/BLACK T.L (SS22)";"21/01/2022 19:26:55";106,99;159;1052;"AQUALUNG ESPAÑA,S.L.";4;;"BF22, BF23, NEBE V21";"03/04/2024 13:47:02";8775;"6572
"
B130631AC-XSS;2;"ALETA CRESSI REACTION EBS AZUL/CELESTE T.XS/S ";"09/03/2015 12:56:48";53,99;86;1053;"CRESSI-SUB ESPAÑA, S.A.";5;"SUBMARINISMO 2016, SUBMARINISMO 2015";"BF21, BF23, RBE24, RBV22, RBV23, REVER242, RV21";"03/04/2024 13:47:04";100026169;"100009905
"
B130631NP-LXL;2;"ALETA CRESSI REACTION EBS NEGRO/PLATA T.L/XL ";"09/03/2015 12:56:48";53,99;86;1053;"CRESSI-SUB ESPAÑA, S.A.";5;"SUBMARINISMO 2016, SUBMARINISMO 2015";"BF21, BF23, RBE24, RBV22, RBV23, REVER242, RV21";"03/04/2024 13:47:04";100026180;"100009905
"
B13063344-45;2;"ALETA CRESSI GARA MODULAR LD T.44/45 ";"09/03/2015 12:56:48";68,99;107;1053;"CRESSI-SUB ESPAÑA, S.A.";2;"SUBMARINISMO 2016, SUBMARINISMO 2015";"BF23, NEBE VENTA PRIORITARIA, OUTLET, RBE23, RBE24, RBV23, REVER242, RV21";"07/02/2024 11:41:32";100027288;"100010359
"
B130703AMM;2;"ALETAS SEAC SUB PROPULSION AMARILLA T.M-L";"30/01/2008 12:34:39";59,9;84,99;1208;"SEAC SUB S.p.A.";1;;"NEBE VENTA PRIORITARIA, RBE24, REVER242";;100184647;"100055935
"
B130703NL;2;"ALETAS SEAC SUB PROPULSION BLANCA/NEGRA T.L-XL";"30/01/2008 12:42:39";79,99;79,99;1208;"SEAC SUB S.p.A.";1;;"BF22, BF23, NEBE VENTA PRIORITARIA, OUTLET, RBE23, RBE24, RBV23, REVER242";"14/02/2024 16:16:25";4;"100050003
"
B130807BL;2;"ALETA SCUBAPRO SEAWING NOVA BLANCA T.L";"27/04/2010 10:51:55";149;199;100002778;"JOHNSON-OUTDOORS ";2;"SUBMARINISMO 2016";"RBE24, REVER242";"22/03/2024 18:34:39";417750;"22350
"
B130807N-L;1;"ALETA SEAWING NOVA NEGRA L          ";"29/04/2022 16:03:01";158,99;199;100002778;"JOHNSON-OUTDOORS ";1;;"BF22, BF23, RBE23, RBE24, RBV22, RBV23, REVER242";"22/03/2024 18:34:39";100143747;"100046069
"
B130807N-M;1;"ALETA SEAWING NOVA NEGRA M          ";"29/04/2022 16:03:01";158,99;199;100002778;"JOHNSON-OUTDOORS ";1;;"BF22, BF23, RBE23, RBE24, RBV22, RBV23, REVER242";"22/03/2024 18:34:39";100143746;"100046069
"
B130807XL;2;"ALETA SCUBAPRO SEAWING NOVA NEGRA T.XL";"22/04/2009 18:11:42";158,99;199;100002778;"JOHNSON-OUTDOORS ";2;"SUBMARINISMO 2016";"BF21, BF22, BF23, NEBE VENTA PRIORITARIA, OUTLET, RBE22, RBE23, RBE24, RBV22, RBV23, REVER242, RV21, SD21";"22/03/2024 18:34:39";412514;"22350
"
B130809-AL;1;"ALETAS SCUBAPRO JET SPORT AZUL L              ";"02/05/2022 11:22:10";68,99;122;100002778;"JOHNSON-OUTDOORS ";0;;"BF22, BF23, COMPARADOR, COMP_FR, COMP_PT, RBE23, RBV22, RBV23, REVER242";"22/03/2024 18:34:40";100143644;"100046049
"
B130809A-S;2;"ALETAS SCUBAPRO JET SPORT AZUL T.S";"27/04/2010 11:53:34";84,99;122;100002778;"JOHNSON-OUTDOORS ";1;"SUBMARINISMO 2016, SUBMARINISMO 2015";"BF21, BF22, BF23, NEBE VENTA PRIORITARIA, OUTLET, RBE22, RBE23, RBE24, RBV22, RBV23, REVER242, RV21";"22/03/2024 18:34:40";417755;"32911
"
B130809-AXL;1;"ALETAS SCUBAPRO JET SPORT AZUL XL             ";"02/05/2022 11:22:10";68,99;122;100002778;"JOHNSON-OUTDOORS ";0;;"BF22, BF23, RBE23, RBV22, RBV23, REVER242";"22/03/2024 18:34:40";100143645;"100046049
"
B130809-BL;1;"ALETAS SCUBAPRO JET SPORT BLANCO L            ";"02/05/2022 11:22:10";68,99;122;100002778;"JOHNSON-OUTDOORS ";0;;"BF22, BF23, RBE23, RBV22, RBV23, REVER242";"22/03/2024 18:34:40";100143643;"100046049
"
B130809-BM;1;"ALETAS SCUBAPRO JET SPORT BLANCO M            ";"02/05/2022 11:22:10";68,99;122;100002778;"JOHNSON-OUTDOORS ";0;;"BF22, BF23, RBE23, RBV22, RBV23, REVER242";"22/03/2024 18:34:40";100143642;"100046049
"
B130809-BS;1;"ALETAS SCUBAPRO JET SPORT BLANCO S            ";"02/05/2022 11:22:10";68,99;122;100002778;"JOHNSON-OUTDOORS ";1;;"BF22, BF23, RBE23, RBV22, RBV23, REVER242";"22/03/2024 18:34:40";100143641;"100046049
"
B130809N-L;2;"ALETAS SCUBAPRO JET SPORT NEGRO T.L";"27/04/2010 11:51:23";84,99;122;100002778;"JOHNSON-OUTDOORS ";1;"SUBMARINISMO 2016, SUBMARINISMO 2015";"BF21, BF22, BF23, NEBE VENTA PRIORITARIA, OUTLET, RBE22, RBE23, RBE24, RBV22, RBV23, REVER242, RV21";"22/03/2024 18:34:40";417758;"32911
"
B130809N-M;2;"ALETAS SCUBAPRO JET SPORT NEGRO T.M";"27/04/2010 11:50:36";84,99;122;100002778;"JOHNSON-OUTDOORS ";1;"SUBMARINISMO 2016, SUBMARINISMO 2015";"BF23, OUTLET, RBE24, RBV23, REVER242";"22/03/2024 18:34:40";417759;"32911
"
B130809N-S;2;"ALETAS SCUBAPRO JET SPORT NEGRO T.S";"27/04/2010 11:48:45";84,99;122;100002778;"JOHNSON-OUTDOORS ";1;"SUBMARINISMO 2016, SUBMARINISMO 2015";"BF21, BF23, NEBE VENTA PRIORITARIA, OUTLET, RBE22, RBE24, RBV22, RBV23, REVER242, RV21";"30/10/2023 18:59:38";417761;"32911
"
B130809-NXL;1;"ALETAS SCUBAPRO JET SPORT NEGRO XL            ";"02/05/2022 11:22:10";68,99;122;100002778;"JOHNSON-OUTDOORS ";0;;"BF22, BF23, RBE23, RBV22, RBV23, REVER242";"22/03/2024 18:34:40";100143766;"100046075
"
B130809N-XS;2;"ALETAS SCUBAPRO JET SPORT NEGRO T.XS";"27/04/2010 11:49:30";84,99;122;100002778;"JOHNSON-OUTDOORS ";1;"SUBMARINISMO 2016, SUBMARINISMO 2015";"BF21, BF22, BF23, NEBE VENTA PRIORITARIA, OUTLET, RBE22, RBE23, RBE24, RBV22, RBV23, REVER242, RV21";;417760;"32911
"
B130812D-S;2;"ALETA AQUALUNG STRATOS AZUL T.S";"23/03/2012 11:49:29";54,99;61,42;1052;"AQUALUNG ESPAÑA,S.L.";1;"SUBMARINISMO 2016, SUBMARINISMO 2015";"NEBE VENTA PRIORITARIA, OUTLET, REVER242";;100002285;"100000943
"
B130816-AL;1;"GO FIN SPORT, AZUL L          ";"02/05/2022 9:39:31";98,99;140;100002778;"JOHNSON-OUTDOORS ";0;;"BF23, RBE23, RBE24, RBV22, REVER242";"22/03/2024 18:34:39";100144046;"100046138
"
B130816A-M;2;"ALETA SCUBAPRO GO SPORT AZUL T.M (SS91)";"07/03/2019 12:19:22";98,99;140;100002778;"JOHNSON-OUTDOORS ";1;;"BF21, BF22, BF23, OUTLET, RBE22, RBE23, RBE24, RBV22, RBV23, REVER242, RV21";"22/03/2024 18:34:39";100087585;"100029704
"
B130816-AML;1;"GO FIN SPORT, AMARILLO L      ";"02/05/2022 9:39:31";98,99;140;100002778;"JOHNSON-OUTDOORS ";0;;"BF23, RBE23, RBE24, RBV22, REVER242";"22/03/2024 18:34:39";100144042;"100046138
"
B130816AM-S;2;"ALETA SCUBAPRO GO SPORT AMARILLA T.S (SS91)";"07/03/2019 12:19:23";98,99;140;100002778;"JOHNSON-OUTDOORS ";1;;"BF21, BF22, BF23, OUTLET, RBE22, RBE23, RBE24, RBV22, RBV23, REVER242, RV21";"22/03/2024 18:34:39";100087571;"100029704
"
B130816-AMXL;1;"GO FIN SPORT, AMARILLO XL     ";"02/05/2022 9:39:31";98,99;140;100002778;"JOHNSON-OUTDOORS ";0;;"BF23, RBE23, RBE24, RBV22, REVER242";"22/03/2024 18:34:39";100144043;"100046138
"
B130816-AMXS;1;"GO FIN SPORT, AMARILLO XS     ";"02/05/2022 9:39:31";98,99;140;100002778;"JOHNSON-OUTDOORS ";0;;"BF23, RBE23, RBE24, RBV22, REVER242";"22/03/2024 18:34:39";100144041;"100046138
"
B130816-AS;1;"GO FIN SPORT, AZUL S          ";"02/05/2022 9:39:31";98,99;140;100002778;"JOHNSON-OUTDOORS ";0;;"BF23, RBE23, RBE24, RBV22, REVER242";"22/03/2024 18:34:39";100144045;"100046138
"
B130816-AXS;1;"GO FIN SPORT, AZUL XS         ";"02/05/2022 9:39:31";98,99;140;100002778;"JOHNSON-OUTDOORS ";0;;"BF23, RBE23, RBE24, RBV22, REVER242";"22/03/2024 18:34:39";100144044;"100046138
"
B130816-BL;1;"GO FIN SPORT, BLANCA L        ";"02/05/2022 9:39:31";98,99;140;100002778;"JOHNSON-OUTDOORS ";0;;"BF23, RBE23, RBE24, RBV22, REVER242";"22/03/2024 18:34:39";100144039;"100046138
"
B130816B-M;2;"ALETA SCUBAPRO GO SPORT BLANCA T.M (SS91)";"07/03/2019 12:19:23";98,99;140;100002778;"JOHNSON-OUTDOORS ";1;;"BF21, BF22, BF23, OUTLET, RBE22, RBE23, RBE24, RBV22, RBV23, REVER242, RV21";"22/03/2024 18:34:39";100087593;"100029704
"
B130816-BXL;1;"GO FIN SPORT, BLANCA XL       ";"02/05/2022 9:39:31";98,99;140;100002778;"JOHNSON-OUTDOORS ";0;;"BF23, RBE23, RBE24, RBV22, REVER242";"22/03/2024 18:34:39";100144040;"100046138
"
B130816-BXS;1;"GO FIN SPORT, BLANCA XS       ";"02/05/2022 9:39:31";98,99;140;100002778;"JOHNSON-OUTDOORS ";0;;"BF23, RBE23, RBE24, RBV22, REVER242";"22/03/2024 18:34:39";100144038;"100046138
"
B130816-NL;1;"GO FIN SPORT, NEGRA L         ";"02/05/2022 9:39:31";98,99;140;100002778;"JOHNSON-OUTDOORS ";0;;"BF23, RBE23, RBE24, RBV22, REVER242";"22/03/2024 18:34:39";100144037;"100046138
"
B130816-NS;1;"GO FIN SPORT, NEGRA  S        ";"02/05/2022 9:39:31";98,99;140;100002778;"JOHNSON-OUTDOORS ";0;;"BF23, RBE23, RBE24, RBV22, REVER242";"22/03/2024 18:34:39";100144036;"100046138
"
B130816-NXS;1;"GO FIN SPORT, NEGRA XS        ";"02/05/2022 9:39:30";98,99;140;100002778;"JOHNSON-OUTDOORS ";0;;"BF23, RBE23, RBE24, RBV22, REVER242";"22/03/2024 18:34:39";100144035;"100046138
"
B130816-TL;1;"GO FIN SPORT, TURQUESA L      ";"02/05/2022 9:39:31";98,99;140;100002778;"JOHNSON-OUTDOORS ";0;;"BF23, RBE23, RBE24, RBV22, REVER242";"22/03/2024 18:34:39";100144050;"100046138
"
B130816-TM;1;"GO FIN SPORT, TURQUESA M      ";"02/05/2022 9:39:31";98,99;140;100002778;"JOHNSON-OUTDOORS ";0;;"BF23, RBE23, RBE24, RBV22, REVER242";"22/03/2024 18:34:39";100144049;"100046138
"
B130816-TS;1;"GO FIN SPORT, TURQUESA S      ";"02/05/2022 9:39:31";98,99;140;100002778;"JOHNSON-OUTDOORS ";0;;"BF23, RBE23, RBE24, RBV22, REVER242";"22/03/2024 18:34:39";100144048;10005;"BF21, BF22, BF23, IRN21, NEBE VENTA PRIORITARIA, OUTLET, RBE23, RBE24, RBV22, RBV23, REVER242, RV21";;100026398;"100009958
"
B145701-32;2;"ESCARPIN KAILUA T.32 ";"17/03/2014 13:29:02";7,99;9,99;100002778;"JOHNSON-OUTDOORS ";1;;"BF22, BF23, OUTLET, RBE22, RBE23, RBE24, RBV22, RBV23, REVER242, RV21";;100017301;"100006679
"
B145723-L;2;"ESCARPIN SEAC SUB STANDARD HD 2,5MM T.L ";"17/03/2014 12:15:45";16,99;24;1208;"SEAC SUB S.p.A.";8;"SUBMARINISMO 2016, SUBMARINISMO 2015";"NEBE VENTA PRIORITARIA, OUTLET, RBE24, RBV23, REGALAR, REVER242";"14/02/2024 16:16:23";100016956;"100006495
"
B145723-M;2;"ESCARPIN SEAC SUB STANDARD HD 2,5MM T.M ";"17/03/2014 12:15:45";16,99;24;1208;"SEAC SUB S.p.A.";4;"SUBMARINISMO 2016, SUBMARINISMO 2015";"NEBE VENTA PRIORITARIA, OUTLET, RBE24, RBV23, REGALAR, REVER242";"14/02/2024 16:16:23";100016955;"100006495
"
B145723-S;2;"ESCARPIN SEAC SUB STANDARD HD 2,5MM T.S ";"17/03/2014 12:15:44";16,99;24;1208;"SEAC SUB S.p.A.";11;"SUBMARINISMO 2016, SUBMARINISMO 2015";"NEBE VENTA PRIORITARIA, OUTLET, RBE23, RBE24, RBV23, REGALAR, REVER242, RV21";"14/02/2024 16:16:23";100016954;"100006495
"
B145723-XL;2;"ESCARPIN SEAC SUB STANDARD HD 2,5MM T.XL ";"17/03/2014 12:15:45";16,99;24;1208;"SEAC SUB S.p.A.";2;"SUBMARINISMO 2016, SUBMARINISMO 2015";"NEBE VENTA PRIORITARIA, OUTLET, RBE24, RBV23, REGALAR, REVER242";"14/02/2024 16:16:23";100016957;"100006495
"
B145723-XS;2;"ESCARPIN SEAC SUB STANDARD HD 2,5MM T.XS ";"17/03/2014 12:15:44";16,99;24;1208;"SEAC SUB S.p.A.";11;"SUBMARINISMO 2016, SUBMARINISMO 2015";"BF22, BF23, NEBE VENTA PRIORITARIA, OUTLET, RBE22, RBE23, RBE24, RBV22, RBV23, REVER242, RV21";"14/02/2024 16:16:23";100016953;"100006495
"
B145723-XXL;2;"ESCARPIN SEAC SUB STANDARD HD 2,5MM T.XXL ";"17/03/2014 12:15:45";16,99;24;1208;"SEAC SUB S.p.A.";3;"SUBMARINISMO 2016, SUBMARINISMO 2015";"BF23, NEBE VENTA PRIORITARIA, OUTLET, RBE24, RBV23, REVER242";"14/02/2024 16:16:23";100016958;"100006495
"
B145727B-36;2;"CHANCLA ARENA URBAN SLIDE BLUE T.36 (SS91)";"05/11/2018 10:30:57";16,99;23,99;100002258;"ARSEREX, S.A.U.";1;;"BF21, BF22, BF23, OUTLET, RBE22, RBE23, RBE24, RBV22, RBV23, REVER242, RV21";;100089358;"100030178
"
B145727B-37;2;"CHANCLA ARENA URBAN SLIDE BLUE T.37 (SS91)";"05/11/2018 10:30:57";16,99;23,99;100002258;"ARSEREX, S.A.U.";1;;"BF21, BF22, BF23, OUTLET, RBE22, RBE23, RBE24, RBV22, RBV23, REVER242, RV21";;100089360;"100030178
"
B145727B-38;2;"CHANCLA ARENA URBAN SLIDE BLUE T.38 (SS91)";"05/11/2018 10:30:57";16,99;23,99;100002258;"ARSEREX, S.A.U.";1;;"BF21, BF22, BF23, OUTLET, RBE22, RBE23, RBE24, RBV22, RBV23, REVER242, RV21";;100089362;"100030178
"
B145727B-40;2;"CHANCLA ARENA URBAN SLIDE BLUE T.40 (SS91)";"05/11/2018 10:30:57";16,99;23,99;100002258;"ARSEREX, S.A.U.";1;;"BF21, BF22, BF23, OUTLET, RBE22, RBE23, RBE24, RBV22, RBV23, REVER242, RV21";;100089363;"100030178
"
B145727N-36;2;"CHANCLA ARENA URBAN SLIDE BLACK T.36 (SS91)";"05/11/2018 10:30:56";16,99;23,99;100002258;"ARSEREX, S.A.U.";2;;"BF21, BF22, BF23, OUTLET, RBE22, RBE23, RBE24, RBV22, RBV23, REVER242, RV21";;100089371;"100030178
"
B145727N-37;2;"CHANCLA ARENA URBAN SLIDE BLACK T.37 (SS91)";"05/11/2018 10:30:56";16,99;23,99;100002258;"ARSEREX, S.A.U.";1;;"BF21, BF22, BF23, OUTLET, RBE22, RBE23, RBE24, RBV22, RBV23, REVER242, RV21";;100089373;"100030178
"
B145727N-38;2;"CHANCLA ARENA URBAN SLIDE BLACK T.38 (SS91)";"05/11/2018 10:30:56";16,99;23,99;100002258;"ARSEREX, S.A.U.";1;;"BF21, BF22, BF23, OUTLET, RBE22, RBE23, RBE24, RBV22, RBV23, REVER242, RV21";;100089374;"100030178
"
B145727N-40;2;"CHANCLA ARENA URBAN SLIDE BLACK T.40 (SS91)";"05/11/2018 10:30:56";16,99;23,99;100002258;"ARSEREX, S.A.U.";1;;"BF21, BF22, BF23, OUTLET, RBE22, RBE23, RBE24, RBV22, RBV23, REVER242, RV21";;100089377;"100030178
"
B145728-25;2;"CALCETIN ARENA LATEX ROYAL T.0 (25-27) (SS91)";"05/11/2018 10:30:55";6,99;9,99;100002258;"ARSEREX, S.A.U.";1;;"BF22, BF23, OUTLET, RBE22, RBE23, RBE24, RBV22, RBV23, REVER242, RV21";;100082535;"100028136
"
B145728-28;2;"CALCETIN ARENA LATEX ROYAL T.1 (28-30) (SS91)";"05/11/2018 10:30:55";6,99;9,99;100002258;"ARSEREX, S.A.U.";3;;"BF22, BF23, OUTLET, RBE22, RBE23, RBE24, RBV22, RBV23, REVER242, RV21";;100082536;"100028136
"
B145728-31;2;"CALCETIN ARENA LATEX ROYAL T.2 (31-33) (SS91)";"05/11/2018 10:30:55";6,99;9,99;100002258;"ARSEREX, S.A.U.";8;;"BF22, BF23, OUTLET, RBE22, RBE23, RBE24, RBV22, RBV23, REVER242, RV21";;100082538;"100028136
"
B145728-34;2;"CALCETIN ARENA LATEX ROYAL T.3 (34-36) (SS91)";"05/11/2018 10:30:55";6,99;9,99;100002258;"ARSEREX, S.A.U.";9;;"BF22, BF23, OUTLET, RBE22, RBE23, RBE24, RBV22, RBV23, REVER242, RV21";;100082537;"100028136
"
B145728-37;2;"CALCETIN ARENA LATEX ROYAL T.4 (37-39) (SS91)";"05/11/2018 10:30:55";6,99;9,99;100002258;"ARSEREX, S.A.U.";2;;"BF21, BF22, BF23, OUTLET, RBE22, RBE23, RBE24, RBV22, RBV23, REVER242, RV21";;100082534;"100028136
"
B145730-10;2;"ESCARPIN MARES CLASSIC NG 5MM T.10 (SS91)";"09/01/2019 15:09:00";39,99;55,99;1057;"MARES, S.P.A";2;;"BF21, BF22, BF23, OUTLET, RBE24, RBV22, RBV23, REVER242, RV21";;100084889;"100028902
"
B145730-13;2;"ESCARPIN MARES CLASSIC NG 5MM T.13 (SS91)";"09/01/2019 15:09:00";39,99;55,99;1057;"MARES, S.P.A";1;;"BF21, BF22, BF23, OUTLET, RBE24, RBV22, RBV23, REVER242, RV21";;100084892;"100028902
"
B145730-5;2;"ESCARPIN MARES CLASSIC NG 5MM T.5 (SS91)";"09/01/2019 15:09:00";39,99;55,99;1057;"MARES, S.P.A";2;;"BF21, BF22, BF23, OUTLET, RBE24, RBV22, RBV23, REVER242, RV21";;100084884;"100028902
"
B145730-8;2;"ESCARPIN MARES CLASSIC NG 5MM T.8 (SS91)";"09/01/2019 15:09:00";39,99;55,99;1057;"MARES, S.P.A";1;;"BF21, BF22, BF23, OUTLET, RBE24, RBV22, RBV23, REVER242, RV21";;100084887;"100028902
"
B145730-9;2;"ESCARPIN MARES CLASSIC NG 5MM T.9 (SS91)";"09/01/2019 15:09:00";39,99;55,99;1057;"MARES, S.P.A";1;;"BF21, BF22, BF23, OUTLET, RBE24, RBV22, RBV23, REVER242, RV21";;100084888;"100028902
"
B145731-10;2;"ESCARPIN MARES EQUATOR 2MM T.10 (SS91)";"09/01/2019 15:09:00";22,99;32,99;1057;"MARES, S.P.A";1;;"CM22, CM23, OUTLET, RBV22, RBV23, REVER242, RV21";;100084897;"100028904
"
B145731-13;2;"ESCARPIN MARES EQUATOR 2MM T.13 (SS91)";"09/01/2019 15:09:00";22,99;32,99;1057;"MARES, S.P.A";2;;"BF23, CM22, CM23, OUTLET, RBE24, RBV22, RBV23, REVER242, RV21";;100084901;"100028904
"
B145731-5;2;"ESCARPIN MARES EQUATOR 2MM T.5 (SS91)";"09/01/2019 15:09:00";22,99;32,99;1057;"MARES, S.P.A";1;;"BF23, CM22, CM23, OUTLET, RBE24, RBV22, RBV23, REVER242, RV21";;100084893;"100028904
"
B145732-10;2;"ESCARPIN MARES FLEXA DS 5MM T.10 (SS91)";"09/01/2019 15:08:59";59,99;87,99;1057;"MARES, S.P.A";3;;"BF21, BF22, BF23, OUTLET, RBE24, RBV22, RBV23, REVER242, RV21";;100084910;"100028906
"
B145732-12;2;"ESCARPIN MARES FLEXA DS 5MM T.12 (SS91)";"09/01/2019 15:08:59";59,99;87,99;1057;"MARES, S.P.A";1;;"BF21, BF22, BF23, OUTLET, RBE24, RBV22, RBV23, REVER242, RV21";;100084912;"100028906
"
B145732-13;2;"ESCARPIN MARES FLEXA DS 5MM T.13 (SS91)";"09/01/2019 15:08:59";59,99;87,99;1057;"MARES, S.P.A";1;;"BF21, BF22, BF23, NEBE VENTA PRIORITARIA, OUTLET, RBE22, RBE24, RBV22, RBV23, REVER242, RV21";;100084913;"100028906
"
B145732-5;2;"ESCARPIN MARES FLEXA DS 5MM T.5 (SS91)";"09/01/2019 15:08:59";59,99;87,99;1057;"MARES, S.P.A";3;;"BF21, BF22, BF23, OUTLET, RBE22, RBE24, RBV22, RBV23, REVER242, RV21";;100084905;"100028906
"
B145732-6;2;"ESCARPIN MARES FLEXA DS 5MM T.6 (SS91)";"09/01/2019 15:08:59";59,99;87,99;1057;"MARES, S.P.A";1;;"BF21, BF22, BF23, OUTLET, RBE24, RBV22, RBV23, REVER242, RV21";;100084906;"100028906
"
B145732-9;2;"ESCARPIN MARES FLEXA DS 5MM T.9 (SS91)";"09/01/2019 15:08:59";59,99;87,99;1057;"MARES, S.P.A";1;;"BF21, BF22, BF23, OUTLET, RBV22, RBV23, REVER242, RV21";;100084909;"100028906
"
B145735-XL;2;"CALCETIN SCUBAPRO HYBRID SOCKS 2.5MM T.XL (43-44) (SS02)";"23/11/2019 12:04:04";18,99;22,99;100002778;"JOHNSON-OUTDOORS ";3;;"BF21, BF22, BF23, IRN21, OUTLET, RBE24, RBV23, REVER242, RV21";;100103775;"100034271
"
B145735-XXL;2;"CALCETIN SCUBAPRO HYBRID SOCKS 2.5MM T.XXL (45) (SS02)";"23/11/2019 12:04:04";18,99;22,99;100002778;"JOHNSON-OUTDOORS ";1;;"BF21, BF22, BF23, IRN21, RBE24, RBV23, REVER242, RV21";;100103776;"100034271
"
B145735-XXS;2;"CALCETIN SCUBAPRO HYBRID SOCKS 2.5MM T.XXS (36) (SS02)";"23/11/2019 12:04:04";18,99;22,99;100002778;"JOHNSON-OUTDOORS ";2;;"BF21, BF23, RBE24, RBV23, REVER242, RV21";;100103770;"100034271
"
B145735-XXXL;2;"CALCETIN SCUBAPRO HYBRID SOCKS 2.5MM T.XXXL (46-47) (SS02)";"23/11/2019 12:04:05";18,99;22,99;100002778;"JOHNSON-OUTDOORS ";1;;"BF21, BF23, IRN21, RBE24, RBV22, RBV23, REVER242, RV21";;100103777;"100034271
"
B130817-37;1;"ESCARPIN SCUBAPRO DELTA BOOT 5MM T.XS (37-38) (SS91)";"07/03/2019 12:38:52";42,99;62;100002778;"JOHNSON-OUTDOORS ";1;;"BF21, BF22, BF23, RBE23, RBE24, RBV22, RBV23, REGALAR, REVER242, RV21";"22/03/2024 18:34:39";100087620;"100029719
"
B130817-39;1;"ESCARPIN SCUBAPRO DELTA BOOT 5MM T.S (39) (SS91)";"07/03/2019 12:38:52";42,99;62;100002778;"JOHNSON-OUTDOORS ";1;;"BF22, BF23, RBE23, RBE24, RBV22, RBV23, REGALAR, REVER242, RV21";"22/03/2024 18:34:39";100087621;"100029719
"
B130817-40;1;"ESCARPIN SCUBAPRO DELTA BOOT 5MM T.M (40-41) (SS91)";"07/03/2019 12:38:52";42,99;62;100002778;"JOHNSON-OUTDOORS ";2;;"BF21, BF22, BF23, RBE22, RBE23, RBE24, RBV22, RBV23, REGALAR, REVER242, RV21";"22/03/2024 18:34:39";100087622;"100029719
"
B130817-42;1;"ESCARPIN SCUBAPRO DELTA BOOT 5MM T.L (42) (SS91)";"07/03/2019 12:38:52";42,99;62;100002778;"JOHNSON-OUTDOORS ";2;;"BF22, BF23, RBE23, RBE24, RBV22, RBV23, REGALAR, REVER242, RV21";"22/03/2024 18:34:39";100087623;"100029719
"
B130817-43;1;"ESCARPIN SCUBAPRO DELTA BOOT 5MM T.XL (43-44) (SS91)";"07/03/2019 12:38:52";42,99;62;100002778;"JOHNSON-OUTDOORS ";1;;"BF22, BF23, RBE23, RBV22, RBV23, REGALAR, REVER242";"22/03/2024 18:34:39";100087624;"100029719
"
B130817-45;1;"ESCARPIN SCUBAPRO DELTA BOOT 5MM T.2XL (45) (SS91)";"07/03/2019 12:38:52";42,99;62;100002778;"JOHNSON-OUTDOORS ";1;;"BF21, BF22, BF23, RBE23, RBE24, RBV22, RBV23, REGALAR, REVER242, RV21";"22/03/2024 18:34:39";100087625;"100029719
"
B130817-46;1;"ESCARPIN SCUBAPRO DELTA BOOT 5MM T.3XL (46-46) (SS91)";"07/03/2019 12:38:52";42,99;62;100002778;"JOHNSON-OUTDOORS ";1;;"BF21, BF22, BF23, COMPARADOR, COMP_FR, COMP_PT, RBE23, RBV22, RBV23, REGALAR, REVER242, RV21";"22/03/2024 18:34:39";100087626;"100029719
"
B130817-48;2;"ESCARPIN SCUBAPRO DELTA BOOT 5MM T.4XL (48) (SS91)";"07/03/2019 12:38:52";42,99;62;100002778;"JOHNSON-OUTDOORS ";1;;"BF21, BF22, BF23, NEBE VENTA PRIORITARIA, OUTLET, RBE22, RBE23, RBE24, RBV22, RBV23, REVER242, RV21";"22/03/2024 18:34:39";100087627;"100029719
"
B130909S;2;"ALETA AQUALUNG HOTSHOT GREEN T.S ";"29/10/2010 20:00:30";49,99;80,99;1052;"AQUALUNG ESPAÑA,S.L.";1;;"BF21, BF22, BF23, NEBE VENTA PRIORITARIA, OUTLET, RBE22, RBE23, RBE24, RBV22, RBV23, REVER242, RV21";;100012928;"100005423
"
B135101V;2;"TUBO SPORASUB BREEZE NEGRO/VERDE";"24/04/2015 18:48:07";9,99;17;1052;"AQUALUNG ESPAÑA,S.L.";6;;"BF23, OUTLET, RBE24, RBV23, REVER242, RV21";;100126092;"100040563
"
B135115-1;1;"TUBO SCUBAPRO SPECTRA PLATA/NEGRO";"04/05/2009 11:36:37";37,99;47,5;100002778;"JOHNSON-OUTDOORS ";4;"SUBMARINISMO 2016, SUBMARINISMO 2015";"BF21, BF22, BF23, CSW, IRN21, IRN22, RBE22, RBE23, RBE24, RBV22, RBV23, REGALAR, REVER242, SD21";"22/03/2024 18:34:40";412535;"22357
"
B135115-2;1;"TUBO SCUBAPRO SPECTRA AZUL METALICO/BLANCO";"17/04/2009 12:37:25";37,99;47,5;100002778;"JOHNSON-OUTDOORS ";1;"SUBMARINISMO 2016, SUBMARINISMO 2015";"BF21, BF22, BF23, CSW, IRN22, RBE22, RBE23, RBE24, RBV22, RBV23, REGALAR, REVER242, SD21";"22/03/2024 18:34:40";412536;"22357
"
B135115-3;1;"TUBO SCUBAPRO SPECTRA ROJO METALICO/BLANCO";"22/04/2009 18:27:37";37,99;47,5;100002778;"JOHNSON-OUTDOORS ";1;"SUBMARINISMO 2016, SUBMARINISMO 2015";"BF21, BF22, BF23, CSW, IRN21, IRN22, RBE22, RBE23, RBE24, RBV22, RBV23, REGALAR, REVER242, SD21";"22/03/2024 18:34:40";412537;"22357
"
B135115-5;1;"TUBO SCUBAPRO SPECTRA NARANJA/NEGRO";"22/04/2009 18:30:29";37,99;47,5;100002778;"JOHNSON-OUTDOORS ";2;"SUBMARINISMO 2016, SUBMARINISMO 2015";"BF21, BF22, BF23, CSW, IRN21, IRN22, RBE22, RBE23, RBE24, RBV22, RBV23, REGALAR, REVER242, SD21";"22/03/2024 18:34:40";412538;"22357
"
B135226WL;2;"TUBO MARES REBEL FLEX WHITE-LIME (SS81)";"08/05/2018 11:47:50";25,99;28;1057;"MARES, S.P.A";2;;"BF22, RBE24, REVER242, RV21";;100075122;"100025980
"
B145105-XXXS;2;"ESCARPÍN SIN SUELA SCUBAPRO 3MM T.XXXS (32-33)";"08/02/2010 17:25:32";17,99;22;100002778;"JOHNSON-OUTDOORS ";1;;"BF22, BF23, OUTLET, RBE22, RBE23, RBE24, RBV22, RBV23, REVER242, RV21";;417704;"32903
"
B145108-3XL;2;"ESCARPIN SCUBAPRO BASE BOOT T T.3XL ";"02/03/2016 11:48:45";25,99;32;100002778;"JOHNSON-OUTDOORS ";1;"SUBMARINISMO 2016";"BF21, BF22, BF23, OUTLET, RBE22, RBE23, RBE24, RBV22, RBV23, REVER242, RV21";;100033758;"100012820
"
B145110-XS;2;"ESCARPIN SIN SUELA BEUCHAT ELASKIN 2MM T.XS/S ";"08/04/2016 14:32:00";21,99;32;1059;"BEUCHAT SUB ESPAÑA, S.A.";1;"SUBMARINISMO 2016";"BF22, BF23, OUTLET, RBE22, RBE23, RBE24, RBV22, RBV23, REVER242, RV21";;100036983;"100013626
"
B145151-46;2;"ESCARPIN AQUALUNG SUPERZIP ERGO ELITE 5MM T.46 (SS71)";"14/03/2017 13:36:37";36;40;1052;"AQUALUNG ESPAÑA,S.L.";1;;"REVER242, RV21";;100049249;"100017994
"
B145230-5;2;"ESCARPIN SPETTON 5MM C/SUELA T.5";"19/04/2013 13:31:42";19,99;29;100000909;"SPETTON WORLD SL";1;"SUBMARINISMO 2016, SUBMARINISMO 2015";"BF21, BF22, NEBE VENTA PRIORITARIA, OUTLET, RBE22, RBE23, RBV22, REVER242, RV21";;100007783;"100003191
"
B145240L;1;"ESCARPIN LAVACORE T.L";"25/04/2013 14:15:45";34,99;39,95;1058;"TECNOMAR DIVING ";4;"SUBMARINISMO 2016, SUBMARINISMO 2015";"BF22, IRN21, RBE22, RBE24, RBV23, REVER242, RV21";"12/06/2024 16:03:12";100007682;"100003178
"
B145240M;1;"ESCARPIN LAVACORE T.M";"25/04/2013 14:15:45";34,99;39,95;1058;"TECNOMAR DIVING ";1;"SUBMARINISMO 2016, SUBMARINISMO 2015";"BF22, IRN21, RBE22, RBE24, RBV23, REVER242, RV21";"12/06/2024 16:03:12";100007681;"100003178
"
B145240S;1;"ESCARPIN LAVACORE T.S ";"25/04/2013 14:15:45";34,99;39,95;1058;"TECNOMAR DIVING ";2;"SUBMARINISMO 2016, SUBMARINISMO 2015";"BF22, IRN21, RBE22, RBE24, RBV23, REVER242, RV21";"12/06/2024 16:03:12";100007680;"100003178
"
B145240XL;2;"ESCARPIN LAVACORE T.XL";"25/04/2013 14:15:45";34,99;39,95;1058;"TECNOMAR DIVING ";4;"SUBMARINISMO 2016, SUBMARINISMO 2015";"BF23, IRN21, OUTLET, RBE22, RBE23, RBE24, RBV22, RBV23, REVER242, RV21";"12/06/2024 16:03:12";100007683;"100003178
"
B145612-L;1;"ESCARPIN CRESSI CON SUELA ULTRASPAN 5 MM T.L";"30/03/2011 15:16:46";41,99;52;1053;"CRESSI-SUB ESPAÑA, S.A.";9;"SUBMARINISMO 2016, SUBMARINISMO 2015";"BF22, CSW, RBE24, REGALAR, REVER242, RV21";"03/04/2024 13:47:03";426208;"34215
"
B145612-M;1;"ESCARPIN CRESSI CON SUELA ULTRASPAN 5 MM T.M";"30/03/2011 15:16:46";41,99;52;1053;"CRESSI-SUB ESPAÑA, S.A.";4;"SUBMARINISMO 2016, SUBMARINISMO 2015";"BF22, CSW, RBE24, REGALAR, REVER242, RV21";"03/04/2024 13:47:03";426209;"34215
"
B145612-S;1;"ESCARPIN CRESSI CON SUELA ULTRASPAN 5 MM T.S";"30/03/2011 15:16:46";41,99;52;1053;"CRESSI-SUB ESPAÑA, S.A.";6;"SUBMARINISMO 2016, SUBMARINISMO 2015";"BF22, RBE24, REGALAR, REVER242, RV21";"03/04/2024 13:47:03";426210;"34215
"
B145612-XL;1;"ESCARPIN CRESSI CON SUELA ULTRASPAN 5 MM T.XL";"30/03/2011 15:16:46";41,99;52;1053;"CRESSI-SUB ESPAÑA, S.A.";4;"SUBMARINISMO 2016, SUBMARINISMO 2015";"BF22, CSW, RBE24, REGALAR, REVER242, RV21";"03/04/2024 13:47:03";426207;"34215
"
B145612-XS;1;"ESCARPIN CRESSI CON SUELA ULTRASPAN 5 MM T.XS";"30/03/2011 15:16:45";41,99;52;1053;"CRESSI-SUB ESPAÑA, S.A.";5;"SUBMARINISMO 2016, SUBMARINISMO 2015";"BF22, NEBE VENTA PRIORITARIA, RBE24, REGALAR, REVER242, RV21";"03/04/2024 13:47:03";426211;"34215
"
B145612-XXL;1;"ESCARPIN CRESSI CON SUELA ULTRASPAN 5 MM T.XXL";"30/03/2011 15:16:46";41,99;52;1053;"CRESSI-SUB ESPAÑA, S.A.";3;"SUBMARINISMO 2016, SUBMARINISMO 2015";"BF22, CSW, RBE24, REGALAR, REVER242, RV21";"03/04/2024 13:47:03";426206;"34215
"
B145615-1;2;"ESCARPIN OMER BIFORRADO 3MM T.1 ";"24/04/2015 18:48:05";15,99;29;1052;"AQUALUNG ESPAÑA,S.L.";7;"SUBMARINISMO 2016, SUBMARINISMO 2015";"BF21, BF22, BF23, IRN21, NEBE VENTA PRIORITARIA, OUTLET, RBE23, RBE24, RBV22, RBV23, REVER242, RV21";;100026392;"100009958
"
B145615-2;2;"ESCARPIN OMER BIFORRADO 3MM T.2 ";"24/04/2015 18:48:05";15,99;29;1052;"AQUALUNG ESPAÑA,S.L.";13;"SUBMARINISMO 2016, SUBMARINISMO 2015";"BF21, BF22, BF23, IRN21, NEBE VENTA PRIORITARIA, OUTLET, RBE23, RBE24, RBV22, RBV23, REVER242, RV21";;100026393;"100009958
"
B145615-3;2;"ESCARPIN OMER BIFORRADO 3MM T.3 ";"24/04/2015 18:48:05";15,99;29;1052;"AQUALUNG ESPAÑA,S.L.";11;"SUBMARINISMO 2016, SUBMARINISMO 2015";"BF21, BF22, BF23, IRN21, NEBE VENTA PRIORITARIA, OUTLET, RBE23, RBE24, RBV23, REVER242, RV21";;100026394;"100009958
"
B145615-4;2;"ESCARPIN OMER BIFORRADO 3MM T.4 ";"24/04/2015 18:48:05";15,99;29;1052;"AQUALUNG ESPAÑA,S.L.";7;"SUBMARINISMO 2016, SUBMARINISMO 2015";"BF21, BF22, BF23, IRN21, NEBE VENTA PRIORITARIA, OUTLET, RBE23, RBE24, RBV23, REVER242, RV21";;100026395;"100009958
"
B145615-5;2;"ESCARPIN OMER BIFORRADO 3MM T.5 ";"24/04/2015 18:48:05";15,99;25;1052;"AQUALUNG ESPAÑA,S.L.";10;"SUBMARINISMO 2016, SUBMARINISMO 2015";"BF21, BF22, BF23, IRN21, NEBE VENTA PRIORITARIA, OUTLET, RBE23, RBE24, RBV22, RBV23, REVER242, RV21";"20/02/2024 13:54:15";100026397;"100009958
"
B145615-6;2;"ESCARPIN OMER BIFORRADO 3MM T.6 ";"24/04/2015 18:48:05";15,99;29;1052;"AQUALUNG ESPAÑA,S.L.";2;"SUBMARINISMO 2016, SUBMARINISMO 2015";"BF21, BF22, BF23, IRN21, NEBE VENTA PRIORITARIA, OUTLET, RBE23, RBE24, RBV22, RBV23, REVER242, RV21";;100026398;"100009958
"
B145701-32;2;"ESCARPIN KAILUA T.32 ";"17/03/2014 13:29:02";7,99;9,99;100002778;"JOHNSON-OUTDOORS ";1;;"BF22, BF23, OUTLET, RBE22, RBE23, RBE24, RBV22, RBV23, REVER242, RV21";;100017301;"100006679
"
B145723-L;2;"ESCARPIN SEAC SUB STANDARD HD 2,5MM T.L ";"17/03/2014 12:15:45";16,99;24;1208;"SEAC SUB S.p.A.";8;"SUBMARINISMO 2016, SUBMARINISMO 2015";"NEBE VENTA PRIORITARIA, OUTLET, RBE24, RBV23, REGALAR, REVER242";"14/02/2024 16:16:23";100016956;"100006495
"
B145723-M;2;"ESCARPIN SEAC SUB STANDARD HD 2,5MM T.M ";"17/03/2014 12:15:45";16,99;24;1208;"SEAC SUB S.p.A.";4;"SUBMARINISMO 2016, SUBMARINISMO 2015";"NEBE VENTA PRIORITARIA, OUTLET, RBE24, RBV23, REGALAR, REVER242";"14/02/2024 16:16:23";100016955;"100006495
"
B145723-S;2;"ESCARPIN SEAC SUB STANDARD HD 2,5MM T.S ";"17/03/2014 12:15:44";16,99;24;1208;"SEAC SUB S.p.A.";11;"SUBMARINISMO 2016, SUBMARINISMO 2015";"NEBE VENTA PRIORITARIA, OUTLET, RBE23, RBE24, RBV23, REGALAR, REVER242, RV21";"14/02/2024 16:16:23";100016954;"100006495
"
B145723-XL;2;"ESCARPIN SEAC SUB STANDARD HD 2,5MM T.XL ";"17/03/2014 12:15:45";16,99;24;1208;"SEAC SUB S.p.A.";2;"SUBMARINISMO 2016, SUBMARINISMO 2015";"NEBE VENTA PRIORITARIA, OUTLET, RBE24, RBV23, REGALAR, REVER242";"14/02/2024 16:16:23";100016957;"100006495
"
B145723-XS;2;"ESCARPIN SEAC SUB STANDARD HD 2,5MM T.XS ";"17/03/2014 12:15:44";16,99;24;1208;"SEAC SUB S.p.A.";11;"SUBMARINISMO 2016, SUBMARINISMO 2015";"BF22, BF23, NEBE VENTA PRIORITARIA, OUTLET, RBE22, RBE23, RBE24, RBV22, RBV23, REVER242, RV21";"14/02/2024 16:16:23";100016953;"100006495
"
B145723-XXL;2;"ESCARPIN SEAC SUB STANDARD HD 2,5MM T.XXL ";"17/03/2014 12:15:45";16,99;24;1208;"SEAC SUB S.p.A.";3;"SUBMARINISMO 2016, SUBMARINISMO 2015";"BF23, NEBE VENTA PRIORITARIA, OUTLET, RBE24, RBV23, REVER242";"14/02/2024 16:16:23";100016958;"100006495
"
B145727B-36;2;"CHANCLA ARENA URBAN SLIDE BLUE T.36 (SS91)";"05/11/2018 10:30:57";16,99;23,99;100002258;"ARSEREX, S.A.U.";1;;"BF21, BF22, BF23, OUTLET, RBE22, RBE23, RBE24, RBV22, RBV23, REVER242, RV21";;100089358;"100030178
"
B145727B-37;2;"CHANCLA ARENA URBAN SLIDE BLUE T.37 (SS91)";"05/11/2018 10:30:57";16,99;23,99;100002258;"ARSEREX, S.A.U.";1;;"BF21, BF22, BF23, OUTLET, RBE22, RBE23, RBE24, RBV22, RBV23, REVER242, RV21";;100089360;"100030178
"
B145727B-38;2;"CHANCLA ARENA URBAN SLIDE BLUE T.38 (SS91)";"05/11/2018 10:30:57";16,99;23,99;100002258;"ARSEREX, S.A.U.";1;;"BF21, BF22, BF23, OUTLET, RBE22, RBE23, RBE24, RBV22, RBV23, REVER242, RV21";;100089362;"100030178
"
B145727B-40;2;"CHANCLA ARENA URBAN SLIDE BLUE T.40 (SS91)";"05/11/2018 10:30:57";16,99;23,99;100002258;"ARSEREX, S.A.U.";1;;"BF21, BF22, BF23, OUTLET, RBE22, RBE23, RBE24, RBV22, RBV23, REVER242, RV21";;100089363;"100030178
"
B145727N-36;2;"CHANCLA ARENA URBAN SLIDE BLACK T.36 (SS91)";"05/11/2018 10:30:56";16,99;23,99;100002258;"ARSEREX, S.A.U.";2;;"BF21, BF22, BF23, OUTLET, RBE22, RBE23, RBE24, RBV22, RBV23, REVER242, RV21";;100089371;"100030178
"
B145727N-37;2;"CHANCLA ARENA URBAN SLIDE BLACK T.37 (SS91)";"05/11/2018 10:30:56";16,99;23,99;100002258;"ARSEREX, S.A.U.";1;;"BF21, BF22, BF23, OUTLET, RBE22, RBE23, RBE24, RBV22, RBV23, REVER242, RV21";;100089373;"100030178
"
B145727N-38;2;"CHANCLA ARENA URBAN SLIDE BLACK T.38 (SS91)";"05/11/2018 10:30:56";16,99;23,99;100002258;"ARSEREX, S.A.U.";1;;"BF21, BF22, BF23, OUTLET, RBE22, RBE23, RBE24, RBV22, RBV23, REVER242, RV21";;100089374;"100030178
"
B145727N-40;2;"CHANCLA ARENA URBAN SLIDE BLACK T.40 (SS91)";"05/11/2018 10:30:56";16,99;23,99;100002258;"ARSEREX, S.A.U.";1;;"BF21, BF22, BF23, OUTLET, RBE22, RBE23, RBE24, RBV22, RBV23, REVER242, RV21";;100089377;"100030178
"
B145728-25;2;"CALCETIN ARENA LATEX ROYAL T.0 (25-27) (SS91)";"05/11/2018 10:30:55";6,99;9,99;100002258;"ARSEREX, S.A.U.";1;;"BF22, BF23, OUTLET, RBE22, RBE23, RBE24, RBV22, RBV23, REVER242, RV21";;100082535;"100028136
"
B145728-28;2;"CALCETIN ARENA LATEX ROYAL T.1 (28-30) (SS91)";"05/11/2018 10:30:55";6,99;9,99;100002258;"ARSEREX, S.A.U.";3;;"BF22, BF23, OUTLET, RBE22, RBE23, RBE24, RBV22, RBV23, REVER242, RV21";;100082536;"100028136
"
B145728-31;2;"CALCETIN ARENA LATEX ROYAL T.2 (31-33) (SS91)";"05/11/2018 10:30:55";6,99;9,99;100002258;"ARSEREX, S.A.U.";8;;"BF22, BF23, OUTLET, RBE22, RBE23, RBE24, RBV22, RBV23, REVER242, RV21";;100082538;"100028136
"
B145728-34;2;"CALCETIN ARENA LATEX ROYAL T.3 (34-36) (SS91)";"05/11/2018 10:30:55";6,99;9,99;100002258;"ARSEREX, S.A.U.";9;;"BF22, BF23, OUTLET, RBE22, RBE23, RBE24, RBV22, RBV23, REVER242, RV21";;100082537;"100028136
"
B145728-37;2;"CALCETIN ARENA LATEX ROYAL T.4 (37-39) (SS91)";"05/11/2018 10:30:55";6,99;9,99;100002258;"ARSEREX, S.A.U.";2;;"BF21, BF22, BF23, OUTLET, RBE22, RBE23, RBE24, RBV22, RBV23, REVER242, RV21";;100082534;"100028136
"
B145730-10;2;"ESCARPIN MARES CLASSIC NG 5MM T.10 (SS91)";"09/01/2019 15:09:00";39,99;55,99;1057;"MARES, S.P.A";2;;"BF21, BF22, BF23, OUTLET, RBE24, RBV22, RBV23, REVER242, RV21";;100084889;"100028902
"
B145730-13;2;"ESCARPIN MARES CLASSIC NG 5MM T.13 (SS91)";"09/01/2019 15:09:00";39,99;55,99;1057;"MARES, S.P.A";1;;"BF21, BF22, BF23, OUTLET, RBE24, RBV22, RBV23, REVER242, RV21";;100084892;"100028902
"
B145730-5;2;"ESCARPIN MARES CLASSIC NG 5MM T.5 (SS91)";"09/01/2019 15:09:00";39,99;55,99;1057;"MARES, S.P.A";2;;"BF21, BF22, BF23, OUTLET, RBE24, RBV22, RBV23, REVER242, RV21";;100084884;"100028902
"
B145730-8;2;"ESCARPIN MARES CLASSIC NG 5MM T.8 (SS91)";"09/01/2019 15:09:00";39,99;55,99;1057;"MARES, S.P.A";1;;"BF21, BF22, BF23, OUTLET, RBE24, RBV22, RBV23, REVER242, RV21";;100084887;"100028902
"
B145730-9;2;"ESCARPIN MARES CLASSIC NG 5MM T.9 (SS91)";"09/01/2019 15:09:00";39,99;55,99;1057;"MARES, S.P.A";1;;"BF21, BF22, BF23, OUTLET, RBE24, RBV22, RBV23, REVER242, RV21";;100084888;"100028902
"
B145731-10;2;"ESCARPIN MARES EQUATOR 2MM T.10 (SS91)";"09/01/2019 15:09:00";22,99;32,99;1057;"MARES, S.P.A";1;;"CM22, CM23, OUTLET, RBV22, RBV23, REVER242, RV21";;100084897;"100028904
"
B145731-13;2;"ESCARPIN MARES EQUATOR 2MM T.13 (SS91)";"09/01/2019 15:09:00";22,99;32,99;1057;"MARES, S.P.A";2;;"BF23, CM22, CM23, OUTLET, RBE24, RBV22, RBV23, REVER242, RV21";;100084901;"100028904
"
B145731-5;2;"ESCARPIN MARES EQUATOR 2MM T.5 (SS91)";"09/01/2019 15:09:00";22,99;32,99;1057;"MARES, S.P.A";1;;"BF23, CM22, CM23, OUTLET, RBE24, RBV22, RBV23, REVER242, RV21";;100084893;"100028904
"
B145732-10;2;"ESCARPIN MARES FLEXA DS 5MM T.10 (SS91)";"09/01/2019 15:08:59";59,99;87,99;1057;"MARES, S.P.A";3;;"BF21, BF22, BF23, OUTLET, RBE24, RBV22, RBV23, REVER242, RV21";;100084910;"100028906
"
B145732-12;2;"ESCARPIN MARES FLEXA DS 5MM T.12 (SS91)";"09/01/2019 15:08:59";59,99;87,99;1057;"MARES, S.P.A";1;;"BF21, BF22, BF23, OUTLET, RBE24, RBV22, RBV23, REVER242, RV21";;100084912;"100028906
"
B145732-13;2;"ESCARPIN MARES FLEXA DS 5MM T.13 (SS91)";"09/01/2019 15:08:59";59,99;87,99;1057;"MARES, S.P.A";1;;"BF21, BF22, BF23, NEBE VENTA PRIORITARIA, OUTLET, RBE22, RBE24, RBV22, RBV23, REVER242, RV21";;100084913;"100028906
"
B145732-5;2;"ESCARPIN MARES FLEXA DS 5MM T.5 (SS91)";"09/01/2019 15:08:59";59,99;87,99;1057;"MARES, S.P.A";3;;"BF21, BF22, BF23, OUTLET, RBE22, RBE24, RBV22, RBV23, REVER242, RV21";;100084905;"100028906
"
B145732-6;2;"ESCARPIN MARES FLEXA DS 5MM T.6 (SS91)";"09/01/2019 15:08:59";59,99;87,99;1057;"MARES, S.P.A";1;;"BF21, BF22, BF23, OUTLET, RBE24, RBV22, RBV23, REVER242, RV21";;100084906;"100028906
"
B145732-9;2;"ESCARPIN MARES FLEXA DS 5MM T.9 (SS91)";"09/01/2019 15:08:59";59,99;87,99;1057;"MARES, S.P.A";1;;"BF21, BF22, BF23, OUTLET, RBV22, RBV23, REVER242, RV21";;100084909;"100028906
"
B145735-XL;2;"CALCETIN SCUBAPRO HYBRID SOCKS 2.5MM T.XL (43-44) (SS02)";"23/11/2019 12:04:04";18,99;22,99;100002778;"JOHNSON-OUTDOORS ";3;;"BF21, BF22, BF23, IRN21, OUTLET, RBE24, RBV23, REVER242, RV21";;100103775;"100034271
"
B145735-XXL;2;"CALCETIN SCUBAPRO HYBRID SOCKS 2.5MM T.XXL (45) (SS02)";"23/11/2019 12:04:04";18,99;22,99;100002778;"JOHNSON-OUTDOORS ";1;;"BF21, BF22, BF23, IRN21, RBE24, RBV23, REVER242, RV21";;100103776;"100034271
"
B145735-XXS;2;"CALCETIN SCUBAPRO HYBRID SOCKS 2.5MM T.XXS (36) (SS02)";"23/11/2019 12:04:04";18,99;22,99;100002778;"JOHNSON-OUTDOORS ";2;;"BF21, BF23, RBE24, RBV23, REVER242, RV21";;100103770;"100034271
"
B145735-XXXL;2;"CALCETIN SCUBAPRO HYBRID SOCKS 2.5MM T.XXXL (46-47) (SS02)";"23/11/2019 12:04:05";18,99;22,99;100002778;"JOHNSON-OUTDOORS ";1;;"BF21, BF23, IRN21, RBE24, RBV22, RBV23, REVER242, RV21";;100103777;"100034271
"
B145735-XXXS;2;"CALCETIN SCUBAPRO HYBRID SOCKS 2.5MM T.XXXS (35) (SS02)";"23/11/2019 12:04:04";18,99;22,99;100002778;"JOHNSON-OUTDOORS ";2;;"BF21, BF22, BF23, IRN21, OUTLET, RBE24, RBV22, RBV23, REVER242, RV21";;100103769;"100034271
"
B145735-XXXXL;2;"CALCETIN SCUBAPRO HYBRID SOCKS 2.5MM T.XXXXL (48) (SS02)";"23/11/2019 12:04:05";18,99;22,99;100002778;"JOHNSON-OUTDOORS ";1;;"BF21, BF23, RBE24, RBV23, REVER242, RV21";;100103778;"100034271
"
B145870-30;2;"ZAPATILLA SCUBAPRO KAILUA T.30 ";"02/03/2016 11:48:45";13,99;17,5;100002778;"JOHNSON-OUTDOORS ";2;"SUBMARINISMO 2016";"BF21, BF22, BF23, COMUNIONES, OUTLET, RBE24, RBV22, RBV23, REVER242, RV21";"22/03/2024 18:34:39";100033761;"100012825
"
B145870-31;2;"ZAPATILLA SCUBAPRO KAILUA T.31 ";"02/03/2016 11:48:45";13,99;17,5;100002778;"JOHNSON-OUTDOORS ";2;"SUBMARINISMO 2016";"BF21, BF22, BF23, COMUNIONES, OUTLET, RBE24, RBV22, RBV23, REVER242, RV21";"22/03/2024 18:34:39";100033762;"100012825
"
B145870-32;2;"ZAPATILLA SCUBAPRO KAILUA T.32 ";"02/03/2016 11:48:45";13,99;17,5;100002778;"JOHNSON-OUTDOORS ";1;"SUBMARINISMO 2016";"BF21, BF22, BF23, COMUNIONES, OUTLET, RBE24, RBV22, RBV23, REVER242, RV21";"22/03/2024 18:34:39";100033763;"100012825
"
B145870-33;2;"ZAPATILLA SCUBAPRO KAILUA T.33 ";"02/03/2016 11:48:45";13,99;17,5;100002778;"JOHNSON-OUTDOORS ";2;"SUBMARINISMO 2016";"BF21, BF22, BF23, COMUNIONES, OUTLET, RBE24, RBV22, RBV23, REVER242, RV21";"22/03/2024 18:34:39";100033764;"100012825
"
B145870-34;2;"ZAPATILLA SCUBAPRO KAILUA T.34 ";"02/03/2016 11:48:45";13,99;17,5;100002778;"JOHNSON-OUTDOORS ";1;"SUBMARINISMO 2016";"BF21, BF22, BF23, COMUNIONES, OUTLET, RBE24, RBV22, RBV23, REVER242, RV21";"22/03/2024 18:34:39";100033765;"100012825
"
B145870-35;2;"ZAPATILLA SCUBAPRO KAILUA T.35 ";"02/03/2016 11:48:45";13,99;17,5;100002778;"JOHNSON-OUTDOORS ";1;"SUBMARINISMO 2016";"BF21, BF22, BF23, COMUNIONES, OUTLET, RBE24, RBV22, RBV23, REVER242, RV21";"22/03/2024 18:34:39";100033767;"100012825
"
B145870-36;2;"ZAPATILLA SCUBAPRO KAILUA T.36 ";"02/03/2016 11:48:45";13,99;17,5;100002778;"JOHNSON-OUTDOORS ";2;"SUBMARINISMO 2016";"BF21, BF22, BF23, COMUNIONES, OUTLET, RBE24, RBV22, RBV23, REVER242, RV21";"22/03/2024 18:34:39";100033768;"100012825
"
B145870-38;2;"ZAPATILLA SCUBAPRO KAILUA T.38 ";"02/03/2016 11:48:45";13,99;17,5;100002778;"JOHNSON-OUTDOORS ";1;"SUBMARINISMO 2016";"BF21, BF22, BF23, COMUNIONES, OUTLET, RBE24, RBV22, RBV23, REVER242, RV21";"22/03/2024 18:34:39";100033770;"100012825
"
B145870-40;2;"ZAPATILLA SCUBAPRO KAILUA T.40 ";"02/03/2016 11:48:46";13,99;17,5;100002778;"JOHNSON-OUTDOORS ";1;"SUBMARINISMO 2016";"BF21, BF22, BF23, COMUNIONES, OUTLET, RBE24, RBV22, RBV23, REVER242, RV21";"22/03/2024 18:34:39";100033772;"100012825
"
B145870-41;2;"ZAPATILLA SCUBAPRO KAILUA T.41 (1620)";"02/03/2016 11:48:46";13,99;17,5;100002778;"JOHNSON-OUTDOORS ";2;"SUBMARINISMO 2016";"BF21, BF22, BF23, COMUNIONES, OUTLET, RBE24, RBV22, RBV23, REVER242, RV21";"22/03/2024 18:34:39";100033773;"100012825
"
B145870-42;2;"ZAPATILLA SCUBAPRO KAILUA T.42 ";"02/03/2016 11:48:46";13,99;17,5;100002778;"JOHNSON-OUTDOORS ";2;"SUBMARINISMO 2016";"BF21, BF22, BF23, COMUNIONES, OUTLET, RBE24, RBV22, RBV23, REVER242, RV21";"22/03/2024 18:34:39";100033774;"100012825
"
B145870-45;2;"ZAPATILLA SCUBAPRO KAILUA T.45 ";"02/03/2016 11:48:46";13,99;17,5;100002778;"JOHNSON-OUTDOORS ";1;"SUBMARINISMO 2016";"BF21, BF22, BF23, COMUNIONES, OUTLET, RBE24, RBV22, RBV23, REVER242, RV21";"22/03/2024 18:34:39";100033778;"100012825
"
B145870-46;2;"ZAPATILLA SCUBAPRO KAILUA T.46 ";"02/03/2016 11:48:46";13,99;17,5;100002778;"JOHNSON-OUTDOORS ";1;"SUBMARINISMO 2016";"BF21, BF22, BF23, COMUNIONES, OUTLET, RBE24, RBV22, RBV23, REVER242, RV21";"22/03/2024 18:34:39";100033777;"100012825
"
B1459034;2;"ZAPATILLAS PISCINERAS T.34";"25/03/2008 16:49:04";9,99;15,99;1053;"CRESSI-SUB ESPAÑA, S.A.";1;;"BF21, BF23, OUTLET, RBE24, RBV23, REVER242, RV21";;100134578;"100018472
"
B1459035;2;"ZAPATILLAS PISCINERAS T.35";"02/03/2005 10:28:23";9,99;15,99;1053;"CRESSI-SUB ESPAÑA, S.A.";1;;"BF23, OUTLET, RBE24, RBV23, REVER242";;100175331;"100018472
"
B145913-35;2;"CHANCLA DE PISCINA CRESSI LUX T.35";"17/02/2009 17:34:54";14,99;20;1053;"CRESSI-SUB ESPAÑA, S.A.";1;"SUBMARINISMO 2016, SUBMARINISMO 2015";"BF22, BF23, OUTLET, RBE23, RBE24, RBV22, RBV23, REVER242, RV21";;412627;"22411
"
B150131-L;2;"GUANTE SEAC SUB DRY SEAL 300 T.L ";"17/03/2014 12:12:17";57,9;79,99;1208;"SEAC SUB S.p.A.";1;"SUBMARINISMO 2016, SUBMARINISMO 2015";"BF21, BF22, BF23, NEBE VENTA PRIORITARIA, OUTLET, RBE23, RBE24, RBV22, RBV23, REVER242, RV21";;100016931;"100006490
"
B150131-S;2;"GUANTE SEAC SUB DRY SEAL 300 T.S ";"17/03/2014 12:12:17";57,9;79,99;1208;"SEAC SUB S.p.A.";1;"SUBMARINISMO 2016, SUBMARINISMO 2015";"BF21, BF22, BF23, NEBE VENTA PRIORITARIA, OUTLET, RBE23, RBE24, RBV22, RBV23, REVER242, RV21";;100016929;"100006490
"
B150131-XL;2;"GUANTE SEAC SUB DRY SEAL 300 T.XL ";"17/03/2014 12:12:17";57,9;79,99;1208;"SEAC SUB S.p.A.";3;"SUBMARINISMO 2016, SUBMARINISMO 2015";"BF21, BF22, BF23, NEBE VENTA PRIORITARIA, OUTLET, RBE23, RBE24, RBV22, RBV23, REVER242, RV21";;100016932;"100006490
"
B150132-L;2;"GUANTE SEAC SUB DRY SEAL 500 T.L ";"17/03/2014 12:12:18";49,99;70;1208;"SEAC SUB S.p.A.";2;"SUBMARINISMO 2016, SUBMARINISMO 2015";"BF21, BF22, BF23, NEBE VENTA PRIORITARIA, OUTLET, RBE23, RBE24, RBV22, RBV23, REVER242, RV21";"14/02/2024 16:16:23";100016936;"100006491
"
B150132-M;2;"GUANTE SEAC SUB DRY SEAL 500 T.M ";"17/03/2014 12:12:18";49,99;70;1208;"SEAC SUB S.p.A.";4;"SUBMARINISMO 2016, SUBMARINISMO 2015";"BF21, BF22, BF23, NEBE VENTA PRIORITARIA, OUTLET, RBE23, RBE24, RBV22, RBV23, REVER242, RV21";"14/02/2024 16:16:23";100016935;"100006491
"
B150132-S;2;"GUANTE SEAC SUB DRY SEAL 500 T.S ";"17/03/2014 12:12:18";49,99;70;1208;"SEAC SUB S.p.A.";3;"SUBMARINISMO 2016, SUBMARINISMO 2015";"BF21, BF22, BF23, NEBE VENTA PRIORITARIA, OUTLET, RBE23, RBE24, RBV22, RBV23, REVER242, RV21";"14/02/2024 16:16:23";100016934;"100006491
"
B150132-XL;2;"GUANTE SEAC SUB DRY SEAL 500 T.XL ";"17/03/2014 12:12:18";49,99;70;1208;"SEAC SUB S.p.A.";2;"SUBMARINISMO 2016, SUBMARINISMO 2015";"BF21, BF22, BF23, NEBE VENTA PRIORITARIA, OUTLET, RBE23, RBE24, RBV22, RBV23, REVER242, RV21";"14/02/2024 16:16:23";100016937;"100006491
"
B150512-L;2;"GUANTE AQUALUNG VELOCITY 2MM T.L (SS71)";"14/03/2017 13:36:36";25,99;32;1052;"AQUALUNG ESPAÑA,S.L.";35;;"BF22, CM22, CM23, IRN21, NEBE VENTA PRIORITARIA, RBE24, RBV23, REGALAR, REVER242, RV21";"03/01/2023 10:08:26";100049282;"100018002
"
B150512-M;2;"GUANTE AQUALUNG VELOCITY 2MM T.M (SS71)";"14/03/2017 13:36:36";25,99;32;1052;"AQUALUNG ESPAÑA,S.L.";29;;"BF22, BF23, CM22, CM23, NEBE VENTA PRIORITARIA, OUTLET, RBE24, RBV23, REVER242, RV21";"03/01/2023 10:08:26";100049281;"100018002
"
B150512-S;2;"GUANTE AQUALUNG VELOCITY 2MM T.S (SS71)";"14/03/2017 13:36:36";25,99;32;1052;"AQUALUNG ESPAÑA,S.L.";34;;"BF22, BF23, CM22, CM23, IRN21, NEBE VENTA PRIORITARIA, OUTLET, RBE24, RBV23, REVER242, RV21";"20/06/2022 10:21:46";100049280;"100018002
"
B150512-XL;2;"GUANTE AQUALUNG VELOCITY 2MM T.XL (SS71)";"14/03/2017 13:36:36";25,99;32;1052;"AQUALUNG ESPAÑA,S.L.";8;;"BF22, CM22, CM23, IRN21, NEBE VENTA PRIORITARIA, RBE24, RBV23, REGALAR, REVER242, RV21";"03/01/2023 10:08:26";100049283;"100018002
"
B150512-XS;2;"GUANTE AQUALUNG VELOCITY 2MM T.XS (SS71)";"14/03/2017 13:36:36";25,99;32;1052;"AQUALUNG ESPAÑA,S.L.";1;;"BF22, CM22, CM23, IRN21, NEBE VENTA PRIORITARIA, RBE24, RBV23, REGALAR, REVER242, RV21";"20/06/2022 10:21:46";100049279;"100018002
"
B150620-XXS;2;"GUANTE MARES FLEXA FIT 5MM T.XXS";"26/03/2012 13:07:48";24,99;34,9;1057;"MARES, S.P.A";3;"SUBMARINISMO 2016, SUBMARINISMO 2015";"BF21, BF22, IRN21, OUTLET, RBE22, RBE23, RBV22, REVER242, RV21";;100002244;"100000939
"
B150623-LG;2;"GUANTES LAVACORE T.L";"26/04/2013 17:00:10";34,99;39,95;1058;"TECNOMAR DIVING ";1;"SUBMARINISMO 2016, SUBMARINISMO 2015";"BF21, BF22, BF23, IRN21, OUTLET, RBE22, RBE23, RBE24, RBV22, RBV23, REVER242, RV21";"12/06/2024 16:03:12";100007673;"100003176
"
B150623-MD;2;"GUANTES LAVACORE T.M";"26/04/2013 17:00:10";34,99;39,95;1058;"TECNOMAR DIVING ";2;"SUBMARINISMO 2016, SUBMARINISMO 2015";"BF21, BF22, BF23, IRN21, OUTLET, RBE22, RBE23, RBE24, RBV22, RBV23, REVER242, RV21";"12/06/2024 16:03:12";100007672;"100003176
"
B150623-SM;1;"GUANTES LAVACORE T.S";"26/04/2013 17:00:10";34,99;39,95;1058;"TECNOMAR DIVING ";1;"SUBMARINISMO 2016, SUBMARINISMO 2015";"BF21, BF22, BF23, IRN21, RBE22, RBE23, RBE24, RBV23, REVER242, RV21";"12/06/2024 16:03:12";100007671;"100003176
"
B150623-XS;1;"GUANTES LAVACORE T.XS";"26/04/2013 17:00:10";34,99;39,95;1058;"TECNOMAR DIVING ";1;"SUBMARINISMO 2016, SUBMARINISMO 2015";"BF21, BF22, BF23, RBE22, RBE23, RBE24, RBV23, REVER242, RV21";"12/06/2024 16:03:12";100007670;"100003176
"
B150623-XXL;1;"GUANTES LAVACORE T.2XL";"26/04/2013 17:00:11";34,99;39,95;1058;"TECNOMAR DIVING ";0;"SUBMARINISMO 2016, SUBMARINISMO 2015";"BF21, BF22, BF23, NEBE VENTA PRIORITARIA, RBE22, RBE23, RBE24, RBV23, REVER242, RV21";"12/06/2024 16:03:12";100007675;"100003176
"
B150631-L;1;"GUANTE MARES FLEXA CLASSIC 3MM T.L (SS91)";"09/01/2019 15:18:31";35,99;35,99;1057;"MARES, S.P.A";3;;"BF22, CM22, CM23, RBE23, RBE24, RBV23, REGALAR, REVER242";"23/04/2024 13:35:59";100084928;"100028911
"
B150631-M;1;"GUANTE MARES FLEXA CLASSIC 3MM T.M (SS91)";"09/01/2019 15:18:31";35,99;35,99;1057;"MARES, S.P.A";1;;"BF22, CM22, CM23, RBE23, RBE24, RBV23, REGALAR, REVER242";"23/04/2024 13:35:59";100084927;"100028911
"
B150631-S;1;"GUANTE MARES FLEXA CLASSIC 3MM T.S (SS91)";"09/01/2019 15:18:31";35,99;35,99;1057;"MARES, S.P.A";2;;"BF22, CM22, CM23, RBE23, RBE24, RBV23, REGALAR, REVER242";"23/04/2024 13:35:59";100084926;"100028911
"
B150631-XL;1;"GUANTE MARES FLEXA CLASSIC 3MM T.XL (SS91)";"09/01/2019 15:18:31";35,99;35,99;1057;"MARES, S.P.A";2;;"BF22, CM22, CM23, RBE23, RBE24, RBV23, REGALAR, REVER242";"23/04/2024 13:35:59";100084929;"100028911
"
B150631-XS;1;"GUANTE MARES FLEXA CLASSIC 3MM T.XS (SS91)";"09/01/2019 15:18:31";35,99;35,99;1057;"MARES, S.P.A";4;;"BF22, CM22, CM23, RBE23, RBE24, RBV23, REGALAR, REVER242";"23/04/2024 13:35:59";100084925;"100028911
"
B150631-XXS;1;"GUANTE MARES FLEXA CLASSIC 3MM T.XXS (SS91)";"09/01/2019 15:18:31";35,99;35,99;1057;"MARES, S.P.A";3;;"BF22, CM22, CM23, RBE23, RBE24, RBV23, REGALAR, REVER242";"23/04/2024 13:35:59";100084924;"100028911
"
B155113;2;"PINZA SPETTON FIJA-PLOMOS ";"28/03/2014 12:02:57";2,99;2,99;100000909;"SPETTON WORLD SL";8;"SUBMARINISMO 2016, SUBMARINISMO 2015";"RBE24, REVER242";;100017068;"100006537
"
B15524;2;"SOPORTE MASCARA SCUBAPRO ZOOM EVO PARA HUDD (SS91)";"07/03/2019 15:38:52";14,99;19;100002778;"JOHNSON-OUTDOORS ";1;;"BF21, BF23, OUTLET, RBE24, RBV23, REVER242, RV21";"22/03/2024 18:34:36";100087836;"100029784
"
B155621;1;"FOCO SEAC SUB R15 (SS91)";"24/12/2018 10:22:06";135,99;203;1208;"SEAC SUB S.p.A.";13;;"BF21, BF22, BF23, CM23, COMPARADOR, COMP_FR, COMP_PT, IRN21, IRN22, RBE22, RBE23, RBE24, RBV22, RBV23, REGALAR, REVER242, RV21, SD21, X23";"14/02/2024 16:16:24";100084404;"100028700
"
B155624;1;"FOCO SEAC SUB R30 (SS91)";"24/12/2018 10:22:06";175,99;263;1208;"SEAC SUB S.p.A.";7;;"BF21, BF22, BF23, COMPARADOR, COMP_FR, COMP_PT, IRN21, IRN22, RBE23, RBE24, RBV23, REGALAR, REVER242, RII-RAE INTRA, RV21, SD21, X23";"14/02/2024 16:16:24";100084408;"100028704
"
B155635;1;"FOCO SPORASUB EYELIGHT II (SS91)";"17/06/2019 17:10:35";89,99;139;1052;"AQUALUNG ESPAÑA,S.L.";0;;"BF22, BF23, COMPARADOR, COMP_FR, COMP_PT, RBE23, RBE24, RBV23, REVER242";"20/02/2024 13:54:15";100094498;"100031705
"
B155722;2;"LINTERNA TOVATEC 3600 (3600 LM/RECARGABLE) (SS81)";"19/03/2018 12:55:54";258,99;258,99;100003300;"ASPARLA INTOVA S.L.";1;;"BF23, COMPARADOR, COMP_FR, COMP_PT, OUTLET, RBE22, RBE24, RBV22, RBV23, REVER242";;100072669;"100025272
"
B155723-1;2;"BATERIA BAIHENYO 14500 3.7V 800MAH (SS81)";"19/03/2018 12:55:54";6,99;9,99;100003300;"ASPARLA INTOVA S.L.";1;;"BF23, OUTLET, RBE24, REVER242";;100072645;"100025266
"
B155723-4;2;"BATERIA BAIHENYO 26650 3.7V 4500MAH (SS81)";"19/03/2018 12:55:54";13,99;18,99;100003300;"ASPARLA INTOVA S.L.";1;;"BF21, BF22, BF23, OUTLET, RBE24, RBV22, RBV23, REVER242, RV21";;100072648;"100025266
"
B155724-2;1;"LINTERNA SCUBAPRO NOVA 250 (SS91)";"07/03/2019 15:27:00";63,99;92;100002778;"JOHNSON-OUTDOORS ";0;;"BF22, CM23, COMPARADOR, COMP_FR, COMP_PT, IRN21, RBE23, RBE24, REVER242";"22/03/2024 18:34:40";100087679;"100029736
"
B155726AP;1;"MASCARA SCUBAPRO SYNERGY MINI AZUL PLATA (SS91)";"07/03/2019 15:29:47";75,99;120;100002778;"JOHNSON-OUTDOORS ";1;;"BF21, BF22, BF23, CM23, COMUNIONES, CSW, RBE22, RBE23, RBE24, RBV22, RBV23, REGALAR, REVER242";"22/03/2024 18:34:40";100087702;"100029752
"
B155726BP;1;"MASCARA SCUBAPRO SYNERGY MINI BLANCO PLATA (SS91)";"07/03/2019 15:29:47";75,99;120;100002778;"JOHNSON-OUTDOORS ";1;;"BF21, BF22, BF23, CM23, COMPARADOR, COMP_FR, COMP_PT, COMUNIONES, CSW, RBE22, RBE23, RBE24, RBV22, RBV23, REGALAR, REVER242, SD21";"22/03/2024 18:34:40";100087703;"100029752
"
B155726-NA;1;"MASCARA SCUBAPRO SYNERGY MINI NEGR/AMARIL.";"02/05/2022 13:44:09";75,99;120;100002778;"JOHNSON-OUTDOORS ";2;;"BF22, BF23, CM23, COMUNIONES, CSW, RBE23, RBE24, RBV22, RBV23, REGALAR, REVER242";"22/03/2024 18:34:40";100144034;"100046137
"
B155726NP;1;"MASCARA SCUBAPRO SYNERGY MINI NEGRO PLATA (SS91)";"07/03/2019 15:29:47";75,99;120;100002778;"JOHNSON-OUTDOORS ";1;;"BF21, BF22, BF23, CM23, COMUNIONES, CSW, RBE22, RBE23, RBE24, RBV22, RBV23, REGALAR, REVER242, SD21";"22/03/2024 18:34:40";100087705;"100029752
"
B155726RP;1;"MASCARA SCUBAPRO SYNERGY MINI ROSA PLATA (SS91)";"07/03/2019 15:29:47";75,99;120;100002778;"JOHNSON-OUTDOORS ";1;;"BF21, BF22, BF23, CM23, COMUNIONES, CSW, RBE22, RBE23, RBE24, RBV22, RBV23, REGALAR, REVER242, SD21";"22/03/2024 18:34:40";100087704;"100029752
"
B155726-TA;1;"MASCARA SCUBAPRO SYNERGY MINI TRNP/AMARIL.";"02/05/2022 13:44:09";75,99;120;100002778;"JOHNSON-OUTDOORS ";1;;"BF22, BF23, CM23, COMUNIONES, CSW, RBE23, RBE24, RBV22, RBV23, REGALAR, REVER242";"22/03/2024 18:34:40";100144033;"100046137
"
B155726VN;2;"MASCARA SCUBAPRO SYNERGY MINI AGUA VERDE PLATA - NEGRO (SS91)";"07/03/2019 15:29:47";75,99;120;100002778;"JOHNSON-OUTDOORS ";1;;"BF21, BF22, BF23, COMUNIONES, OUTLET, RBE22, RBE23, RBE24, RBV22, RBV23, REVER242, SD21";"22/03/2024 18:34:40";100087701;"100029752
"
B155727B;1;"MASCARA SCUBAPRO FRAMELESS BLANCA (SS91)";"07/03/2019 15:29:47";67,99;122;100002778;"JOHNSON-OUTDOORS ";3;;"BF21, BF22, BF23, COMPARADOR, COMP_FR, COMP_PT, CSW, IRN21, IRN22, RBE23, RBE24, RBV22, RBV23, REGALAR, REVER242, RV21";"22/03/2024 18:34:40";100087696;"100029748
"
B155727SH;2;"MASCARA SCUBAPRO FRAMELESS SOPORTE HUD (SS91)";"07/03/2019 15:29:47";95,99;137;100002778;"JOHNSON-OUTDOORS ";1;;"BF21, BF22, BF23, CSW, IRN22, NEBE VENTA PRIORITARIA, OUTLET, RBE23, RBE24, RBV22, RBV23, REGALAR, REVER242, RV21";"22/03/2024 18:34:36";100087698;"100029750
"
B155727V;1;"MASCARA SCUBAPRO FRAMELESS VERDE (SS91)";"07/03/2019 15:29:47";67,99;122;100002778;"JOHNSON-OUTDOORS ";1;;"BF21, BF22, BF23, CSW, IRN21, IRN22, RBE23, RBE24, RBV22, RBV23, REGALAR, REVER242, RV21";"22/03/2024 18:34:40";100087697;"100029748
"
B160002;1;"CUCHILLO SCUBAPRO WHITE TIP";"08/02/2010 17:38:24";55,99;86;100002778;"JOHNSON-OUTDOORS ";4;"SUBMARINISMO 2016, SUBMARINISMO 2015";"BF22, BF23, COMPARADOR, COMP_FR, COMP_PT, CSW, RBE23, RBV23, REGALAR, REVER242, RV21";"22/03/2024 18:34:40";419307;"32962
"
B160109;1;"CUCHILLO SCUBAPRO TITANIO SK75";"02/03/2016 11:48:46";44,99;75;100002778;"JOHNSON-OUTDOORS ";3;"SUBMARINISMO 2016, NAUTICA 2017, NAUTICA 2016";"BF22, BF23, COMPARADOR, COMP_FR, COMP_PT, CSW, IRN21, IRN22, RBE23, RBE24, RBV22, RBV23, REGALAR, REVER242";"22/03/2024 18:34:40";100033799;"100012840
"
B160153;1;"CUCHILLO SCUBAPRO TK15 (SS02)";"23/11/2019 12:04:05";157,99;198;100002778;"JOHNSON-OUTDOORS ";2;;"BF21, BF22, BF23, COMPARADOR, COMP_FR, COMP_PT, IRN22, RBE23, RBE24, REGALAR, REVER242";"22/03/2024 18:34:40";100103780;"100034273
"
B160509;1;"CUCHILLO SCUBAPRO K6";"17/03/2014 16:29:28";105,99;146;100002778;"JOHNSON-OUTDOORS ";1;"SUBMARINISMO 2016, SUBMARINISMO 2015";"BF21, BF22, BF23, COMPARADOR, COMP_FR, COMP_PT, IRN21, IRN22, RBE23, RBV22, REVER242";"22/03/2024 18:34:40";100017094;"100006551
"
B160510;1;"CUCHILLO SCUBAPRO K5";"17/03/2014 16:29:28";71,99;109;100002778;"JOHNSON-OUTDOORS ";1;"SUBMARINISMO 2016, SUBMARINISMO 2015";"BF21, BF22, BF23, COMPARADOR, COMP_FR, COMP_PT, IRN21, IRN22, RBE23, RBE24, RBV22, RBV23, REGALAR, REVER242, RV21";"22/03/2024 18:34:40";100017093;"100006550
"
B160515;1;"CUCHILLO MARES FORCE PLUS";"05/04/2010 19:01:04";64,99;84,95;1057;"MARES, S.P.A";5;"SUBMARINISMO 2016, SUBMARINISMO 2015";"BF23, COMPARADOR, COMP_FR, COMP_PT, IRN21, RBE23, RBE24, RBV23, REGALAR, REVER242";"23/04/2024 13:36:00";419310;"32964
"
B160630;2;"SUJETAPLOMOS C/ANILLA OMER D-RING";"16/04/2009 17:42:02";5,99;6,99;1052;"AQUALUNG ESPAÑA,S.L.";8;"SUBMARINISMO 2016, SUBMARINISMO 2015";"RBE24, REVER242";;412590;"22376
"
B165037;2;"MONTAJE SCUBAPRO UNIVERSAL GO PRO (1620)";"02/03/2016 11:48:46";11,99;16;100002778;"JOHNSON-OUTDOORS ";1;"SUBMARINISMO 2016";"CSW, OUTLET, RBV23, REVER242";"22/03/2024 18:34:40";100033790;"100012830
"
B165043;2;"CAJA ESTANCA MARES ";"02/03/2016 12:16:28";14,99;14,99;1057;"MARES, S.P.A";1;"SUBMARINISMO 2016";"RBE24, RBV22, REVER242";"23/04/2024 13:36:00";100034244;"100012967
"
B165111-1;2;"BOLSA SEAC SUB DRY 1.5 LT. ROJA (SS91)";"24/12/2018 10:22:06";19,99;20;1208;"SEAC SUB S.p.A.";5;;"IRN22, RBE24, RBV23, REVER242";"14/02/2024 16:16:24";100084413;"100028709
"
B165111-2;2;"BOLSA SEAC SUB DRY 2.5 LT. ROJA (SS91)";"24/12/2018 10:22:06";20,99;21;1208;"SEAC SUB S.p.A.";3;;"IRN22, RBE24, RBV23, REVER242";"14/02/2024 16:16:24";100084414;"100028709
"
B165111-5;2;"BOLSA SEAC SUB DRY 15 LT. ROJA (SS91)";"24/12/2018 10:22:07";23,99;24;1208;"SEAC SUB S.p.A.";8;;"IRN22, RBE24, RBV23, REVER242";"14/02/2024 16:16:23";100084416;"100028709
"
B165112;2;"BOLSA SEAC SUB REGULADOR MATE (SS91)";"24/12/2018 10:22:05";20,99;30;1208;"SEAC SUB S.p.A.";12;;"IRN21, OUTLET, RBE24, RBV23, REVER242";"14/02/2024 16:16:24";100084421;"100028712
"
B165113;2;"BOLSA REGULADOR MARES CRUISE (SS91)";"09/01/2019 15:09:00";28,99;29,95;1057;"MARES, S.P.A";2;;"IRN21, REVER242";"23/04/2024 13:36:00";100084953;"100028926
"
B165117;2;"TROLLEY MARES CRUISER BACKPACK ROLLER (128L) (SS91)";"09/01/2019 15:24:00";149,99;219;1057;"MARES, S.P.A";1;;"BF22, BF23, COMPARADOR, COMP_FR, COMP_PT, IRN22, RBE23, RBE24, RBV23, REGALAR, REVER242";"14/10/2022 10:04:26";100084962;"100028933
"
B165118;2;"TROLLEY MARES CRUISER BUDDY (87L) (SS91)";"09/01/2019 15:24:00";114,99;169;1057;"MARES, S.P.A";1;;"BF22, BF23, CM23, COMPARADOR, COMP_FR, COMP_PT, IRN21, IRN22, RBE23, RBE24, RBV23, REVER242, RV21";"14/10/2022 10:04:25";100084964;"100028935
"
B165245;2;"BOLSA SCUBAPRO PORTER (125L) (SS91)";"07/03/2019 15:34:35";159,99;200;100002778;"JOHNSON-OUTDOORS ";2;;"BF21, BF22, BF23, COMPARADOR, COMP_FR, COMP_PT, IRN22, RBE23, RBE24, RBV23, REVER242, X23";"06/06/2023 14:17:13";100087610;"100029711
"
B165504;2;"RED PARA BOTELLAS 10 LITROS";"18/06/2004 19:29:50";7,99;7,99;1199;"PRACTISUB, S.R.L.";1;"SUBMARINISMO 2016, SUBMARINISMO 2015";"NEBE VENTA PRIORITARIA, RBE24, REVER242";;43279;"12719
"
B165560;2;"CABLE DATOS USB AERIS F10 V.2 ";"19/04/2013 13:31:42";59,99;99;1058;"TECNOMAR DIVING ";1;;"BF21, BF22, BF23, NEBE VENTA PRIORITARIA, OUTLET, RBE22, RBE23, RBV22, RBV23, REVER242, RV21";;100017145;"100006587
"
B165647;2;"BOLSA OMER MONSTER CAMU BLACKMOON (120L) ";"24/04/2015 18:48:07";127,99;199;1052;"AQUALUNG ESPAÑA,S.L.";4;"SUBMARINISMO 2016, SUBMARINISMO 2015";"BF22, BF23, COMPARADOR, COMP_FR, COMP_PT, IRN21, RBE23, RBE24, RBV23, REVER242, RV21";"20/02/2024 13:54:15";100026605;"100010006
"
B165751XS;2;"CAPUCHAS STANDARD 5 MM T.XS";"18/11/2004 18:40:51";29,99;38;1208;"SEAC SUB S.p.A.";10;;"BF21, BF22, BF23, NEBE VENTA PRIORITARIA, OUTLET, RBE22, RBE23, RBE24, RBV22, RBV23, REVER242, RV21";"14/02/2024 16:16:26";100037151;"100013692
"
B165961;1;"TROLLEY CRESSI MOBY 5";"18/04/2013 13:04:29";158,99;211;1053;"CRESSI-SUB ESPAÑA, S.A.";0;"SUBMARINISMO 2016, SUBMARINISMO 2015";"BF22, BF23, COMPARADOR, COMP_FR, COMP_PT, RBE24, RBV23, REVER242";"03/04/2024 13:47:03";100007878;"100003246
"
B165971;1;"TROLLEY BEUCHAT EXPLORER ROLL (1620)";"08/04/2016 14:51:31";125,99;159,9;1059;"BEUCHAT SUB ESPAÑA, S.A.";1;"SUBMARINISMO 2016";"COMPARADOR, COMP_FR, COMP_PT, IRN22, RBE24, REVER242";"12/06/2024 16:03:23";100037576;"100013934
"
B165976;1;"BOLSA CRESSI GORILLA PRO 2.0 (1620)";"13/04/2016 10:18:02";95,99;120;1053;"CRESSI-SUB ESPAÑA, S.A.";10;"SUBMARINISMO 2016";"BF22, COMPARADOR, COMP_FR, COMP_PT, IRN21, IRN22, RBE23, RBE24, REVER242";"03/04/2024 13:47:04";100037514;"100013883
"
B165984;2;"BOLSA ESTANCA AQUALUNG DEFENSE 16L";"30/09/2020 16:50:12";20,99;29;1052;"AQUALUNG ESPAÑA,S.L.";13;;"BF21, BF22, BF23, OUTLET, RBE22, RBE23, RBE24, RBV22, RBV23, REVER242, SD21";;100134536;"100043149
"
B170111-2,5;2;"BOLSA DE LASTRE SCUBAPRO ECOWEIGHT 2,5 KG.";"11/04/2014 9:52:25";24,99;34,9;100002778;"JOHNSON-OUTDOORS ";1;"SUBMARINISMO 2016, SUBMARINISMO 2015";"BF22, OUTLET, RBE24, RBV23, REVER242, RV21";;100017082;"100006543
"
B170187;2;"BOLSA-ALFOMBRA O.M.E.R";"25/04/2012 11:07:50";19,99;28,9;1052;"AQUALUNG ESPAÑA,S.L.";3;"SUBMARINISMO 2016, SUBMARINISMO 2015";"BF21, BF22, BF23, NEBE VENTA PRIORITARIA, OUTLET, RBE22, RBE23, RBE24, RBV22, RBV23, REVER242, RV21";;100002349;"100000957
"
B170188-2;2;"PLOMO CRESSI 2KG SIN FORRAR ";"13/04/2016 10:18:02";22,99;29,99;1053;"CRESSI-SUB ESPAÑA, S.A.";34;"SUBMARINISMO 2016";"BF22, RBE24, RBV23, REVER242";"18/02/2021 10:58:11";100037508;"100013876
"
B170224-2;2;"BOLSA LASTRE SCUBAPRO 2KG (SS71)";"14/03/2017 13:58:01";24,99;31;100002778;"JOHNSON-OUTDOORS ";7;;"OUTLET, REVER242";"22/03/2024 18:34:40";100051078;"100017963
"
B170224-25;2;"BOLSA LASTRE SCUBAPRO 2,5KG (SS71)";"14/03/2017 13:58:01";27,99;39;100002778;"JOHNSON-OUTDOORS ";5;;"OUTLET, RBE24, REVER242";"22/03/2024 18:34:40";100051079;"100017963
"
B170231-B;2;"MARES TRAINING KICKBOARD BLACK (SS81)";"08/05/2018 11:40:41";13,99;19,99;1057;"MARES, S.P.A";1;;"BF22, BF23, OUTLET, RBE22, RBE23, RBE24, RBV22, RBV23, REVER242";;100075054;"100025957
"
B170240;1;"BOLSILLO SEAC SUB JACKET MODULAR (SS91)";"24/12/2018 10:22:05";43,99;69;1208;"SEAC SUB S.p.A.";0;;"BF22, COMPARADOR, COMP_FR, COMP_PT, RBE24, REVER242";"14/02/2024 16:16:24";100084423;"100028714
"
B170246;2;"KIT BOLSILLOS LASTRE TRASEROS SCUBAPRO (PAR) (SS02)";"23/11/2019 12:04:04";46,99;80;100002778;"JOHNSON-OUTDOORS ";2;;"BF22, BF23, COMPARADOR, COMP_FR, COMP_PT, OUTLET, RBE23, RBE24, RBV23, REVER242";"22/03/2024 18:34:37";100103828;"100034290
"
B170438;2;"BOYA SEÑALIZACION AQUALUNG TORPEDO";"20/02/2015 11:20:23";29;29;1052;"AQUALUNG ESPAÑA,S.L.";5;"SUBMARINISMO 2016, SUBMARINISMO 2015";"RBE24, RBV23, REGALAR, REVER242";"03/01/2023 10:08:26";100026505;"100009981
"
B170604;2;"HEBILLA MARES ABS CON SEGURO (PAR)";"18/06/2004 19:29:50";18,99;26,5;1054;"REPARACIONES------ MARES-SPORASUB (HTM IBERICA, S.L.)";1;;"BF23, OUTLET, RBE24, REVER242";;100037164;"100013700
"
B170629;2;"CLIP FIJA PLOMOS";"15/04/2008 14:25:50";5,99;7,99;1058;"TECNOMAR DIVING ";13;;"OUTLET, RBE24, REVER242";;407067;"21497
"
B170638-4;2;"CUERDA OMER FLOTANTE ELASTICA 4 MS";"16/04/2010 19:05:06";12,99;15,99;1052;"AQUALUNG ESPAÑA,S.L.";10;"SUBMARINISMO 2016, SUBMARINISMO 2015";"BF21, RBE24, RBV23, REVER242, RV21";;419301;"32958
"
B170640;2;"BOYA DECO SEAC SUB BOA EMERGENZA";"02/02/2008 11:59:04";27,99;30;1208;"SEAC SUB S.p.A.";7;;"BF22, BF23, NEBE VENTA PRIORITARIA, OUTLET, RBE23, RBE24, RBV22, RBV23, REVER242";"14/02/2024 16:16:23";100055907;"100020732
"
B170646;2;"EXTENSOR CRESSI PINZA CABO FONDEO + MOSQUETON";"17/02/2009 18:41:37";21,99;28;1053;"CRESSI-SUB ESPAÑA, S.A.";13;"SUBMARINISMO 2016, SUBMARINISMO 2015";"BF21, BF22, BF23, OUTLET, RBE22, RBE23, RBE24, RBV22, RBV23, REVER242";"03/04/2024 13:47:07";100002415;"100000981
"
B170807;2;"SEA LIFE DIFUSOR FLASH DC 800 / 1000 ";"23/02/2012 19:26:27";15,99;19,99;100002778;"JOHNSON-OUTDOORS ";1;;"BF22, BF23, OUTLET, RBE22, RBE23, RBE24, RBV22, RBV23, REVER242, RV21";;100018967;"100007422
"
B170819;2;"SEA LIFE LASTRE FLOTABILIDAD ";"23/02/2012 19:26:27";23,99;29,79;100002778;"JOHNSON-OUTDOORS ";1;;"BF21, BF22, BF23, OUTLET, RBE22, RBE23, RBE24, RBV22, RBV23, REVER242, RV21";;100018972;"100007427
"
B170866;2;"PULL BUOY HEAD";"05/04/2010 19:54:15";6,99;10,99;1057;"MARES, S.P.A";1;;"BF21, BF22, BF23, OUTLET, RBE22, RBE23, RBE24, RBV22, RBV23, REVER242, RV21";;419364;"33000
"
B170880;2;"SEA LIFE BATERÍA CARGADORA DC800 /1000 ";"23/02/2012 19:26:27";17,99;21,99;100002778;"JOHNSON-OUTDOORS ";1;;"BF21, BF22, BF23, OUTLET, RBE22, RBE23, RBE24, RBV22, RBV23, REVER242, RV21";;100018968;"100007423
"
B182043;2;"DV DEEP: EL MAR ROJO";"11/04/2005 12:12:09";20,99;33,99;72837;"DIGITAL VIDEO DEEP, S. L. ";2;;"BF21, BF22, BF23, NEBE VENTA PRIORITARIA, OUTLET, RBE22, RBE23, RBE24, RBV22, RBV23, REVER242, RV21";;52853;"14026
"
B185429A;2;"CARRETE OMER  MATCH 30 UNIVERSAL ALUMINIO PARA FUSIL";"11/04/2007 12:57:31";34,99;64,9;1052;"AQUALUNG ESPAÑA,S.L.";2;"SUBMARINISMO 2016, SUBMARINISMO 2015";"BF21, BF22, BF23, OUTLET, RBE22, RBE23, RBE24, RBV22, RBV23, REVER242";;68709;"16726
"
B185500-75;2;"FUSIL OMER CAYMAN 2000 75CM";"09/05/2011 11:21:06";89,99;119,99;1052;"AQUALUNG ESPAÑA,S.L.";1;"SUBMARINISMO 2016";"OUTLET, REVER242";;426353;"34236
"
B185510-60;1;"FUSIL CRESSI MOICANO 60 CM ";"17/04/2013 20:12:10";93,99;128;1053;"CRESSI-SUB ESPAÑA, S.A.";2;"SUBMARINISMO 2016";"BF22, BF23, COMPARADOR, COMP_FR, COMP_PT, REVER242";"03/04/2024 13:47:04";100007850;"100003222
"
B185510-75;1;"FUSIL CRESSI MOICANO 75 CM ";"17/04/2013 20:12:10";121,99;153;1053;"CRESSI-SUB ESPAÑA, S.A.";0;"SUBMARINISMO 2016";"BF22, BF23, COMPARADOR, COMP_FR, COMP_PT, CSW, RBV23, REVER242";"03/04/2024 13:47:04";100007851;"100003222
"
B185511;2;"COLA NEOPRENO OMER";"24/04/2015 18:48:07";8,99;9;1052;"AQUALUNG ESPAÑA,S.L.";23;"SUBMARINISMO 2016, SUBMARINISMO 2015";"BF22, RBE24, RBV23, REVER242";"20/02/2024 13:54:13";100026390;"100009956
"
B185512-45;2;"FUSIL PESCA SUBMARINA MARES SNIPER PS 45CM ";"02/03/2016 12:16:28";69,99;110;1057;"MARES, S.P.A";1;"SUBMARINISMO 2016";"BF21, BF22, BF23, CM23, COMUNIONES, IRN21, NEBE VENTA PRIORITARIA, OUTLET, RBE22, RBE23, RBE24, REVER242, RV21";;100034263;"100012973
"
B185513-100;2;"FUSIL BEUCHAT MARLIN EVIL 100CM (1620)";"08/04/2016 14:36:54";129,99;174,9;1059;"BEUCHAT SUB ESPAÑA, S.A.";1;"SUBMARINISMO 2016";"BF21, BF23, OUTLET, RBE24, RBV23, REVER242, RV21";"12/06/2024 16:03:24";100037458;"100013859
"
B185513-80;2;"FUSIL BEUCHAT MARLIN EVIL 75CM (1620)";"08/04/2016 14:36:54";109,99;149,9;1059;"BEUCHAT SUB ESPAÑA, S.A.";1;"SUBMARINISMO 2016";"BF21, BF23, OUTLET, RBE24, REVER242, RV21";"12/06/2024 16:03:24";100037453;"100013859
"
B185518-60;1;"FUSIL CRESSI COMANCHE RAIL 60 CM (SS71)";"20/04/2017 10:24:51";93,99;128;1053;"CRESSI-SUB ESPAÑA, S.A.";2;;"BF21, BF22, BF23, COMPARADOR, COMP_FR, COMP_PT, IRN21, IRN22, RBE23, REVER242";"03/04/2024 13:47:05";100051679;"100018485
"
B185518-75;1;"FUSIL CRESSI COMANCHE RAIL 75 CM (SS71)";"20/04/2017 10:24:51";93,99;131;1053;"CRESSI-SUB ESPAÑA, S.A.";1;;"BF21, BF22, BF23, COMPARADOR, COMP_FR, COMP_PT, IRN21, IRN22, RBE23, REVER242";"03/04/2024 13:47:05";100051680;"100018485
"
B185768;2;"LLAVERO SCUBAPRO PRESTIGE";"19/04/2013 12:53:25";4,99;6;100002778;"JOHNSON-OUTDOORS ";5;;"NEBE VENTA PRIORITARIA, OUTLET, RBE24, REVER242";;100098755;"100032876
"
B185810-5;2;"VARILLA INOX OMER 6,5x135 (ALETA 7,4CM ) ";"24/04/2015 18:48:03";21,6;25,99;1052;"AQUALUNG ESPAÑA,S.L.";2;;"BF21, BF22, BF23, OUTLET, RBE24, RBV22, RBV23, REVER242, RV21";;100135331;"100043384
"
B185810-6;2;"VARILLA INOX OMER 6,5x140 (ALETA 7,4CM ) ";"24/04/2015 18:48:03";22,99;26,99;1052;"AQUALUNG ESPAÑA,S.L.";1;;"BF21, BF22, BF23, OUTLET, RBE24, RBV22, RBV23, REVER242, RV21";;100135332;"100043384
"
B185810-7;2;"VARILLA INOX OMER 6,5x150 (ALETA 7,4CM ) ";"24/04/2015 18:48:03";22,99;26,99;1052;"AQUALUNG ESPAÑA,S.L.";1;;"BF21, BF22, BF23, OUTLET, RBE24, RBV23, REVER242, RV21";;100135333;"100043384
"
B185859-1;2;"UV TECH SPRAY (474 ML)";"17/04/2010 11:49:33";16,99;22,99;1058;"TECNOMAR DIVING ";2;;"BF21, BF22, BF23, OUTLET, RBE22, RBE23, RBE24, RBV22, RBV23, REVER242, RV21";;419341;"32988
"
B185898-60;2;"FUSIL OMER CAYMAN SPORT 60CM ALUMINIO";"24/04/2015 18:48:03";104,99;159;1052;"AQUALUNG ESPAÑA,S.L.";1;"SUBMARINISMO 2016";"BF22, BF23, COMPARADOR, COMP_FR, COMP_PT, OUTLET, RBE23, RBE24, RBV23, REVER242, RV21";"20/02/2024 13:54:15";100026482;"100009972
"
B185898-75;2;"FUSIL OMER CAYMAN SPORT 75CM ALUMINIO";"24/04/2015 18:48:03";103,99;169;1052;"AQUALUNG ESPAÑA,S.L.";1;"SUBMARINISMO 2016";"BF22, BF23, COMPARADOR, COMP_FR, COMP_PT, OUTLET, RBE23, RBE24, RBV23, REVER242, RV21";"20/02/2024 13:54:15";100026483;"100009972
"
B185898-90;2;"FUSIL OMER CAYMAN SPORT 90CM ALUMINIO";"24/04/2015 18:48:03";116,99;179;1052;"AQUALUNG ESPAÑA,S.L.";2;"SUBMARINISMO 2016";"BF22, BF23, COMPARADOR, COMP_FR, COMP_PT, IRN21, OUTLET, RBE23, RBE24, RBV23, REVER242, RV21";"20/02/2024 13:54:15";100026484;"100009972
"
B185902-60;2;"FUSIL CRESSI KIOWA CUSTOM 60CM (SS91)";"08/04/2019 21:00:49";74,99;107;1053;"CRESSI-SUB ESPAÑA, S.A.";1;;"BF21, BF22, BF23, NEBE VENTA PRIORITARIA, OUTLET, RBE22, RBE23, RBE24, RBV22, RBV23, REVER242, RV21";"04/02/2022 10:16:44";100115598;"100037688
"
B185903-30;2;"CARRETE BEUCHAT ACTIV 30 COMPACTO 30M CON HILO (SS02)";"10/06/2020 18:55:16";39,99;59,9;1059;"BEUCHAT SUB ESPAÑA, S.A.";2;;"BF21, BF23, OUTLET, RBE24, REVER242";"12/06/2024 16:03:23";100108542;"100035748
"
B190105;2;"CABLE DE INTERFACE PARA PC SERIE 6 Y G3 (P.SERIE)";"09/05/2007 20:55:47";10,95;20,29;1109;"SUUNTO- AMER SPORTS SPAIN S.A.";3;;"BF21, BF22, BF23, OUTLET, RBE22, RBE23, RBE24, RBV22, RBV23, REVER242, RV21";;100001959;"100000859
"
B190172WS;2;"CORREA SUUNTO D5 24MM SILICONA WHITE/STEEL (SS91)";"06/03/2019 16:37:26";34,99;52,99;1109;"SUUNTO- AMER SPORTS SPAIN S.A.";1;;"BF21, BF22, NEBE VENTA PRIORITARIA, OUTLET, RBE23, RBV22, RBV23, REVER242, RV21";"14/05/2021 18:28:22";100089482;"100030215
"
B303148-N;1;"ORDENADOR AQUALUNG i330R NEGRO (SS12)";"21/12/2020 19:44:57";270,99;349;1052;"AQUALUNG ESPAÑA,S.L.";4;;"BF23, COMPARADOR, COMP_FR, COMP_PT, IRN22, RBE24, RBV23, REGALAR, REVER242, X24";"20/02/2024 13:54:11";100118762;"100038527
"
B303149-300B;1;"MANOMETRO AQUALUNG 300B CON LATIGUILLO LARGO (SS12)";"21/12/2020 19:44:57";86,99;119;1052;"AQUALUNG ESPAÑA,S.L.";16;;"BF22, COMPARADOR, COMP_FR, COMP_PT, RBE23, RBE24, RBV23, REGALAR, REVER242";"20/02/2024 13:54:11";100118890;"100038557
"
B303149-T;1;"MANOMETRO AQUALUNG 300B CON TERMOMETRO (SS12) ";"07/05/2021 13:02:43";125,99;149;1052;"AQUALUNG ESPAÑA,S.L.";18;;"BF23, COMPARADOR, COMP_FR, COMP_PT, RBE24, RBV23, REGALAR, REVER242";"20/02/2024 13:54:11";100127020;"100040783
"
B303153-B;2;"MASCARA AQUALUNG MISTIQUE DS BK/BK LENS BLUE MIRROR (SS12)";"21/12/2020 19:44:57";65,99;99;1052;"AQUALUNG ESPAÑA,S.L.";1;;"BF22, BF23, COMPARADOR, COMP_FR, COMP_PT, RBE23, RBE24, RBV22, RBV23, REVER242";"21/12/2020 19:44:57";100118886;"100038555
"
B303166-2XL;1;"MONOPIEZA AQUALUNG HYDROFLEX FS 3MM CAM BLU SRA. T.2XL (SS12)";"21/12/2020 19:44:57";134,99;199;1052;"AQUALUNG ESPAÑA,S.L.";1;;"BF22, BF23, IRN22, MUJER, RBE22, RBE23, RBE24, RBV22, RBV23, REGALAR, REVER242";"20/02/2024 13:54:13";100118773;"100038531
"
B303166-L;1;"MONOPIEZA AQUALUNG HYDROFLEX FS 3MM CAM BLU SRA. T. L (SS12)";"21/12/2020 19:44:57";134,99;199;1052;"AQUALUNG ESPAÑA,S.L.";2;;"BF22, BF23, IRN21, IRN22, MUJER, RBE22, RBE23, RBE24, RBV22, RBV23, REGALAR, REVER242";"20/02/2024 13:54:13";100118771;"100038531
"
B303166-M;1;"MONOPIEZA AQUALUNG HYDROFLEX FS 3MM CAM BLU SRA. T.M (SS12)";"21/12/2020 19:44:57";134,99;199;1052;"AQUALUNG ESPAÑA,S.L.";1;;"BF22, BF23, IRN22, MUJER, RBE22, RBE23, RBE24, RBV22, RBV23, REGALAR, REVER242";"20/02/2024 13:54:13";100118769;"100038531
"
B303166-ML;1;"MONOPIEZA AQUALUNG HYDROFLEX FS 3MM CAM BLU SRA. T.ML (SS12)";"21/12/2020 19:44:57";134,99;199;1052;"AQUALUNG ESPAÑA,S.L.";1;;"BF22, BF23, IRN21, IRN22, MUJER, RBE22, RBE23, RBE24, RBV22, RBV23, REGALAR, REVER242";"20/02/2024 13:54:13";100118770;"100038531
"
B303166-S;1;"MONOPIEZA AQUALUNG HYDROFLEX FS 3MM CAM BLU SRA. T.S (SS12)";"21/12/2020 19:44:57";134,99;199;1052;"AQUALUNG ESPAÑA,S.L.";0;;"BF22, BF23, COMPARADOR, COMP_FR, COMP_PT, IRN21, IRN22, MUJER, RBE22, RBE23, RBE24, RBV22, RBV23, REGALAR, REVER242";"20/02/2024 13:54:13";100118768;"100038531
"
B303166-XL;1;"MONOPIEZA AQUALUNG HYDROFLEX FS 3MM CAM BLU SRA. T.XL (SS12)";"21/12/2020 19:44:57";134,99;199;1052;"AQUALUNG ESPAÑA,S.L.";1;;"BF22, BF23, IRN22, MUJER, RBE22, RBE23, RBE24, RBV22, RBV23, REGALAR, REVER242";"20/02/2024 13:54:13";100118772;"100038531
"
B303166-XS;1;"MONOPIEZA AQUALUNG HYDROFLEX FS 3MM CAM BLU SRA. T.XS (SS12)";"21/12/2020 19:44:57";134,99;199;1052;"AQUALUNG ESPAÑA,S.L.";0;;"BF22, BF23, IRN21, IRN22, MUJER, RBE22, RBE23, RBE24, RBV22, RBV23, REGALAR, REVER242";"20/02/2024 13:54:13";100118767;"100038531
"
B303167-M;2;"MONOPIEZA AQUALUNG HYDROFLEX FS 1MM CAM BLU SRA. T.M (SS12)";"21/12/2020 19:44:57";119;178,8;1052;"AQUALUNG ESPAÑA,S.L.";2;;"BF22, BF23, COMPARADOR, COMP_FR, COMP_PT, IRN21, MUJER, OUTLET, RBE22, RBE23, RBE24, RBV22, RBV23, REVER242";"03/01/2023 10:08:27";100118873;"100038553
"
B303168-S;2;"MONOPIEZA AQUALUNG HYDROFLEX FS 1MM CAM BLU CRO. T.S (SS12)";"21/12/2020 19:44:57";119;178,8;1052;"AQUALUNG ESPAÑA,S.L.";1;;"BF22, BF23, OUTLET, RBE22, RBE23, RBE24, RBV22, RBV23, REVER242";"03/01/2023 10:08:27";100118879;"100038554
"
B303168-XL;2;"MONOPIEZA AQUALUNG HYDROFLEX FS 1MM K3 YELLOW T.S (SS12)";"21/12/2020 19:44:58";119,99;179;1052;"AQUALUNG ESPAÑA,S.L.";0;;"BF23, IRN22, RBE24, RBV23, REVER242, RV21";"20/02/2024 13:54:14";100118688;"100043117
"
B303270-XL;1;"ALETA APEKS RK3 YELLOW T.XL (SS12)";"21/12/2020 19:44:58";119,99;179;1052;"AQUALUNG ESPAÑA,S.L.";1;;"BF23, IRN21, IRN22, RBE24, RBV23, REVER242, RV21";"20/02/2024 13:54:14";100118691;"100043117
"
B303271-L;1;"ALETA APEKS RK3 WHITE T.L (SS12)";"21/12/2020 19:44:58";119,99;179;1052;"AQUALUNG ESPAÑA,S.L.";0;;"BF23, IRN22, RBE24, RBV23, REGALAR, REVER242, RV21";"20/02/2024 13:54:14";100118681;"100043117
"
B303271-M;1;"ALETA APEKS RK3 WHITE T.M (SS12)";"21/12/2020 19:44:58";119,99;179;1052;"AQUALUNG ESPAÑA,S.L.";0;;"BF23, IRN21, IRN22, RBE24, RBV23, REGALAR, REVER242, RV21";"20/02/2024 13:54:14";100118680;"100043117
"
B303271-S;1;"ALETA APEKS RK3 WHITE T.S (SS12)";"21/12/2020 19:44:58";119,99;179;1052;"AQUALUNG ESPAÑA,S.L.";0;;"BF23, IRN22, RBE24, RBV23, REGALAR, REVER242, RV21";"20/02/2024 13:54:14";100118679;"100043117
"
B303271-XL;1;"ALETA APEKS RK3 WHITE T.XL (SS12)";"21/12/2020 19:44:58";119,99;179;1052;"AQUALUNG ESPAÑA,S.L.";1;;"BF23, IRN21, IRN22, RBE24, RBV23, REGALAR, REVER242, RV21";"20/02/2024 13:54:14";100118682;"100043117
"
B303272-L;1;"MUELLES APEKS RK3 SPRING STRAP T.L (SS12)";"21/12/2020 19:44:58";46,99;59;1052;"AQUALUNG ESPAÑA,S.L.";0;;"BF23, COMPARADOR, COMP_FR, COMP_PT, RBE24, RBV23, REVER242";"20/02/2024 13:54:14";100118764;"100038528
"
B303272-M;1;"MUELLES APEKS RK3 SPRING STRAP T.M (SS12)";"21/12/2020 19:44:58";46,99;59;1052;"AQUALUNG ESPAÑA,S.L.";0;;"BF23, RBE24, RBV23, REVER242";"20/02/2024 13:54:14";100118763;"100038528
"
B303272-XL;1;"MUELLES APEKS RK3 SPRING STRAP T.XL (SS12)";"21/12/2020 19:44:58";46,99;59;1052;"AQUALUNG ESPAÑA,S.L.";0;;"BF23, RBE24, RBV23, REVER242";"20/02/2024 13:54:14";100118765;"100038528
"
B303273-G;2;"FOCO APEKS LUNA MINI GREEN 1000L (SS12)";"21/12/2020 19:44:59";194,99;329;1052;"AQUALUNG ESPAÑA,S.L.";1;;"BF22, BF23, CM23, COMPARADOR, COMP_FR, COMP_PT, IRN21, IRN22, RBE24, RBV22, RBV23, REGALAR, REVER242";"03/02/2023 16:23:39";100118812;"100038541
"
B303273-GR;1;"FOCO APEKS LUNA MINI GREY 1000L (SS12)";"21/12/2020 19:44:59";194,99;329;1052;"AQUALUNG ESPAÑA,S.L.";3;;"BF22, BF23, CM23, IRN21, IRN22, RBE23, RBE24, RBV22, RBV23, REGALAR, REVER242";"20/02/2024 13:54:14";100118813;"100038541
"
B303273-O;1;"FOCO APEKS LUNA MINI ORANGE 1000L (SS12)";"21/12/2020 19:44:59";194,99;329;1052;"AQUALUNG ESPAÑA,S.L.";2;;"BF22, BF23, CM23, IRN21, IRN22, RBE23, RBE24, RBV22, RBV23, REGALAR, REVER242";"20/02/2024 13:54:14";100118814;"100038541
"
B303273-P;2;"FOCO APEKS LUNA MINI  PURPLE 1000L (SS12)";"21/12/2020 19:44:59";194,99;329;1052;"AQUALUNG ESPAÑA,S.L.";2;;"BF22, BF23, CM23, IRN21, IRN22, RBE23, RBE24, RBV22, RBV23, REGALAR, REVER242";"03/02/2023 16:23:39";100118811;"100038541
"
B303274-G;1;"FOCO APEKS LUNA 2000L (SS12)";"21/12/2020 19:44:59";399,99;669;1052;"AQUALUNG ESPAÑA,S.L.";0;;"BF22, BF23, COMPARADOR, COMP_FR, COMP_PT, EXCEPCION_2021, EXC_2022, RBE22, RBE24, RBV23, REVER242";"20/02/2024 13:54:14";100118823;"100038542
"
B303275-G;1;"FOCO APEKS LUNA ADV 3600l (SS12)";"21/12/2020 19:44:59";579,99;899;1052;"AQUALUNG ESPAÑA,S.L.";0;;"BF22, BF23, COMPARADOR, COMP_FR, COMP_PT, EXCEPCION_2021, EXC_2022, RBE22, RBE23, RBE24, RBV22, RBV23, REVER242";"20/02/2024 13:54:14";100118824;"100038543
"
B303276-K;1;"KIT GOODMAN APEKS SUJECCION LINTERNA (SS12)";"21/12/2020 19:44:59";79,99;119;1052;"AQUALUNG ESPAÑA,S.L.";1;;"BF22, BF23, COMPARADOR, COMP_FR, COMP_PT, RBE22, RBE24, RBV23, REVER242";"20/02/2024 13:54:14";100122430;"100039641
"
B303283-40;1;"TROLLEY APEKS 40L (SS12)";"21/12/2020 19:44:59";96,99;149;1052;"AQUALUNG ESPAÑA,S.L.";1;;"BF22, BF23, CM22, CM23, COMPARADOR, COMP_FR, COMP_PT, IRN21, IRN22, RBE22, RBE23, RBE24, RBV23, REVER242";"20/02/2024 13:54:14";100118756;"100043124
"
B303283-90;1;"TROLLEY APEKS 90L (SS12)";"21/12/2020 19:44:59";125,99;219;1052;"AQUALUNG ESPAÑA,S.L.";0;;"BF22, COMPARADOR, COMP_FR, COMP_PT, IRN21, IRN22, RBE22, RBE23, RBE24, REVER242";"20/02/2024 13:54:14";100118757;"100043125
"
B303427-D;1;"REGULADOR CRESSI MASTER AC25m CROMO DIN (SS12)";"05/02/2021 15:24:05";447,99;560;1053;"CRESSI-SUB ESPAÑA, S.A.";2;;"BF22, BF23, COMPARADOR, COMP_FR, COMP_PT, EXC_2022, IRN21, IRN22, RBE23, REVER242";"03/04/2024 13:47:06";100122421;"100039638
"
B303427-I;1;"REGULADOR CRESSI MASTER AC25m CROMO INT (SS12)";"05/02/2021 15:24:05";447,99;560;1053;"CRESSI-SUB ESPAÑA, S.A.";1;;"BF22, BF23, EXC_2022, IRN21, IRN22, RBE23, REVER242";"03/04/2024 13:47:06";100122422;"100039638
"
B303429-A;1;"ORDENADOR APNEA CRESSI NEPTO AZUL (SS12)";"05/02/2021 15:24:05";172,99;225;1053;"CRESSI-SUB ESPAÑA, S.A.";0;;"CM23, IRN21, IRN22, REVER242";"13/05/2024 14:19:19";100121008;"100039297
"
B303429-N;1;"ORDENADOR APNEA CRESSI NEPTO NEGRO (SS12)";"05/02/2021 15:24:05";172,99;225;1053;"CRESSI-SUB ESPAÑA, S.A.";0;;"CM23, COMPARADOR, COMP_FR, COMP_PT, IRN21, IRN22, REVER242";"13/05/2024 14:19:19";100121009;"100039297
"
B303429-V;1;"ORDENADOR APNEA CRESSI NEPTO VERDE (SS12)";"05/02/2021 15:24:06";172,99;225;1053;"CRESSI-SUB ESPAÑA, S.A.";1;;"CM23, IRN21, IRN22, REVER242";"13/05/2024 14:19:19";100121010;"100039297
"
B303445-2;1;"BAÑADOR CRESSI TERMICO UOMO 2MM S/2 (SS12)";"05/02/2021 15:24:05";99,99;147;1053;"CRESSI-SUB ESPAÑA, S.A.";0;;"BF22, RBE23, RBE24, REVER242";"03/04/2024 13:47:04";100120893;"100039276
"
B303445-3;1;"BAÑADOR CRESSI TERMICO UOMO 2MM M/3 (SS12)";"05/02/2021 15:24:05";99,99;147;1053;"CRESSI-SUB ESPAÑA, S.A.";1;;"BF22, COMPARADOR, COMP_FR, COMP_PT, RBE23, RBE24, REVER242";"03/04/2024 13:47:04";100120894;"100039276
"
B303445-4;1;"BAÑADOR CRESSI TERMICO UOMO 2MM L/4 (SS12)";"05/02/2021 15:24:05";99,99;147;1053;"CRESSI-SUB ESPAÑA, S.A.";0;;"BF22, RBE23, RBE24, REVER242";"03/04/2024 13:47:04";100120895;"100039276
"
B303456-D;2;"REGULADOR MARES DUAL ADJ 62X BLACK DIN (SS12)";"13/02/2021 19:00:43";399;499;1057;"MARES, S.P.A";1;;"BF23, COMPARADOR, COMP_FR, COMP_PT, EXC_INT, IRN22, RBE22, RBE23, RBE24, RBV22, REVER242";"13/02/2021 19:00:43";100123609;"100039955
"
B303457-D;2;"REGULADOR MARES ROVER 15X DIN (SS12)";"13/02/2021 19:00:43";194,99;329;1057;"MARES, S.P.A";1;;"BF22, BF23, COMPARADOR, COMP_FR, COMP_PT, IRN22, NEBE VENTA PRIORITARIA, RBE23, RBE24, RBV22, RBV23, REVER242";"14/10/2022 10:04:26";100123600;"100039951
"
B303463-D;1;"REGULADOR MARES 28XR DIN (SS12)";"13/02/2021 19:00:43";346,99;529;1057;"MARES, S.P.A";0;;"BF23, COMPARADOR, COMP_FR, COMP_PT, EXCEPCION_2021, EXC_INT, EXC_2022, RBE22, RBE23, RBE24, RBV23, REVER242";"23/04/2024 13:36:00";100123610;"100039957
"
B303465-3637;2;"ALETAS MARES X-WING BLUE 36/37 (SS12)";"13/02/2021 19:00:43";79,99;119;1057;"MARES, S.P.A";1;;"BF22, BF23, RBE22, RBE23, RBE24, RBV22, RBV23, REVER242";"23/04/2024 13:36:01";100123648;"100039965
"
B303465-3839;2;"ALETAS MARES X-WING BLUE 38/39 (SS12)";"13/02/2021 19:00:43";79,99;119;1057;"MARES, S.P.A";1;;"BF22, BF23, RBE22, RBE23, RBE24, RBV22, RBV23, REVER242";"23/04/2024 13:36:01";100123649;"100039965
"
B303465-4041;2;"ALETAS MARES X-WING BLUE 40/41 (SS12)";"13/02/2021 19:00:43";79,99;119;1057;"MARES, S.P.A";1;;"BF22, BF23, COMPARADOR, COMP_FR, COMP_PT, RBE22, RBE23, RBE24, RBV22, RBV23, REVER242";"23/04/2024 13:36:01";100123650;"100039965
"
B303465-4243;2;"ALETAS MARES X-WING BLUE 42/43 (SS12)";"13/02/2021 19:00:44";79,99;119;1057;"MARES, S.P.A";1;;"BF22, BF23, RBE22, RBE23, RBE24, RBV22, RBV23, REVER242";"23/04/2024 13:36:01";100123651;"100039965
"
B303465-4445;2;"ALETAS MARES X-WING BLUE 44/45 (SS12)";"13/02/2021 19:00:44";79,99;119;1057;"MARES, S.P.A";1;;"BF22, BF23, RBE22, RBE23, RBE24, RBV22, RBV23, REVER242";"23/04/2024 13:36:01";100123652;"100039965
"
B303466-3637;2;"ALETAS MARES X-WING PRO BLACK 36/37 (SS12)";"13/02/2021 19:00:44";83,99;119;1057;"MARES, S.P.A";0;;"BF22, BF23, CSW, RBE22, RBE23, RBE24, RBV22, RBV23, REVER242";"23/04/2024 13:36:01";100123634;"100039962
"
B303466-4041;2;"ALETAS MARES X-WING PRO BLACK 40/41 (SS12)";"13/02/2021 19:00:44";83,99;119;1057;"MARES, S.P.A";2;;"BF22, BF23, COMPARADOR, COMP_FR, COMP_PT, IRN21, RBE22, RBE23, RBE24, RBV22, RBV23, REVER242";"23/04/2024 13:36:01";100123638;"100039962
"
B303468-140L;1;"BOLSA MARES ASCENT DRY DUFFLE (SS12) ";"13/02/2021 19:00:44";119,99;159;1057;"MARES, S.P.A";2;;"BF22, BF23, COMPARADOR, COMP_FR, COMP_PT, RBE23, RBE24, RBV22, RBV23, REGALAR, REVER242";"23/04/2024 13:36:02";100122468;"100039657
"
B303270-XL;1;"ALETA APEKS RK3 YELLOW T.XL (SS12)";"21/12/2020 19:44:58";119,99;179;1052;"AQUALUNG ESPAÑA,S.L.";1;;"BF23, IRN21, IRN22, RBE24, RBV23, REVER242, RV21";"20/02/2024 13:54:14";100118691;"100043117
"
B303271-L;1;"ALETA APEKS RK3 WHITE T.L (SS12)";"21/12/2020 19:44:58";119,99;179;1052;"AQUALUNG ESPAÑA,S.L.";0;;"BF23, IRN22, RBE24, RBV23, REGALAR, REVER242, RV21";"20/02/2024 13:54:14";100118681;"100043117
"
B303271-M;1;"ALETA APEKS RK3 WHITE T.M (SS12)";"21/12/2020 19:44:58";119,99;179;1052;"AQUALUNG ESPAÑA,S.L.";0;;"BF23, IRN21, IRN22, RBE24, RBV23, REGALAR, REVER242, RV21";"20/02/2024 13:54:14";100118680;"100043117
"
B303271-S;1;"ALETA APEKS RK3 WHITE T.S (SS12)";"21/12/2020 19:44:58";119,99;179;1052;"AQUALUNG ESPAÑA,S.L.";0;;"BF23, IRN22, RBE24, RBV23, REGALAR, REVER242, RV21";"20/02/2024 13:54:14";100118679;"100043117
"
B303271-XL;1;"ALETA APEKS RK3 WHITE T.XL (SS12)";"21/12/2020 19:44:58";119,99;179;1052;"AQUALUNG ESPAÑA,S.L.";1;;"BF23, IRN21, IRN22, RBE24, RBV23, REGALAR, REVER242, RV21";"20/02/2024 13:54:14";100118682;"100043117
"
B303272-L;1;"MUELLES APEKS RK3 SPRING STRAP T.L (SS12)";"21/12/2020 19:44:58";46,99;59;1052;"AQUALUNG ESPAÑA,S.L.";0;;"BF23, COMPARADOR, COMP_FR, COMP_PT, RBE24, RBV23, REVER242";"20/02/2024 13:54:14";100118764;"100038528
"
B303272-M;1;"MUELLES APEKS RK3 SPRING STRAP T.M (SS12)";"21/12/2020 19:44:58";46,99;59;1052;"AQUALUNG ESPAÑA,S.L.";0;;"BF23, RBE24, RBV23, REVER242";"20/02/2024 13:54:14";100118763;"100038528
"
B303272-XL;1;"MUELLES APEKS RK3 SPRING STRAP T.XL (SS12)";"21/12/2020 19:44:58";46,99;59;1052;"AQUALUNG ESPAÑA,S.L.";0;;"BF23, RBE24, RBV23, REVER242";"20/02/2024 13:54:14";100118765;"100038528
"
B303273-G;2;"FOCO APEKS LUNA MINI GREEN 1000L (SS12)";"21/12/2020 19:44:59";194,99;329;1052;"AQUALUNG ESPAÑA,S.L.";1;;"BF22, BF23, CM23, COMPARADOR, COMP_FR, COMP_PT, IRN21, IRN22, RBE24, RBV22, RBV23, REGALAR, REVER242";"03/02/2023 16:23:39";100118812;"100038541
"
B303273-GR;1;"FOCO APEKS LUNA MINI GREY 1000L (SS12)";"21/12/2020 19:44:59";194,99;329;1052;"AQUALUNG ESPAÑA,S.L.";3;;"BF22, BF23, CM23, IRN21, IRN22, RBE23, RBE24, RBV22, RBV23, REGALAR, REVER242";"20/02/2024 13:54:14";100118813;"100038541
"
B303273-O;1;"FOCO APEKS LUNA MINI ORANGE 1000L (SS12)";"21/12/2020 19:44:59";194,99;329;1052;"AQUALUNG ESPAÑA,S.L.";2;;"BF22, BF23, CM23, IRN21, IRN22, RBE23, RBE24, RBV22, RBV23, REGALAR, REVER242";"20/02/2024 13:54:14";100118814;"100038541
"
B303273-P;2;"FOCO APEKS LUNA MINI  PURPLE 1000L (SS12)";"21/12/2020 19:44:59";194,99;329;1052;"AQUALUNG ESPAÑA,S.L.";2;;"BF22, BF23, CM23, IRN21, IRN22, RBE23, RBE24, RBV22, RBV23, REGALAR, REVER242";"03/02/2023 16:23:39";100118811;"100038541
"
B303274-G;1;"FOCO APEKS LUNA 2000L (SS12)";"21/12/2020 19:44:59";399,99;669;1052;"AQUALUNG ESPAÑA,S.L.";0;;"BF22, BF23, COMPARADOR, COMP_FR, COMP_PT, EXCEPCION_2021, EXC_2022, RBE22, RBE24, RBV23, REVER242";"20/02/2024 13:54:14";100118823;"100038542
"
B303275-G;1;"FOCO APEKS LUNA ADV 3600l (SS12)";"21/12/2020 19:44:59";579,99;899;1052;"AQUALUNG ESPAÑA,S.L.";0;;"BF22, BF23, COMPARADOR, COMP_FR, COMP_PT, EXCEPCION_2021, EXC_2022, RBE22, RBE23, RBE24, RBV22, RBV23, REVER242";"20/02/2024 13:54:14";100118824;"100038543
"
B303276-K;1;"KIT GOODMAN APEKS SUJECCION LINTERNA (SS12)";"21/12/2020 19:44:59";79,99;119;1052;"AQUALUNG ESPAÑA,S.L.";1;;"BF22, BF23, COMPARADOR, COMP_FR, COMP_PT, RBE22, RBE24, RBV23, REVER242";"20/02/2024 13:54:14";100122430;"100039641
"
B303283-40;1;"TROLLEY APEKS 40L (SS12)";"21/12/2020 19:44:59";96,99;149;1052;"AQUALUNG ESPAÑA,S.L.";1;;"BF22, BF23, CM22, CM23, COMPARADOR, COMP_FR, COMP_PT, IRN21, IRN22, RBE22, RBE23, RBE24, RBV23, REVER242";"20/02/2024 13:54:14";100118756;"100043124
"
B303283-90;1;"TROLLEY APEKS 90L (SS12)";"21/12/2020 19:44:59";125,99;219;1052;"AQUALUNG ESPAÑA,S.L.";0;;"BF22, COMPARADOR, COMP_FR, COMP_PT, IRN21, IRN22, RBE22, RBE23, RBE24, REVER242";"20/02/2024 13:54:14";100118757;"100043125
"
B303427-D;1;"REGULADOR CRESSI MASTER AC25m CROMO DIN (SS12)";"05/02/2021 15:24:05";447,99;560;1053;"CRESSI-SUB ESPAÑA, S.A.";2;;"BF22, BF23, COMPARADOR, COMP_FR, COMP_PT, EXC_2022, IRN21, IRN22, RBE23, REVER242";"03/04/2024 13:47:06";100122421;"100039638
"
B303427-I;1;"REGULADOR CRESSI MASTER AC25m CROMO INT (SS12)";"05/02/2021 15:24:05";447,99;560;1053;"CRESSI-SUB ESPAÑA, S.A.";1;;"BF22, BF23, EXC_2022, IRN21, IRN22, RBE23, REVER242";"03/04/2024 13:47:06";100122422;"100039638
"
B303429-A;1;"ORDENADOR APNEA CRESSI NEPTO AZUL (SS12)";"05/02/2021 15:24:05";172,99;225;1053;"CRESSI-SUB ESPAÑA, S.A.";0;;"CM23, IRN21, IRN22, REVER242";"13/05/2024 14:19:19";100121008;"100039297
"
B303429-N;1;"ORDENADOR APNEA CRESSI NEPTO NEGRO (SS12)";"05/02/2021 15:24:05";172,99;225;1053;"CRESSI-SUB ESPAÑA, S.A.";0;;"CM23, COMPARADOR, COMP_FR, COMP_PT, IRN21, IRN22, REVER242";"13/05/2024 14:19:19";100121009;"100039297
"
B303429-V;1;"ORDENADOR APNEA CRESSI NEPTO VERDE (SS12)";"05/02/2021 15:24:06";172,99;225;1053;"CRESSI-SUB ESPAÑA, S.A.";1;;"CM23, IRN21, IRN22, REVER242";"13/05/2024 14:19:19";100121010;"100039297
"
B303445-2;1;"BAÑADOR CRESSI TERMICO UOMO 2MM S/2 (SS12)";"05/02/2021 15:24:05";99,99;147;1053;"CRESSI-SUB ESPAÑA, S.A.";0;;"BF22, RBE23, RBE24, REVER242";"03/04/2024 13:47:04";100120893;"100039276
"
B303445-3;1;"BAÑADOR CRESSI TERMICO UOMO 2MM M/3 (SS12)";"05/02/2021 15:24:05";99,99;147;1053;"CRESSI-SUB ESPAÑA, S.A.";1;;"BF22, COMPARADOR, COMP_FR, COMP_PT, RBE23, RBE24, REVER242";"03/04/2024 13:47:04";100120894;"100039276
"
B303445-4;1;"BAÑADOR CRESSI TERMICO UOMO 2MM L/4 (SS12)";"05/02/2021 15:24:05";99,99;147;1053;"CRESSI-SUB ESPAÑA, S.A.";0;;"BF22, RBE23, RBE24, REVER242";"03/04/2024 13:47:04";100120895;"100039276
"
B303456-D;2;"REGULADOR MARES DUAL ADJ 62X BLACK DIN (SS12)";"13/02/2021 19:00:43";399;499;1057;"MARES, S.P.A";1;;"BF23, COMPARADOR, COMP_FR, COMP_PT, EXC_INT, IRN22, RBE22, RBE23, RBE24, RBV22, REVER242";"13/02/2021 19:00:43";100123609;"100039955
"
B303457-D;2;"REGULADOR MARES ROVER 15X DIN (SS12)";"13/02/2021 19:00:43";194,99;329;1057;"MARES, S.P.A";1;;"BF22, BF23, COMPARADOR, COMP_FR, COMP_PT, IRN22, NEBE VENTA PRIORITARIA, RBE23, RBE24, RBV22, RBV23, REVER242";"14/10/2022 10:04:26";100123600;"100039951
"
B303463-D;1;"REGULADOR MARES 28XR DIN (SS12)";"13/02/2021 19:00:43";346,99;529;1057;"MARES, S.P.A";0;;"BF23, COMPARADOR, COMP_FR, COMP_PT, EXCEPCION_2021, EXC_INT, EXC_2022, RBE22, RBE23, RBE24, RBV23, REVER242";"23/04/2024 13:36:00";100123610;"100039957
"
B303465-3637;2;"ALETAS MARES X-WING BLUE 36/37 (SS12)";"13/02/2021 19:00:43";79,99;119;1057;"MARES, S.P.A";1;;"BF22, BF23, RBE22, RBE23, RBE24, RBV22, RBV23, REVER242";"23/04/2024 13:36:01";100123648;"100039965
"
B303465-3839;2;"ALETAS MARES X-WING BLUE 38/39 (SS12)";"13/02/2021 19:00:43";79,99;119;1057;"MARES, S.P.A";1;;"BF22, BF23, RBE22, RBE23, RBE24, RBV22, RBV23, REVER242";"23/04/2024 13:36:01";100123649;"100039965
"
B303465-4041;2;"ALETAS MARES X-WING BLUE 40/41 (SS12)";"13/02/2021 19:00:43";79,99;119;1057;"MARES, S.P.A";1;;"BF22, BF23, COMPARADOR, COMP_FR, COMP_PT, RBE22, RBE23, RBE24, RBV22, RBV23, REVER242";"23/04/2024 13:36:01";100123650;"100039965
"
B303465-4243;2;"ALETAS MARES X-WING BLUE 42/43 (SS12)";"13/02/2021 19:00:44";79,99;119;1057;"MARES, S.P.A";1;;"BF22, BF23, RBE22, RBE23, RBE24, RBV22, RBV23, REVER242";"23/04/2024 13:36:01";100123651;"100039965
"
B303465-4445;2;"ALETAS MARES X-WING BLUE 44/45 (SS12)";"13/02/2021 19:00:44";79,99;119;1057;"MARES, S.P.A";1;;"BF22, BF23, RBE22, RBE23, RBE24, RBV22, RBV23, REVER242";"23/04/2024 13:36:01";100123652;"100039965
"
B303466-3637;2;"ALETAS MARES X-WING PRO BLACK 36/37 (SS12)";"13/02/2021 19:00:44";83,99;119;1057;"MARES, S.P.A";0;;"BF22, BF23, CSW, RBE22, RBE23, RBE24, RBV22, RBV23, REVER242";"23/04/2024 13:36:01";100123634;"100039962
"
B303466-4041;2;"ALETAS MARES X-WING PRO BLACK 40/41 (SS12)";"13/02/2021 19:00:44";83,99;119;1057;"MARES, S.P.A";2;;"BF22, BF23, COMPARADOR, COMP_FR, COMP_PT, IRN21, RBE22, RBE23, RBE24, RBV22, RBV23, REVER242";"23/04/2024 13:36:01";100123638;"100039962
"
B303468-140L;1;"BOLSA MARES ASCENT DRY DUFFLE (SS12) ";"13/02/2021 19:00:44";119,99;159;1057;"MARES, S.P.A";2;;"BF22, BF23, COMPARADOR, COMP_FR, COMP_PT, RBE23, RBE24, RBV22, RBV23, REGALAR, REVER242";"23/04/2024 13:36:02";100122468;"100039657
"
B303469-75L;1;"MOCHILA MARES ASCENT DRY BACKPACK (SS12) ";"13/02/2021 19:00:44";79,99;109;1057;"MARES, S.P.A";1;;"BF22, BF23, COMPARADOR, COMP_FR, COMP_PT, IRN21, RBE23, RBE24, RBV22, RBV23, REGALAR, REVER242";"23/04/2024 13:36:02";100122455;"100039649
"
B303470-A;1;"MOCHILA MARES ASCENT DRY FINS BAG (SS12) ";"13/02/2021 19:00:44";75,99;109;1057;"MARES, S.P.A";0;;"BF22, BF23, COMPARADOR, COMP_FR, COMP_PT, RBE23, RBE24, RBV22, RBV23, REVER242";"23/04/2024 13:36:02";100122464;"100039655
"
B303471-2PAR;1;"MOCHILA MARES ASCENT FINS BAG (SS12)";"13/02/2021 19:00:44";43,99;59,95;1057;"MARES, S.P.A";1;;"BF23, COMPARADOR, COMP_FR, COMP_PT, IRN21, RBE23, RBE24, RBV23, REVER242";"23/04/2024 13:36:02";100123683;"100039974
"
B303473-DESN;2;"AGUJA PASAPECES MARES CON DESENROCADOR (SS12)";"13/02/2021 19:00:44";26,99;27,95;1057;"MARES, S.P.A";10;;"BF22, RBE24, RBV23, REVER242";"23/04/2024 13:36:02";100123697;"100039976
"
B303474-1053;1;"LINTERNA MARES EOS BEAM (SS12) ";"13/02/2021 19:00:44";99,99;129;1057;"MARES, S.P.A";3;;"BF23, CM22, CM23, COMPARADOR, COMP_FR, COMP_PT, IRN22, RBE23, RBE24, RBV23, REGALAR, REVER242";"23/04/2024 13:36:02";100123716;"100039981
"
B303476-M;2;"CHALECO MARES FLOATING SUMMER LIME T.M (18-30 KG) (SS12)";"13/02/2021 19:00:43";39,99;59,95;1057;"MARES, S.P.A";3;;"BF22, BF23, CM23, OUTLET, RBE23, RBE24, REVER242";"23/04/2024 13:35:58";100123571;"100039938
"
B303476-S;2;"CHALECO MARES FLOATING SUMMER LIME T.S (15-18 KG) (SS12)";"13/02/2021 19:00:43";39,99;59,95;1057;"MARES, S.P.A";1;;"BF22, BF23, CM23, OUTLET, RBE23, RBE24, REVER242";"23/04/2024 13:35:58";100123570;"100039938
"
B303476-XS;2;"CHALECO MARES FLOATING SUMMER LIME T.XS (11-15 KG) (SS12)";"13/02/2021 19:00:43";39,99;59,95;1057;"MARES, S.P.A";1;;"BF22, BF23, CM23, OUTLET, RBE23, RBE24, REVER242";"23/04/2024 13:35:58";100123569;"100039938
"
B303476-XXS;2;"CHALECO MARES FLOATING SUMMER LIME T.XXS (-11 KG) (SS12)";"13/02/2021 19:00:43";39,99;59,95;1057;"MARES, S.P.A";4;;"BF22, BF23, CM23, OUTLET, RBE23, RBE24, RBV23, REVER242";"23/04/2024 13:35:58";100123568;"100039938
"
B303477-M;2;"CHALECO MARES FLOATING SUMMER PINK T.M (18-30 KG) (SS12)";"13/02/2021 19:00:43";39,99;59,95;1057;"MARES, S.P.A";1;;"BF22, BF23, CM23, OUTLET, RBE23, RBE24, RBV23, REVER242";"23/04/2024 13:35:58";100123575;"100039938
"
B303477-S;2;"CHALECO MARES FLOATING SUMMER PINK T.S (15-18 KG) (SS12)";"13/02/2021 19:00:43";39,99;59,95;1057;"MARES, S.P.A";1;;"BF22, BF23, CM23, OUTLET, RBE23, RBE24, RBV23, REVER242";"23/04/2024 13:35:58";100123574;"100039938
"
B303477-XS;2;"CHALECO MARES FLOATING SUMMER PINK T.XS (11-15 KG) (SS12)";"13/02/2021 19:00:43";39,99;59,95;1057;"MARES, S.P.A";2;;"BF22, BF23, CM23, OUTLET, RBE23, RBE24, RBV23, REVER242";"23/04/2024 13:35:58";100123573;"100039938
"
B303569-D;1;"REGULADOR APEKSXTX 50 DIN (SS12)";"18/02/2021 13:46:20";496,99;749;1052;"AQUALUNG ESPAÑA,S.L.";0;;"BF22, BF23, COMPARADOR, COMP_FR, COMP_PT, EXCEPCION_2021, IRN21, IRN22, RBE23, RBE24, RBV23, REVER242";"20/02/2024 13:54:13";100122470;"100039658
"
B303570-40;1;"OCTOPUS APEKS XTX 40 BALANCED (SS12)";"18/02/2021 13:47:46";189;289;1052;"AQUALUNG ESPAÑA,S.L.";12;;"BF22, BF23, COMPARADOR, COMP_FR, COMP_PT, IRN21, IRN22, RBE23, RBE24, RBV22, RBV23, REGALAR, REVER242";"20/02/2024 13:54:13";100122459;"100039654
"
B303571-E;1;"OCTOPUS APEKS EGRESS (SS12)";"18/02/2021 13:49:19";168,99;239;1052;"AQUALUNG ESPAÑA,S.L.";10;;"BF22, BF23, COMPARADOR, COMP_FR, COMP_PT, IRN21, IRN22, RBE23, RBE24, RBV22, RBV23, REGALAR, REVER242";"20/02/2024 13:54:13";100122456;"100039651
"
B303572-D;1;"REGULADOR APEKS XTX 200 DIN 300 (SS12)";"18/02/2021 13:51:56";558,99;849;1052;"AQUALUNG ESPAÑA,S.L.";11;;"BF22, BF23, COMPARADOR, COMP_FR, COMP_PT, EXCEPCION_2021, EXC_2022, IRN22, NEBE VENTA PRIORITARIA, RBE23, RBE24, RBV22, RBV23, REGALAR, REVER242, RV21";"20/02/2024 13:54:13";100122467;"100039656
"
B303575-DIN;2;"REGULADOR AQUALUNG TITAN DIN (SS12)";"18/02/2021 13:58:42";250,99;369;1052;"AQUALUNG ESPAÑA,S.L.";1;;"BF22, BF23, IRN21, NEBE VENTA PRIORITARIA, OUTLET, RBE22, RBE23, RBE24, RBV22, RBV23, REVER242";"20/02/2024 13:54:11";100162799;"100047624
"
B303830-M;1;"JACKET SCUBAPRO HYDROS PRO BLANCO SRA. T.M (SS12)         ";"06/03/2021 14:07:44";698,99;920;100002778;"JOHNSON-OUTDOORS ";2;;"BF23, COMPARADOR, COMP_FR, COMP_PT, EXCEPCION_2021, EXC_2022, IRN22, MUJER, RBE23, RBE24, REGALAR, REVER242";"22/03/2024 18:34:37";100049120;"100017959
"
B303830XSS;1;"JACKET SCUBAPRO HYDROS PRO BLANCO SRA. BPI-XS-S       ";"03/05/2022 10:59:08";698,99;920;100002778;"JOHNSON-OUTDOORS ";0;;"BF23, COMPARADOR, COMP_FR, COMP_PT, EXC_2022, IRN22, MUJER, RBE23, RBE24, REGALAR, REVER242";"22/03/2024 18:34:37";100143886;"100046096
"
B303832-T;1;"""CUCHILLO SCUBAPRO SK """"T"""" TITANIUM (SS12)          """;"06/03/2021 14:07:44";138,99;178;100002778;"JOHNSON-OUTDOORS ";1;;"BF23, COMPARADOR, COMP_FR, COMP_PT, IRN21, IRN22, RBE23, RBE24, REGALAR, REVER242";"22/03/2024 18:34:40";100123747;"100039993
"
B303834-0,5;2;"LASTRE SCUBAPRO TOBILLOS 500 GR (SS12)      ";"06/03/2021 14:07:44";32,99;41;100002778;"JOHNSON-OUTDOORS ";11;;"BF22, BF23, OUTLET, RBE22, RBE23, RBE24, RBV22, RBV23, REVER242";"22/03/2024 18:34:40";100123768;"100040002
"
B303834-1;2;"LASTRE SCUBAPRO TOBILLOS 1 KG (SS12)        ";"06/03/2021 14:07:44";38,99;49;100002778;"JOHNSON-OUTDOORS ";6;;"BF22, BF23, OUTLET, RBE22, RBE23, RBE24, RBV22, RBV23, REVER242";"22/03/2024 18:34:40";100123769;"100040002
"
B303838-1,5;1;"LENTES OPTICAS SCUBAPRO ZOOM MIOPIA -1.5 (UNIDAD) (SS12)        ";"11/03/2021 12:40:14";37,99;47,5;100002778;"JOHNSON-OUTDOORS ";0;;"BF23, RBE24, REVER242";"22/03/2024 18:34:40";100124360;"100040112
"
B303838-2;1;"LENTES OPTICAS SCUBAPRO ZOOM MIOPIA -2.0 (UNIDAD) (SS12)     ";"11/03/2021 12:40:14";37,99;47,5;100002778;"JOHNSON-OUTDOORS ";1;;"BF23, RBE24, REVER242";"22/03/2024 18:34:40";100124362;"100040112
"
B303838-2,5;1;"LENTES OPTICAS SCUBAPRO ZOOM MIOPIA -2.5 (UNIDAD) (SS12)    ";"11/03/2021 12:40:14";37,99;47,5;100002778;"JOHNSON-OUTDOORS ";0;;"BF23, RBE24, REVER242";"22/03/2024 18:34:40";100124364;"100040112
"
B303838-3;2;"LENTES OPTICAS SCUBAPRO ZOOM MIOPIA -3.0 (UNIDAD) (SS12)     ";"11/03/2021 12:40:14";29,99;47,5;100002778;"JOHNSON-OUTDOORS ";1;;"BF23, OUTLET, RBE24, REVER242";"22/03/2024 18:34:40";100124366;"100040112
"
B303838-3,5;1;"LENTES OPTICAS SCUBAPRO ZOOM MIOPIA -3.5 (UNIDAD) (SS12)     ";"11/03/2021 12:40:14";37,99;47,5;100002778;"JOHNSON-OUTDOORS ";0;;"BF23, RBE24, REVER242";"22/03/2024 18:34:40";100124370;"100040112
"
B303838-4;1;"LENTES OPTICAS SCUBAPRO ZOOM MIOPIA -4.0 (UNIDAD) (SS12)     ";"11/03/2021 12:40:14";37,99;47,5;100002778;"JOHNSON-OUTDOORS ";0;;"BF23, RBE24, REVER242";"22/03/2024 18:34:40";100124371;"100040112
"
B303838-4,5;1;"LENTES OPTICAS SCUBAPRO ZOOM MIOPIA -4.5 (UNIDAD) (SS12)    ";"11/03/2021 12:40:14";37,99;47,5;100002778;"JOHNSON-OUTDOORS ";0;;"BF23, RBE24, REVER242";"22/03/2024 18:34:40";100124372;"100040112
"
B303838-5;1;"LENTES OPTICAS SCUBAPRO ZOOM MIOPIA -5.0 (UNIDAD) (SS12)     ";"11/03/2021 12:40:14";37,99;47,5;100002778;"JOHNSON-OUTDOORS ";0;;"BF23, RBE24, REVER242";"22/03/2024 18:34:40";100124373;"100040112
"
B303838-5,5;1;"LENTES OPTICAS SCUBAPRO ZOOM MIOPIA -5.5 (UNIDAD) (SS12)     ";"11/03/2021 12:40:14";37,99;47,5;100002778;"JOHNSON-OUTDOORS ";0;;"BF23, RBE24, REVER242";"22/03/2024 18:34:40";100124374;"100040112
"
B303838-6;1;"LENTES OPTICAS SCUBAPRO ZOOM MIOPIA -6.0 (UNIDAD) (SS12)     ";"11/03/2021 12:40:14";37,99;47,5;100002778;"JOHNSON-OUTDOORS ";0;;"BF23, RBE24, REVER242";"22/03/2024 18:34:40";100124375;"100040112
"
B303838-6,5;1;"LENTES OPTICAS SCUBAPRO ZOOM MIOPIA -6.5 (UNIDAD) (SS12)     ";"11/03/2021 12:40:14";37,99;47,5;100002778;"JOHNSON-OUTDOORS ";0;;"BF23, RBE24, REVER242";"22/03/2024 18:34:40";100124376;"100040112
"
B303838-7;1;"LENTES OPTICAS SCUBAPRO ZOOM MIOPIA -7.0 (UNIDAD) (SS12)     ";"11/03/2021 12:40:14";37,99;47,5;100002778;"JOHNSON-OUTDOORS ";0;;"BF23, RBE24, REVER242";"22/03/2024 18:34:40";100124378;"100040112
"
B303838-7,5;1;"LENTES OPTICAS SCUBAPRO ZOOM MIOPIA -7.5 (UNIDAD) (SS12)     ";"11/03/2021 12:40:15";37,99;47,5;100002778;"JOHNSON-OUTDOORS ";0;;"BF23, RBE24, REVER242";"22/03/2024 18:34:40";100124379;"100040112
"
B303838-8;1;"LENTES OPTICAS SCUBAPRO ZOOM MIOPIA -8.0 (UNIDAD) (SS12)     ";"11/03/2021 12:40:15";37,99;47,5;100002778;"JOHNSON-OUTDOORS ";0;;"BF23, RBE24, REVER242";"22/03/2024 18:34:40";100124380;"100040112
"
B304075-M;1;"ORDENADOR OMER MISTRAL FREEDIVING (SS12)";"29/03/2021 11:09:20";104,99;179;1052;"AQUALUNG ESPAÑA,S.L.";0;;"BF22, BF23, CM23, COMPARADOR, COMP_FR, COMP_PT, IRN21, RBE23, RBE24, RBV22, RBV23, REVER242";"20/02/2024 13:54:15";100171760;"100052445
"
B304128-100;2;"FUSIL OMER CAYMAN 2000 100CM ALUMINIO (SS12)";"08/04/2021 13:44:19";143,99;195;1052;"AQUALUNG ESPAÑA,S.L.";1;;"BF22, BF23, OUTLET, RBE23, RBE24, RBV22, RBV23, REVER242, RV21, X23";"20/02/2024 13:54:15";100125786;"100040476
"
B304128-50;2;"FUSIL OMER CAYMAN 2000 50CM ALUMINIO (SS12)";"08/04/2021 13:44:19";129,99;169;1052;"AQUALUNG ESPAÑA,S.L.";1;;"BF22, BF23, OUTLET, RBE23, RBE24, RBV23, REVER242, RV21, X23";"20/02/2024 13:54:15";100125781;"100040476
"
B304128-75;2;"FUSIL OMER CAYMAN 2000 75CM ALUMINIO (SS12)";"08/04/2021 13:44:19";129,99;179;1052;"AQUALUNG ESPAÑA,S.L.";2;;"BF22, BF23, COMPARADOR, COMP_FR, COMP_PT, OUTLET, RBE23, RBE24, RBV22, RBV23, REVER242, RV21, X23";"20/02/2024 13:54:15";100125783;"100040476
"
B304128-82;2;"FUSIL OMER CAYMAN 2000 82CM ALUMINIO (SS12)";"08/04/2021 13:44:19";139,99;185;1052;"AQUALUNG ESPAÑA,S.L.";1;;"BF22, BF23, OUTLET, RBE23, RBE24, RBV22, RBV23, REVER242, RV21, X23";"20/02/2024 13:54:15";100125784;"100040476
"
B304128-90;2;"FUSIL OMER CAYMAN 2000 90CM ALUMINIO (SS12)";"08/04/2021 13:44:19";139,99;189;1052;"AQUALUNG ESPAÑA,S.L.";1;;"BF22, BF23, COMPARADOR, COMP_FR, COMP_PT, OUTLET, RBE23, RBE24, RBV22, RBV23, REVER242, RV21, X23";"20/02/2024 13:54:15";100125785;"100040476
"
B304163-S;2;"TRAJE NATACION HEAD SWIMRUN ROUGH 4.3.2 CRO. T.S (SS12)";"20/04/2021 12:56:07";146,99;279,95;1057;"MARES, S.P.A";2;;"BF22, BF23, OUTLET, RBE22, RBE23, RBE24, RBV22, RBV23, REVER242, RV21";"20/04/2021 12:56:07";100126198;"100040614
"
B304260-C;1;"CONSOLA SEAC SUB SCREEN  + MANOMETRO BAR (SS12)";"10/05/2021 20:19:46";276,99;369;1208;"SEAC SUB S.p.A.";0;;"BF22, COMPARADOR, COMP_FR, COMP_PT, RBE24, REVER242";"14/02/2024 16:16:25";100127540;"100040891
"
B304261-B;1;"BATERIA SEAC SUB SZ5000 (SS12)";"10/05/2021 20:19:46";62,99;86;1208;"SEAC SUB S.p.A.";0;;"BF23, COMPARADOR, COMP_FR, COMP_PT, IRN21, RBE23, RBE24, REVER242";"14/02/2024 16:16:25";100127594;"100040903
"
B304261-F;2;"FOCO SEAC SUB SZ5000 NEGRA (SS12)";"10/05/2021 20:19:46";279,99;338;1208;"SEAC SUB S.p.A.";2;;"BF22, BF23, IRN21, IRN22, OUTLET, RBE23, RBE24, RBV23, REVER242, X23";"14/02/2024 16:16:25";100127593;"100040902
"
B304262-L;2;"GUANTES  SEAC SUB COMFORT 3 MM T.L (SS12)";"10/05/2021 20:19:46";27,99;28;1208;"SEAC SUB S.p.A.";7;;"CM23, RBE24, RBV22, RBV23, REVER242";"14/02/2024 16:16:25";100127599;"100040904
"
B304262-M;2;"GUANTES  SEAC SUB COMFORT 3 MM T.M (SS12)";"10/05/2021 20:19:46";27,99;28;1208;"SEAC SUB S.p.A.";6;;"CM23, IRN21, RBE24, RBV22, RBV23, REVER242";"14/02/2024 16:16:25";100127598;"100040904
"
B304262-S;2;"GUANTES  SEAC SUB COMFORT 3 MM T.S (SS12)";"10/05/2021 20:19:46";27,99;28;1208;"SEAC SUB S.p.A.";10;;"CM23, IRN21, RBE24, RBV22, RBV23, REVER242";"14/02/2024 16:16:25";100127597;"100040904
"
B304262-XL;2;"GUANTES  SEAC SUB COMFORT 3 MM T.XL (SS12)";"10/05/2021 20:19:46";27,99;28;1208;"SEAC SUB S.p.A.";5;;"CM23, IRN21, RBE24, RBV22, RBV23, REVER242";"14/02/2024 16:16:25";100127600;"100040904
"
B304262-XS;2;"GUANTES  SEAC SUB COMFORT 3 MM T.XS (SS12)";"10/05/2021 20:19:46";27,99;28;1208;"SEAC SUB S.p.A.";4;;"CM23, IRN21, RBE24, RBV22, RBV23, REVER242";"14/02/2024 16:16:25";100127596;"100040904
"
B304262-XXL;2;"GUANTES  SEAC SUB COMFORT 3 MM T.XXL (SS12)";"10/05/2021 20:19:46";27,99;28;1208;"SEAC SUB S.p.A.";3;;"CM23, IRN21, RBE24, RBV22, RBV23, REVER242";"14/02/2024 16:16:25";100127601;"100040904
"
B304262-XXS;2;"GUANTES  SEAC SUB COMFORT 3 MM T.XXS (SS12)";"10/05/2021 20:19:46";27,99;28;1208;"SEAC SUB S.p.A.";3;;"CM23, RBE24, RBV22, RBV23, REVER242";"14/02/2024 16:16:25";100127595;"100040904
"
B304264-N;2;"CAJA SEAC SUB MASCARAS (SS12)";"10/05/2021 20:19:46";7,99;11;1208;"SEAC SUB S.p.A.";1;;"OUTLET, RBE24, REVER242";"14/02/2024 16:16:25";100127628;"100040906
"
B304290-1;1;"LATIGUILLO APEKS FLEXI 3/8'' 1 M (SS12)";"10/05/2021 11:13:38";51,99;65;1052;"AQUALUNG ESPAÑA,S.L.";0;;"BF23, COMPARADOR, COMP_FR, COMP_PT, RBE22, RBE24, REVER242";"20/02/2024 13:54:13";100127178;"100040803
"
B304290-2;2;"LATIGUILLO APEKS FLEXI 3/8'' 2 M (SS12)";"10/05/2021 11:13:38";56,99;79;1052;"AQUALUNG ESPAÑA,S.L.";5;;"COMPARADOR, COMP_FR, COMP_PT, OUTLET, RBE24, REVER242";"20/02/2024 13:54:13";100127188;"100040807
"
B304292-TN;2;"CUCHILLO SEAC SUB TITANIUM NEGRO (SS12)";"10/05/2021 20:19:46";69,99;106;1208;"SEAC SUB S.p.A.";4;;"BF22, BF23, COMPARADOR, COMP_FR, COMP_PT, IRN22, RBE24, RBV23, REVER242";"27/04/2022 9:31:56";100127630;"100040908
"
B304296-1000;1;"TROLLEY SEAC SUB EQUIPAJE 1000 (SS12)";"10/05/2021 20:19:47";190,99;269;1208;"SEAC SUB S.p.A.";1;;"BF22, BF23, COMPARADOR, COMP_FR, COMP_PT, CSW, IRN22, RBE22, RBE23, RBE24, RBV22, RBV23, REVER242, RV21, X23";"14/02/2024 16:16:25";100127635;"100040913
"
B304303-100;2;"BOLSA SEAC SUB U/BOOT 100 (SS12)";"10/05/2021 20:19:47";68,99;83;1208;"SEAC SUB S.p.A.";5;;"BF22, BF23, IRN22, OUTLET, RBE23, RBE24, RBV22, RBV23, REVER242";"14/02/2024 16:16:25";100127660;"100040921
"
B304303-130;1;"BOLSA SEAC SUB U/BOOT 130 (SS12)";"10/05/2021 20:19:47";72,99;98;1208;"SEAC SUB S.p.A.";0;;"BF22, BF23, COMPARADOR, COMP_FR, COMP_PT, IRN22, RBE23, RBE24, RBV22, RBV23, REVER242";"14/02/2024 16:16:25";100127662;"100040922
"
B30430635-2X;1;"TRAJE SEAC SUB ROYAL HOMBRE 3,5MM T.XXL (SS12)";"11/05/2021 13:00:40";133,99;195;1208;"SEAC SUB S.p.A.";0;;"BF22, BF23, RBE24, RBV22, RBV23, REVER242, RV21";"14/02/2024 16:16:25";100127326;"100040837
"
B30430635-3X;1;"TRAJE SEAC SUB ROYAL HOMBRE 3,5MM S T.XXXL (SS12)";"11/05/2021 13:00:40";133,99;195;1208;"SEAC SUB S.p.A.";0;;"BF22, BF23, RBE24, RBV22, RBV23, REVER242, RV21";"14/02/2024 16:16:25";100127327;"100040837
"
B30430635-L;1;"TRAJE SEAC SUB ROYAL HOMBRE 3,5MM T.L (SS12)";"11/05/2021 13:00:40";133,99;195;1208;"SEAC SUB S.p.A.";1;;"BF22, BF23, RBE24, RBV22, RBV23, REVER242, RV21";"14/02/2024 16:16:25";100127324;"100040837
"
B30430635-M;1;"TRAJE SEAC SUB ROYAL HOMBRE 3,5MM T.M (SS12)";"11/05/2021 13:00:40";133,99;195;1208;"SEAC SUB S.p.A.";3;;"BF22, BF23, COMPARADOR, COMP_FR, COMP_PT, RBE24, RBV22, RBV23, REVER242, RV21";"14/02/2024 16:16:25";100127323;"100040837
"
B30430635-S;1;"TRAJE SEAC SUB ROYAL HOMBRE 3,5MM T.S (SS12)";"11/05/2021 13:00:40";133,99;195;1208;"SEAC SUB S.p.A.";1;;"BF22, BF23, RBE24, RBV22, RBV23, REVER242, RV21";"14/02/2024 16:16:25";100127313;"100040837
"
B30430635-XL;1;"TRAJE SEAC SUB ROYAL HOMBRE 3,5MM T.XL (SS12)";"11/05/2021 13:00:40";133,99;195;1208;"SEAC SUB S.p.A.";1;;"BF22, BF23, RBE24, RBV22, RBV23, REVER242, RV21";"14/02/2024 16:16:25";100127325;"100040837
"
B3043065-2XL;1;"TRAJE SEAC SUB ROYAL HOMBRE 5MM T.XXL (SS12)";"11/05/2021 13:00:40";151,99;209;1208;"SEAC SUB S.p.A.";0;;"BF22, BF23, CSW, RBE23, RBE24, RBV22, RBV23, REVER242, RV21, X24";"14/02/2024 16:16:25";100127332;"100040837
"
B3043065-3XL;1;"TRAJE SEAC SUB ROYAL HOMBRE 5MM T.XXXL (SS12)";"11/05/2021 13:00:40";151,99;209;1208;"SEAC SUB S.p.A.";0;;"BF22, BF23, CSW, RBE23, RBE24, RBV22, RBV23, REVER242, RV21, X24";"14/02/2024 16:16:25";100127333;"100040837
"
B3043065-L;1;"TRAJE SEAC SUB ROYAL HOMBRE 5MM T.L (SS12)";"11/05/2021 13:00:40";151,99;209;1208;"SEAC SUB S.p.A.";1;;"BF22, BF23, CSW, RBE23, RBE24, RBV22, RBV23, REVER242, RV21, X24";"14/02/2024 16:16:25";100127330;"100040837
"
B3043065-M;1;"TRAJE SEAC SUB ROYAL HOMBRE 5MM T.M (SS12)";"11/05/2021 13:00:40";151,99;209;1208;"SEAC SUB S.p.A.";2;;"BF22, BF23, COMPARADOR, COMP_FR, COMP_PT, CSW, RBE23, RBE24, RBV22, RBV23, REVER242, RV21, X24";"14/02/2024 16:16:25";100127329;"100040837
"
B3043065-S;1;"TRAJE SEAC SUB ROYAL HOMBRE 5MM T.S (SS12)";"11/05/2021 13:00:40";151,99;209;1208;"SEAC SUB S.p.A.";2;;"BF22, BF23, CSW, RBE23, RBE24, RBV22, RBV23, REVER242, RV21, X24";"14/02/2024 16:16:25";100127328;"100040837
"
B3043065-XL;1;"TRAJE SEAC SUB ROYAL HOMBRE 5MM T.XL (SS12)";"11/05/2021 13:00:40";151,99;209;1208;"SEAC SUB S.p.A.";3;;"BF22, BF23, CSW, RBE23, RBE24, RBV22, RBV23, REVER242, RV21, X24";"14/02/2024 16:16:25";100127331;"100040837
"
B3043067-2XL;1;"TRAJE SEAC SUB ROYAL HOMBRE 7MM T.XXL (SS12)";"11/05/2021 13:00:40";184,99;255;1208;"SEAC SUB S.p.A.";0;;"BF22, BF23, RBE23, RBE24, RBV22, RBV23, REVER242, RV21";"14/02/2024 16:16:25";100127338;"100040837
"
B3043067-3XL;1;"TRAJE SEAC SUB ROYAL HOMBRE 7MM T.XXXL (SS12)";"11/05/2021 13:00:40";184,99;255;1208;"SEAC SUB S.p.A.";1;;"BF22, BF23, RBE23, RBE24, RBV22, RBV23, REVER242, RV21";"14/02/2024 16:16:25";100127339;"100040837
"
B3043067-L;1;"TRAJE SEAC SUB ROYAL HOMBRE 7MM T.L (SS12)";"11/05/2021 13:00:40";184,99;255;1208;"SEAC SUB S.p.A.";1;;"BF22, BF23, RBE23, RBE24, RBV22, RBV23, REVER242, RV21";"14/02/2024 16:16:25";100127336;"100040837
"
B3043067-M;1;"TRAJE SEAC SUB ROYAL HOMBRE 7MM T.M (SS12)";"11/05/2021 13:00:40";184,99;255;1208;"SEAC SUB S.p.A.";0;;"BF22, BF23, COMPARADOR, COMP_FR, COMP_PT, RBE23, RBE24, RBV22, RBV23, REVER242, RV21";"14/02/2024 16:16:25";100127335;"100040837
"
B3043067-S;1;"TRAJE SEAC SUB ROYAL HOMBRE 7MM T.S (SS12)";"11/05/2021 13:00:40";184,99;255;1208;"SEAC SUB S.p.A.";0;;"BF22, BF23, RBE23, RBE24, RBV22, RBV23, REVER242, RV21";"14/02/2024 16:16:25";100127334;"100040837
"
B3043067-XL;1;"TRAJE SEAC SUB ROYAL HOMBRE 7MM T.XL (SS12)";"11/05/2021 13:00:40";184,99;255;1208;"SEAC SUB S.p.A.";0;;"BF22, BF23, RBE23, RBE24, RBV22, RBV23, REVER242, RV21";"14/02/2024 16:16:25";100127337;"100040837
"
B304365-ML;2;"MONOPIEZA AQUALUNG DIVE 6MM CAPUCHA SRA. T.ML (SS12)";"21/05/2021 19:23:09";129,99;219;1052;"AQUALUNG ESPAÑA,S.L.";1;;"BF22, BF23, OUTLET, RBE23, RBV23, REVER242";"21/05/2021 19:23:09";100127840;"100040984
"
B304496-S;2;"CAPUCHA AQUALUNG COMFORT/DYNAFLEX 5MM  UNISEX T.S (SS12)";"08/06/2021 12:03:37";54,99;59;1052;"AQUALUNG ESPAÑA,S.L.";1;;"BF23, OUTLET, RBE24, REVER242";"20/02/2024 13:54:13";100128662;"100041203
"
B304496-XL;2;"CAPUCHA AQUALUNG COMFORT/DYNAFLEX 5MM  UNISEX T.XL (SS12)";"08/06/2021 12:03:37";41,99;59;1052;"AQUALUNG ESPAÑA,S.L.";1;;"BF23, OUTLET, RBE24, REVER242";"20/02/2024 13:54:13";100128665;"100041203
"
B304577-GBB;2;"GAFA PISCINA ZOGGS BONDI JR GREEN/BLUE/BLUE (SS12) ";"22/06/2021 11:00:59";9,9;9,9;1057;"MARES, S.P.A";2;;"CM22, CM23, COMUNIONES, CSW, JUNIOR, REVER242";"22/06/2021 11:00:59";100129019;"100041353
"
B304733-S;2;"ALETA MARES POWER PLANA TEC XR LINE  SILVER BAG WITH HANDLE T.S (SS12)";"09/08/2021 12:32:44";139,99;179;1057;"MARES, S.P.A";1;;"BF23, OUTLET, RBE24, RBV22, RBV23, REVER242";"23/04/2024 13:35:55";100129978;"100041780
"
B304875-40;2;"FUSIL CRESSI SAETTA 40 (SS12)";"07/09/2021 12:06:14";129;129;1053;"CRESSI-SUB ESPAÑA, S.A.";1;;"BF22, COMPARADOR, COMP_FR, COMP_PT, RBE23, REVER242";"07/02/2024 11:41:32";100131661;"100042410
"
B304892-5;2;"ESCARPIN MARES SEAL SKIN DS 5MM T.5 (SS12)";"10/09/2021 12:23:55";55,99;79;1057;"MARES, S.P.A";2;;"BF22, BF23, IRN21, OUTLET, RBE24, RBV23, REVER242";"10/09/2021 12:23:55";100131701;"100042427
"
B304892-6;2;"ESCARPIN MARES SEAL SKIN DS 5MM T.6 (SS12)";"10/09/2021 12:23:55";55,99;79;1057;"MARES, S.P.A";1;;"BF22, BF23, IRN21, OUTLET, RBE24, RBV23, REVER242";"10/09/2021 12:23:55";100131702;"100042427
"
B304892-7;2;"ESCARPIN MARES SEAL SKIN DS 5MM T.7 (SS12)";"10/09/2021 12:23:55";55,99;79;1057;"MARES, S.P.A";3;;"BF22, BF23, IRN21, OUTLET, RBE24, RBV23, REVER242";"10/09/2021 12:23:55";100131703;"100042427
"
B304892-8;2;"ESCARPIN MARES SEAL SKIN DS 5MM T.8 (SS12)";"10/09/2021 12:23:55";55,99;79;1057;"MARES, S.P.A";3;;"BF22, BF23, IRN21, OUTLET, RBE24, RBV23, REVER242";"10/09/2021 12:23:55";100131704;"100042427
"
B304935-S;2;"BUNGEE AQUALUNG STRAP PHAZER T.S (SS12)";"20/09/2021 11:19:24";28,99;38,5;1052;"AQUALUNG ESPAÑA,S.L.";1;;"RBE24, RBV23, REVER242";"20/02/2024 13:54:12";100131967;"100042515
"
B304935-XL;2;"BUNGEE AQUALUNG STRAP PHAZER T.XL (SS12)";"20/09/2021 11:19:24";28,99;38,5;1052;"AQUALUNG ESPAÑA,S.L.";1;;"RBE24, RBV23, REVER242";"20/02/2024 13:54:12";100131969;"100042515
"
B305490-L;1;"JACKET MARES ROCK T.L (SS12)";"27/10/2021 11:23:44";247,99;379;1057;"MARES, S.P.A";0;;"BF22, BF23, CM22, CM23, COMUNIONES, RBE23, RBE24, RBV22, RBV23, REVER242";"23/04/2024 13:36:00";100134199;"100043031
"
B305490-M;1;"JACKET MARES ROCK T.M (SS12)";"27/10/2021 11:23:44";247,99;379;1057;"MARES, S.P.A";2;;"BF22, BF23, CM22, CM23, COMPARADOR, COMP_FR, COMP_PT, COMUNIONES, RBE23, RBE24, RBV22, RBV23, REGALAR, REVER242";"23/04/2024 13:36:00";100134198;"100043031
"
B305490-S;1;"JACKET MARES ROCK T.S (SS12)";"27/10/2021 11:23:44";247,99;379;1057;"MARES, S.P.A";0;;"BF22, BF23, CM22, CM23, COMUNIONES, RBE23, RBE24, RBV22, RBV23, REGALAR, REVER242";"23/04/2024 13:36:00";100134197;"100043031
"
B305490-XL;1;"JACKET MARES ROCK T.XL (SS12)";"27/10/2021 11:23:44";247,99;379;1057;"MARES, S.P.A";0;;"BF22, BF23, CM22, CM23, COMUNIONES, RBE23, RBE24, RBV22, RBV23, REGALAR, REVER242";"23/04/2024 13:36:00";100134200;"100043031
"
B305490-XS;1;"JACKET MARES ROCK T.XS (SS12)";"27/10/2021 11:23:44";247,99;379;1057;"MARES, S.P.A";1;;"BF22, BF23, CM22, CM23, COMUNIONES, RBE23, RBE24, RBV22, RBV23, REGALAR, REVER242";"23/04/2024 13:36:00";100134196;"100043031
"
B305635-AIRZ;2;"EMISOR SCUBAPRO AIRZ+ (SS12)                  ";"05/11/2021 19:21:58";224,99;300;100002778;"JOHNSON-OUTDOORS ";1;;"BF22, BF23, COMPARADOR, COMP_FR, COMP_PT, RBE23, RBE24, RBV22, RBV23, REVER242";"22/03/2024 18:34:37";100134670;"100043181
"
B305738-MAX;2;"JACKET SEAC SUB MODULAR MAX (SS22)";"27/11/2021 18:49:55";369;569;1208;"SEAC SUB S.p.A.";8;;"BF22, BF23, COMPARADOR, COMP_FR, COMP_PT, EXC_INT, IRN22, NEBE VENTA PRIORITARIA, RBE23, RBE24, RBV23, REGALAR, REVER242, X23";"21/10/2022 17:47:29";100138297;"100044330
"
B305738-U;1;"JACKET SEAC SUB MODULAR (SS22)";"27/11/2021 18:49:55";353,99;539;1208;"SEAC SUB S.p.A.";4;;"BF22, BF23, COMPARADOR, COMP_FR, COMP_PT, IRN22, RBE23, RBE24, RBV22, RBV23, REGALAR, REVER242";"14/02/2024 16:16:24";100162494;"100050044
"
B305739-3000;2;"FOCO SEAC SUB SZ3000 NEGRA (SS22)";"27/11/2021 18:49:55";223,99;279;1208;"SEAC SUB S.p.A.";6;;"BF22, BF23, IRN22, OUTLET, RBE22, RBE23, RBE24, RBV22, RBV23, REVER242, X23, X24";"14/02/2024 16:16:25";100162434;"100050036
"
B305741-22XL;1;"GUANTES SEAC SUB ULTRAFLEX 2MM T.XXL (SS22)";"27/11/2021 18:49:55";38,99;38,99;1208;"SEAC SUB S.p.A.";5;;"BF23, RBE23, RBE24, RBV23, REGALAR, REVER242";"14/02/2024 16:16:25";100138217;"100044310
"
B305741-2L;1;"GUANTES SEAC SUB ULTRAFLEX 2MM T.L (SS22)";"27/11/2021 18:49:55";38,99;38,99;1208;"SEAC SUB S.p.A.";9;;"BF23, RBE23, RBE24, RBV23, REGALAR, REVER242";"14/02/2024 16:16:25";100138215;"100044310
"
B305741-2M;1;"GUANTES SEAC SUB ULTRAFLEX 2MM T.M (SS22)";"27/11/2021 18:49:55";38,99;38,99;1208;"SEAC SUB S.p.A.";10;;"BF23, RBE23, RBE24, RBV23, REGALAR, REVER242";"14/02/2024 16:16:25";100138214;"100044310
"
B305741-2S;1;"GUANTES SEAC SUB ULTRAFLEX 2MM T.S (SS22)";"27/11/2021 18:49:55";38,99;38,99;1208;"SEAC SUB S.p.A.";10;;"BF23, RBE23, RBE24, RBV23, REGALAR, REVER242";"14/02/2024 16:16:25";100138213;"100044310
"
B305741-2XL;1;"GUANTES SEAC SUB ULTRAFLEX 2MM T.XL (SS22)";"27/11/2021 18:49:55";38,99;38,99;1208;"SEAC SUB S.p.A.";4;;"BF23, RBE23, RBE24, RBV23, REGALAR, REVER242";"14/02/2024 16:16:25";100138216;"100044310
"
B305741-2XS;1;"GUANTES SEAC SUB ULTRAFLEX 2MM T.XS (SS22)";"27/11/2021 18:49:55";38,99;38,99;1208;"SEAC SUB S.p.A.";4;;"BF23, RBE23, RBE24, RBV23, REGALAR, REVER242";"14/02/2024 16:16:25";100138212;"100044310
"
B305741-352X;1;"GUANTES SEAC SUB ULTRAFLEX 3,5MM T.XXL (SS22)";"27/11/2021 18:49:55";41,99;41,99;1208;"SEAC SUB S.p.A.";6;;"BF23, NEBE VENTA PRIORITARIA, RBE23, RBE24, RBV23, REGALAR, REVER242";"14/02/2024 16:16:25";100138229;"100044310
"
B305741-35L;1;"GUANTES SEAC SUB ULTRAFLEX 3,5MM T.L (SS22)";"27/11/2021 18:49:55";41,99;41,99;1208;"SEAC SUB S.p.A.";13;;"BF23, NEBE VENTA PRIORITARIA, RBE23, RBE24, RBV23, REGALAR, REVER242";"14/02/2024 16:16:25";100138223;"100044310
"
B305741-35M;1;"GUANTES SEAC SUB ULTRAFLEX 3,5MM T.M (SS22)";"27/11/2021 18:49:55";41,99;41,99;1208;"SEAC SUB S.p.A.";14;;"BF23, NEBE VENTA PRIORITARIA, RBE23, RBE24, RBV23, REGALAR, REVER242";"14/02/2024 16:16:25";100138221;"100044310
"
B305741-35S;1;"GUANTES SEAC SUB ULTRAFLEX 3,5MM T.S (SS22)";"27/11/2021 18:49:55";41,99;41,99;1208;"SEAC SUB S.p.A.";12;;"BF23, NEBE VENTA PRIORITARIA, RBE23, RBE24, RBV23, REGALAR, REVER242";"14/02/2024 16:16:25";100138219;"100044310
"
B305741-35XL;1;"GUANTES SEAC SUB ULTRAFLEX 3,5MM T.XL (SS22)";"27/11/2021 18:49:55";41,99;41,99;1208;"SEAC SUB S.p.A.";11;;"BF23, NEBE VENTA PRIORITARIA, RBE23, RBE24, RBV23, REGALAR, REVER242";"14/02/2024 16:16:25";100138224;"100044310
"
B305741-35XS;1;"GUANTES SEAC SUB ULTRAFLEX 3,5MM T.XS (SS22)";"27/11/2021 18:49:55";41,99;41,99;1208;"SEAC SUB S.p.A.";10;;"BF23, NEBE VENTA PRIORITARIA, RBE23, RBE24, RBV23, REGALAR, REVER242";"14/02/2024 16:16:25";100138218;"100044310
"
B306050-E1;1;"FOCO SPARKAVE SDIVE E1 (SS22)";"05/01/2022 19:49:49";98,99;109,95;100003300;"ASPARLA INTOVA S.L.";3;;"BF23, COMPARADOR, COMP_FR, COMP_PT, REVER242";"13/01/2023 9:32:55";100136858;"100043913
"
B306053-A;1;"FOCO RIFF TL MAXI AZUL (SS22)";"05/01/2022 19:49:49";118,99;144,95;100003300;"ASPARLA INTOVA S.L.";0;;"BF22, BF23, CM22, CM23, RBE23, RBE24, RBV23, REVER242";"13/01/2023 9:32:55";100137169;"100044036
"
B306053-N;1;"FOCO RIFF TL MAXI NEGRA (SS22)";"05/01/2022 19:49:49";118,99;144,95;100003300;"ASPARLA INTOVA S.L.";1;;"BF22, BF23, CM22, CM23, COMPARADOR, COMP_FR, COMP_PT, RBE23, RBE24, RBV23, REVER242";"13/01/2023 9:32:55";100137170;"100044036
"
B306053-V;1;"FOCO RIFF TL MAXI VERDE (SS22)";"05/01/2022 19:49:49";118,99;144,95;100003300;"ASPARLA INTOVA S.L.";0;;"BF22, BF23, CM22, CM23, RBE23, RBE24, RBV23, REVER242";"13/01/2023 9:32:55";100137171;"100044036
"
B306056-T350;1;"FOCO TOVATEC T3500S (SS2)";"05/01/2022 19:49:49";211,99;279,95;100003300;"ASPARLA INTOVA S.L.";0;;"BF23, COMPARADOR, COMP_FR, COMP_PT, RBE23, RBE24, REVER242";"13/01/2023 9:32:55";100136847;"100043907
"
B306061-140;1;"BOLSA CRESSI WHALE (SS22)";"13/01/2022 19:37:54";133,99;168;1053;"CRESSI-SUB ESPAÑA, S.A.";0;;"BF23, COMPARADOR, COMP_FR, COMP_PT, CSW, REVER242";"03/04/2024 13:47:06";100136775;"100043873
"
B306062-AZ;2;"MASCARA CRESSI ZS1 MEDIUM AZUL (SS22)";"13/01/2022 19:37:54";56;56;1053;"CRESSI-SUB ESPAÑA, S.A.";3;;"BF23, CM22, CM23, COMUNIONES, IRN22, RBE24, REGALAR, REVER242";"07/02/2024 11:41:35";100136777;"100043874
"
B306062-KH;2;"MASCARA CRESSI ZS1 MEDIUM KHAKI (SS22)";"13/01/2022 19:37:54";56;56;1053;"CRESSI-SUB ESPAÑA, S.A.";4;;"BF23, CM22, CM23, COMUNIONES, IRN22, RBE24, REGALAR, REVER242";"07/02/2024 11:41:35";100136780;"100043874
"
B306062-LIL;2;"MASCARA CRESSI ZS1 MEDIUM LILA (SS22)";"13/01/2022 19:37:54";56;56;1053;"CRESSI-SUB ESPAÑA, S.A.";1;;"BF23, CM22, CM23, COMUNIONES, CSW, IRN22, RBE24, REGALAR, REVER242";"07/02/2024 11:41:35";100136781;"100043874
"
B306062-RF;2;"MASCARA CRESSI ZS1 MEDIUM ROSA FLUOR (SS22)";"13/01/2022 19:37:54";56;56;1053;"CRESSI-SUB ESPAÑA, S.A.";5;;"BF23, CM22, CM23, COMUNIONES, IRN22, RBE24, REGALAR, REVER242";"07/02/2024 11:41:35";100136784;"100043874
"
B306062-RS;2;"MASCARA CRESSI ZS1 MEDIUM ROSA (SS22)";"13/01/2022 19:37:54";56;56;1053;"CRESSI-SUB ESPAÑA, S.A.";6;;"BF23, CM22, CM23, COMUNIONES, IRN22, RBE24, REGALAR, REVER242";"07/02/2024 11:41:35";100136785;"100043874
"
B306062-TR;2;"MASCARA CRESSI ZS1 MEDIUM TRANSPARENTE (SS22)";"13/01/2022 19:37:54";56;56;1053;"CRESSI-SUB ESPAÑA, S.A.";1;;"BF23, CM22, CM23, COMUNIONES, IRN22, RBE24, REGALAR, REVER242";"07/02/2024 11:41:35";100136786;"100043874
"
B306062-TU;2;"MASCARA CRESSI ZS1 MEDIUM TURQUESA (SS22)";"13/01/2022 19:37:54";56;56;1053;"CRESSI-SUB ESPAÑA, S.A.";5;;"BF23, CM22, CM23, COMUNIONES, IRN22, RBE24, REGALAR, REVER242";"07/02/2024 11:41:35";100136787;"100043874
"
B306107-32XL;1;"MONOPIEZA AQUALUNG AQUAFLEX CRO. 3MM T.2XL (SS22)";"21/01/2022 19:16:03";248,99;339;1052;"AQUALUNG ESPAÑA,S.L.";0;;"BF22, BF23, IRN22, RBE23, RBE24, RBV22, REVER242";"20/02/2024 13:54:12";100153213;"100047621
"
B306107-33XL;1;"MONOPIEZA AQUALUNG AQUAFLEX CRO. 3MM T.3XL (SS22)";"21/01/2022 19:16:03";248,99;339;1052;"AQUALUNG ESPAÑA,S.L.";0;;"BF22, BF23, IRN22, RBE23, RBE24, RBV22, REVER242";"20/02/2024 13:54:12";100153214;"100047621
"
B306107-3L;1;"MONOPIEZA AQUALUNG AQUAFLEX CRO. 3MM T.L (SS22)";"21/01/2022 19:16:03";238,99;339;1052;"AQUALUNG ESPAÑA,S.L.";0;;"BF22, BF23, COMPARADOR, COMP_FR, COMP_PT, IRN22, RBE23, RBE24, RBV22, REVER242";"20/02/2024 13:54:12";100153211;"100047621
"
B306107-3M;1;"MONOPIEZA AQUALUNG AQUAFLEX CRO. 3MM T.M (SS22)";"21/01/2022 19:16:03";248,99;339;1052;"AQUALUNG ESPAÑA,S.L.";0;;"BF22, BF23, IRN22, RBE23, RBE24, RBV22, REVER242";"20/02/2024 13:54:12";100153209;"100047621
"
B306107-3ML;1;"MONOPIEZA AQUALUNG AQUAFLEX CRO. 3MM T.ML (SS22)";"21/01/2022 19:16:03";248,99;339;1052;"AQUALUNG ESPAÑA,S.L.";0;;"BF22, BF23, IRN22, RBE23, RBE24, RBV22, REVER242";"20/02/2024 13:54:12";100153210;"100047621
"
B306107-3S;1;"MONOPIEZA AQUALUNG AQUAFLEX CRO. 3MM T.S (SS22)";"21/01/2022 19:16:03";248,99;339;1052;"AQUALUNG ESPAÑA,S.L.";0;;"BF22, BF23, IRN22, RBE23, RBE24, RBV22, REVER242";"20/02/2024 13:54:12";100153208;"100047621
"
B306107-3XL;1;"MONOPIEZA AQUALUNG AQUAFLEX CRO. 3MM T.XL (SS22)";"21/01/2022 19:16:03";248,99;339;1052;"AQUALUNG ESPAÑA,S.L.";0;;"BF22, BF23, IRN22, RBE23, RBE24, RBV22, REVER242";"20/02/2024 13:54:12";100153212;"100047621
"
B306107-3XLS;1;"MONOPIEZA AQUALUNG AQUAFLEX CRO. 3MM T.XLS (SS22)";"21/01/2022 19:16:03";248,99;339;1052;"AQUALUNG ESPAÑA,S.L.";0;;"BF22, BF23, IRN22, RBE23, RBE24, RBV22, REVER242";"20/02/2024 13:54:12";100153237;"100047621
"
B306107-3XS;1;"MONOPIEZA AQUALUNG AQUAFLEX CRO. 3MM T.XS (SS22)";"21/01/2022 19:16:03";248,99;339;1052;"AQUALUNG ESPAÑA,S.L.";0;;"BF22, BF23, IRN22, RBE23, RBE24, RBV22, REVER242";"20/02/2024 13:54:12";100153207;"100047621
"
B306107-52XL;1;"MONOPIEZA AQUALUNG AQUAFLEX CRO. 5MM T.2XL (SS22)";"21/01/2022 19:16:03";238,99;379;1052;"AQUALUNG ESPAÑA,S.L.";0;;"BF22, BF23, IRN22, RBE23, RBE24, RBV22, REVER242";"20/02/2024 13:54:12";100153223;"100047621
"
B306107-53XL;1;"MONOPIEZA AQUALUNG AQUAFLEX CRO. 5MM T.3XL (SS22)";"21/01/2022 19:16:03";238,99;379;1052;"AQUALUNG ESPAÑA,S.L.";0;;"BF22, BF23, IRN22, RBE23, RBE24, RBV22, REVER242";"20/02/2024 13:54:12";100153224;"100047621
"
B306107-54XL;1;"MONOPIEZA AQUALUNG AQUAFLEX CRO. 5MM T.4XL (SS22)";"21/01/2022 19:16:03";238,99;379;1052;"AQUALUNG ESPAÑA,S.L.";0;;"BF22, BF23, IRN22, RBE23, RBE24, RBV22, RBV23, REVER242";"20/02/2024 13:54:12";100153225;"100047621
"
B306107-5L;1;"MONOPIEZA AQUALUNG AQUAFLEX CRO. 5MM T.L (SS22)";"21/01/2022 19:16:03";238,99;379;1052;"AQUALUNG ESPAÑA,S.L.";2;;"BF22, BF23, COMPARADOR, COMP_FR, COMP_PT, IRN22, RBE23, RBE24, RBV22, RBV23, REVER242";"20/02/2024 13:54:12";100153219;"100047621
"
B306107-5M;1;"MONOPIEZA AQUALUNG AQUAFLEX CRO. 5MM T.M (SS22)";"21/01/2022 19:16:03";238,99;379;1052;"AQUALUNG ESPAÑA,S.L.";0;;"BF22, BF23, IRN22, RBE23, RBE24, RBV22, RBV23, REVER242";"20/02/2024 13:54:12";100153218;"100047621
"
B306107-5ML;1;"MONOPIEZA AQUALUNG AQUAFLEX CRO. 5MM T.ML (SS22)";"21/01/2022 19:16:03";238,99;379;1052;"AQUALUNG ESPAÑA,S.L.";2;;"BF22, BF23, IRN22, RBE23, RBE24, RBV22, RBV23, REVER242";"20/02/2024 13:54:12";100153221;"100047621
"
B306107-5S;1;"MONOPIEZA AQUALUNG AQUAFLEX CRO. 5MM T.S (SS22)";"21/01/2022 19:16:03";238,99;379;1052;"AQUALUNG ESPAÑA,S.L.";4;;"BF22, BF23, IRN22, RBE23, RBE24, RBV22, RBV23, REVER242";"20/02/2024 13:54:12";100153217;"100047621
"
B306107-5XL;1;"MONOPIEZA AQUALUNG AQUAFLEX CRO. 5MM T.XL (SS22)";"21/01/2022 19:16:03";238,99;379;1052;"AQUALUNG ESPAÑA,S.L.";2;;"BF22, BF23, IRN22, RBE23, RBE24, RBV22, RBV23, REVER242";"20/02/2024 13:54:12";100153222;"100047621
"
B306107-5XLS;1;"MONOPIEZA AQUALUNG AQUAFLEX CRO. 5MM T.XLS (SS22)";"21/01/2022 19:16:03";238,99;379;1052;"AQUALUNG ESPAÑA,S.L.";0;;"BF22, BF23, IRN22, RBE23, RBE24, RBV22, RBV23, REVER242";"20/02/2024 13:54:12";100153236;"100047621
"
B306107-5XS;1;"MONOPIEZA AQUALUNG AQUAFLEX CRO. 5MM T.XS (SS22)";"21/01/2022 19:16:03";238,99;379;1052;"AQUALUNG ESPAÑA,S.L.";0;;"BF22, BF23, IRN22, RBE23, RBE24, RBV22, RBV23, REVER242";"20/02/2024 13:54:12";100153216;"100047621
"
B306107-72XL;1;"MONOPIEZA AQUALUNG AQUAFLEX CRO. 7MM T.2XL (SS22)";"21/01/2022 19:16:03";262,99;439;1052;"AQUALUNG ESPAÑA,S.L.";0;;"BF22, BF23, EXC_INT, IRN22, RBE23, RBE24, RBV22, RBV23, REVER242";"20/02/2024 13:54:12";100153232;"100047621
"
B306107-73XL;1;"MONOPIEZA AQUALUNG AQUAFLEX CRO. 7MM T.3XL (SS22)";"21/01/2022 19:16:03";262,99;439;1052;"AQUALUNG ESPAÑA,S.L.";0;;"BF22, BF23, EXC_INT, IRN22, RBE23, RBE24, RBV22, RBV23, REVER242";"20/02/2024 13:54:12";100153233;"100047621
"
B306107-74XL;1;"MONOPIEZA AQUALUNG AQUAFLEX CRO. 7MM T.4XL (SS22)";"21/01/2022 19:16:03";262,99;439;1052;"AQUALUNG ESPAÑA,S.L.";0;;"BF22, BF23, IRN22, RBE23, RBE24, RBV22, REVER242";"20/02/2024 13:54:12";100153234;"100047621
"
B306107-7L;1;"MONOPIEZA AQUALUNG AQUAFLEX CRO. 7MM T.L (SS22)";"21/01/2022 19:16:03";262,99;439;1052;"AQUALUNG ESPAÑA,S.L.";5;;"BF22, BF23, COMPARADOR, COMP_FR, COMP_PT, EXC_INT, IRN22, RBE23, RBE24, RBV22, RBV23, REVER242";"20/02/2024 13:54:12";100153230;"100047621
"
B306107-7M;1;"MONOPIEZA AQUALUNG AQUAFLEX CRO. 7MM T.M (SS22)";"21/01/2022 19:16:03";262,99;439;1052;"AQUALUNG ESPAÑA,S.L.";1;;"BF22, BF23, EXC_INT, IRN22, RBE23, RBE24, RBV22, RBV23, REVER242";"20/02/2024 13:54:12";100153228;"100047621
"
B306107-7ML;1;"MONOPIEZA AQUALUNG AQUAFLEX CRO. 7MM T.ML (SS22)";"21/01/2022 19:16:04";262,99;439;1052;"AQUALUNG ESPAÑA,S.L.";4;;"BF22, BF23, EXC_INT, IRN22, RBE23, RBE24, RBV22, RBV23, REVER242";"20/02/2024 13:54:12";100153229;"100047621
"
B306107-7S;1;"MONOPIEZA AQUALUNG AQUAFLEX CRO. 7MM T.S (SS22)";"21/01/2022 19:16:04";262,99;439;1052;"AQUALUNG ESPAÑA,S.L.";4;;"BF22, BF23, EXC_INT, IRN22, RBE23, RBE24, RBV22, RBV23, REVER242";"20/02/2024 13:54:12";100153227;"100047621
"
B306107-7XL;1;"MONOPIEZA AQUALUNG AQUAFLEX CRO. 7MM T.XL (SS22)";"21/01/2022 19:16:04";262,99;439;1052;"AQUALUNG ESPAÑA,S.L.";2;;"BF22, BF23, EXC_INT, IRN22, RBE23, RBE24, RBV22, RBV23, REVER242";"20/02/2024 13:54:12";100153231;"100047621
"
B306107-7XLS;1;"MONOPIEZA AQUALUNG AQUAFLEX CRO. 7MM T.XLS (SS22)";"21/01/2022 19:16:04";262,99;439;1052;"AQUALUNG ESPAÑA,S.L.";0;;"BF22, BF23, IRN22, RBE23, RBE24, RBV22, REVER242";"20/02/2024 13:54:12";100153235;"100047621
"
B306107-7XS;1;"MONOPIEZA AQUALUNG AQUAFLEX CRO. 7MM T.XS (SS22)";"21/01/2022 19:16:04";262,99;439;1052;"AQUALUNG ESPAÑA,S.L.";0;;"BF22, BF23, IRN22, RBE23, RBE24, RBV22, REVER242";"20/02/2024 13:54:12";100153226;"100047621
"
B306108-2XL;1;"MONOPIEZA AQUALUNG AQUAFLEX SRA. 3MM T.XL (SS22)";"21/01/2022 19:16:04";238,99;339;1052;"AQUALUNG ESPAÑA,S.L.";0;;"BF22, BF23, IRN22, MUJER, RBE23, RBE24, RBV22, REVER242";"20/02/2024 13:54:12";100153177;"100047618
"
B306108-32XL;1;"MONOPIEZA AQUALUNG AQUAFLEX SRA. 3MM T.2XL (SS22)";"21/01/2022 19:16:04";238,99;339;1052;"AQUALUNG ESPAÑA,S.L.";0;;"BF22, BF23, IRN22, MUJER, RBE23, RBE24, RBV22, REVER242";"20/02/2024 13:54:12";100153175;"100047618
"
B306108-3L;1;"MONOPIEZA AQUALUNG AQUAFLEX SRA. 3MM T.L (SS22)";"21/01/2022 19:16:04";238,99;339;1052;"AQUALUNG ESPAÑA,S.L.";0;;"BF22, BF23, IRN22, MUJER, RBE23, RBE24, RBV22, REVER242";"20/02/2024 13:54:12";100153174;"100047618
"
B306108-3M;1;"MONOPIEZA AQUALUNG AQUAFLEX SRA. 3MM T.M (SS22)";"21/01/2022 19:16:04";238,99;339;1052;"AQUALUNG ESPAÑA,S.L.";0;;"BF22, BF23, COMPARADOR, COMP_FR, COMP_PT, IRN22, MUJER, RBE23, RBE24, RBV22, REVER242";"20/02/2024 13:54:12";100153171;"100047618
"
B306108-3ML;1;"MONOPIEZA AQUALUNG AQUAFLEX SRA. 3MM T.ML (SS22)";"21/01/2022 19:16:04";238,99;339;1052;"AQUALUNG ESPAÑA,S.L.";0;;"BF22, BF23, IRN22, MUJER, RBE23, RBE24, RBV22, REVER242";"20/02/2024 13:54:12";100153173;"100047618
"
B306108-3S;1;"MONOPIEZA AQUALUNG AQUAFLEX SRA. 3MM T.S (SS22)";"21/01/2022 19:16:04";238,99;339;1052;"AQUALUNG ESPAÑA,S.L.";0;;"BF22, BF23, IRN22, MUJER, RBE23, RBE24, RBV22, REVER242";"20/02/2024 13:54:12";100153170;"100047618
"
B306108-3XS;1;"MONOPIEZA AQUALUNG AQUAFLEX SRA. 3MM T.XS (SS22)";"21/01/2022 19:16:04";238,99;339;1052;"AQUALUNG ESPAÑA,S.L.";0;;"BF22, BF23, IRN22, MUJER, RBE23, RBE24, RBV22, REVER242";"20/02/2024 13:54:12";100153169;"100047618
"
B306108-52XL;1;"MONOPIEZA AQUALUNG AQUAFLEX SRA. 5MM T.2XL (SS22)";"21/01/2022 19:16:04";238,99;379;1052;"AQUALUNG ESPAÑA,S.L.";1;;"BF22, BF23, IRN22, MUJER, RBE23, RBE24, RBV22, RBV23, REVER242";"20/02/2024 13:54:12";100153184;"100047618
"
B306108-5L;1;"MONOPIEZA AQUALUNG AQUAFLEX SRA. 5MM T.L (SS22)";"21/01/2022 19:16:04";238,99;379;1052;"AQUALUNG ESPAÑA,S.L.";3;;"BF22, BF23, IRN22, MUJER, RBE23, RBE24, RBV22, RBV23, REVER242";"20/02/2024 13:54:12";100153182;"100047618
"
B306108-5M;1;"MONOPIEZA AQUALUNG AQUAFLEX SRA. 5MM T.M (SS22)";"21/01/2022 19:16:04";238,99;379;1052;"AQUALUNG ESPAÑA,S.L.";2;;"BF22, BF23, COMPARADOR, COMP_FR, COMP_PT, IRN22, MUJER, RBE23, RBE24, RBV22, RBV23, REVER242";"20/02/2024 13:54:12";100153180;"100047618
"
B306108-5ML;1;"MONOPIEZA AQUALUNG AQUAFLEX SRA. 5MM T.ML (SS22)";"21/01/2022 19:16:04";238,99;379;1052;"AQUALUNG ESPAÑA,S.L.";3;;"BF22, BF23, IRN22, MUJER, RBE23, RBE24, RBV22, RBV23, REVER242";"20/02/2024 13:54:12";100153181;"100047618
"
B306108-5S;1;"MONOPIEZA AQUALUNG AQUAFLEX SRA. 5MM T.S (SS22)";"21/01/2022 19:16:04";238,99;379;1052;"AQUALUNG ESPAÑA,S.L.";2;;"BF22, BF23, IRN22, MUJER, RBE23, RBE24, RBV22, RBV23, REVER242";"20/02/2024 13:54:12";100153179;"100047618
"
B306108-5XL;1;"MONOPIEZA AQUALUNG AQUAFLEX SRA. 5MM T.XL (SS22)";"21/01/2022 19:16:04";238,99;379;1052;"AQUALUNG ESPAÑA,S.L.";3;;"BF22, BF23, IRN22, MUJER, RBE23, RBE24, RBV22, RBV23, REVER242";"20/02/2024 13:54:12";100153183;"100047618
"
B306108-5XS;1;"MONOPIEZA AQUALUNG AQUAFLEX SRA. 5MM T.XS (SS22)";"21/01/2022 19:16:04";238,99;379;1052;"AQUALUNG ESPAÑA,S.L.";2;;"BF22, BF23, IRN22, MUJER, RBE23, RBE24, RBV22, RBV23, REVER242";"20/02/2024 13:54:12";100153178;"100047618
"
B306108-72XL;1;"MONOPIEZA AQUALUNG AQUAFLEX SRA. 7MM T.2XL (SS22)";"21/01/2022 19:16:04";274,99;439;1052;"AQUALUNG ESPAÑA,S.L.";0;;"BF22, BF23, EXC_INT, IRN22, MUJER, RBE23, RBE24, RBV22, REVER242";"20/02/2024 13:54:12";100153192;"100047618
"
B306108-73XL;1;"MONOPIEZA AQUALUNG AQUAFLEX SRA. 7MM T.3XL (SS22)";"21/01/2022 19:16:04";274,99;439;1052;"AQUALUNG ESPAÑA,S.L.";0;;"BF22, BF23, IRN22, MUJER, RBE23, RBE24, RBV22, REVER242";"20/02/2024 13:54:12";100153193;"100047618
"
B306108-7L;1;"MONOPIEZA AQUALUNG AQUAFLEX SRA. 7MM T.L (SS22)";"21/01/2022 19:16:04";274,99;439;1052;"AQUALUNG ESPAÑA,S.L.";4;;"BF22, BF23, EXC_INT, IRN22, MUJER, RBE23, RBE24, RBV22, RBV23, REVER242";"20/02/2024 13:54:12";100153190;"100047618
"
B306108-7M;1;"MONOPIEZA AQUALUNG AQUAFLEX SRA. 7MM T.M (SS22)";"21/01/2022 19:16:04";274,99;439;1052;"AQUALUNG ESPAÑA,S.L.";2;;"BF22, BF23, COMPARADOR, COMP_FR, COMP_PT, EXC_INT, IRN22, MUJER, RBE23, RBE24, RBV22, REVER242";"20/02/2024 13:54:12";100153188;"100047618
"
B306108-7ML;1;"MONOPIEZA AQUALUNG AQUAFLEX SRA. 7MM T.ML (SS22)";"21/01/2022 19:16:04";274,99;439;1052;"AQUALUNG ESPAÑA,S.L.";2;;"BF22, BF23, EXC_INT, IRN22, MUJER, RBE23, RBE24, RBV22, REVER242";"20/02/2024 13:54:12";100153189;"100047618
"
B306108-7S;1;"MONOPIEZA AQUALUNG AQUAFLEX SRA. 7MM T.S (SS22)";"21/01/2022 19:16:04";274,99;439;1052;"AQUALUNG ESPAÑA,S.L.";5;;"BF22, BF23, EXC_INT, IRN22, MUJER, RBE23, RBE24, RBV22, RBV23, REVER242";"20/02/2024 13:54:12";100153187;"100047618
"
B306108-7XL;1;"MONOPIEZA AQUALUNG AQUAFLEX SRA. 7MM T.XL (SS22)";"21/01/2022 19:16:04";274,99;439;1052;"AQUALUNG ESPAÑA,S.L.";0;;"BF22, BF23, EXC_INT, IRN22, MUJER, RBE23, RBE24, RBV22, REVER242";"20/02/2024 13:54:12";100153191;"100047618
"
B306108-7XS;1;"MONOPIEZA AQUALUNG AQUAFLEX SRA. 7MM T.XS (SS22)";"21/01/2022 19:16:04";274,99;439;1052;"AQUALUNG ESPAÑA,S.L.";1;;"BF22, BF23, EXC_INT, IRN22, MUJER, RBE23, RBE24, RBV22, REVER242";"20/02/2024 13:54:12";100153186;"100047618
"
B306110-D;1;"PACK REGULADOR AQUALUNG LEG3ND MBS DIN + OCTOPUS (SS22)";"21/01/2022 19:35:31";695,99;1049;1052;"AQUALUNG ESPAÑA,S.L.";1;;"BF22, BF23, COMPARADOR, COMP_FR, COMP_PT, EXC_2022, IRN22, RBE23, RBE24, RBV23, REVER242";"20/02/2024 13:54:11";100138328;"100044348
"
B306110-I;1;"PACK REGULADOR AQUALUNG LEG3ND MBS INT + OCTOPUS (SS22)";"21/01/2022 19:35:30";695,99;1049;1052;"AQUALUNG ESPAÑA,S.L.";0;;"BF22, BF23, EXC_2022, IRN22, RBE23, RBE24, REVER242";"20/02/2024 13:54:11";100138327;"100044348
"
B306111-D;1;"PACK REGULADOR AQUALUNG LEG3ND DIN + OCTOPUS (SS22)";"21/01/2022 19:35:31";629,99;949;1052;"AQUALUNG ESPAÑA,S.L.";4;;"BF22, BF23, COMPARADOR, COMP_FR, COMP_PT, EXC_2022, IRN22, RBE23, RBE24, RBV23, REVER242";"20/02/2024 13:54:11";100138326;"100044347
"
B306111-I;1;"PACK REGULADOR AQUALUNG LEG3ND INT + OCTOPUS (SS22)";"21/01/2022 19:35:31";629,99;949;1052;"AQUALUNG ESPAÑA,S.L.";0;;"BF22, BF23, EXC_2022, IRN22, RBE23, RBE24, REVER242";"20/02/2024 13:54:11";100138324;"100044347
"
B306112-D;1;"PACK REGULADOR APEKS XTX50 DIN + XTX40 OCTO (SS22)";"21/01/2022 19:43:11";633,99;899;1052;"AQUALUNG ESPAÑA,S.L.";0;;"BF22, BF23, COMPARADOR, COMP_FR, COMP_PT, EXC_2022, IRN22, RBE23, RBE24, RBV22, RBV23, REVER242";"20/02/2024 13:54:13";100138315;"100044340
"
B306113-ZE;2;"FAST STRAP AQUALUNG ZEBRA (SS22)";"21/01/2022 19:43:11";25;25;1052;"AQUALUNG ESPAÑA,S.L.";2;;"RBV23, REVER242";"20/06/2022 10:21:46";100153153;"100047615
"
B306114-WB;2;"FAST STRAP AQUALUNG WHT BLK (SS22)";"21/01/2022 19:43:11";28,99;29;1052;"AQUALUNG ESPAÑA,S.L.";2;;"NEBE VENTA PRIORITARIA, RBE24, RBV23, REVER242";"20/02/2024 13:54:12";100153150;"100047615
"
B306114-WHB;2;"FAST STRAP AQUALUNG WHT BLK (SS22)";"21/01/2022 19:43:11";25;25;1052;"AQUALUNG ESPAÑA,S.L.";2;;"RBE24, RBV23, REVER242";"20/06/2022 10:21:46";100153149;"100047615
"
B306329-D;1;"PACK REGULADOR AQUALUNG LEG3ND ELITE DIN+ OCT+ MAN + BOLSA (SS22)";"03/02/2022 16:51:43";899,99;1199;1052;"AQUALUNG ESPAÑA,S.L.";0;;"BF22, BF23, COMPARADOR, COMP_FR, COMP_PT, EXC_2022, IRN22, RBE23, RBE24, RBV22, REGALAR, REVER242";"20/02/2024 13:54:11";100153278;"100047630
"
B306346-2XL;1;"SEMISECO AQUALUNG ICELAND CRO. T.2XL (SS22)";"04/02/2022 18:36:15";437,99;659;1052;"AQUALUNG ESPAÑA,S.L.";0;;"BF22, BF23, EXC_2022, RBE23, RBE24, RBV22, RBV23, REGALAR, REVER242, X24";"20/02/2024 13:54:12";100153110;"100047608
"
B306346-3XL;1;"SEMISECO AQUALUNG ICELAND CRO. T.3XL (SS22)";"04/02/2022 18:36:15";437,99;659;1052;"AQUALUNG ESPAÑA,S.L.";0;;"BF22, BF23, EXC_2022, RBE23, RBE24, RBV22, RBV23, REGALAR, REVER242, X24";"20/02/2024 13:54:12";100153111;"100047608
"
B306346-L;1;"SEMISECO AQUALUNG ICELAND CRO. T.L (SS22)";"04/02/2022 18:36:15";437,99;659;1052;"AQUALUNG ESPAÑA,S.L.";2;;"BF22, BF23, EXC_2022, RBE23, RBE24, RBV22, RBV23, REGALAR, REVER242, X24";"20/02/2024 13:54:12";100153108;"100047608
"
B306346-M;1;"SEMISECO AQUALUNG ICELAND CRO. T.M (SS22)";"04/02/2022 18:36:15";437,99;659;1052;"AQUALUNG ESPAÑA,S.L.";2;;"BF22, BF23, COMPARADOR, COMP_FR, COMP_PT, EXC_2022, RBE23, RBE24, RBV23, REGALAR, REVER242, X24";"20/02/2024 13:54:12";100153106;"100047608
"
B306346-ML;1;"SEMISECO AQUALUNG ICELAND CRO. T.ML (SS22)";"04/02/2022 18:36:15";437,99;659;1052;"AQUALUNG ESPAÑA,S.L.";1;;"BF22, BF23, EXC_2022, RBE23, RBE24, RBV22, RBV23, REGALAR, REVER242, X24";"20/02/2024 13:54:12";100153107;"100047608
"
B306346-S;1;"SEMISECO AQUALUNG ICELAND CRO. T.S (SS22)";"04/02/2022 18:36:15";437,99;659;1052;"AQUALUNG ESPAÑA,S.L.";6;;"BF22, BF23, EXC_2022, RBE23, RBE24, RBV22, RBV23, REGALAR, REVER242, X24";"20/02/2024 13:54:12";100153105;"100047608
"
B306346-XL;1;"SEMISECO AQUALUNG ICELAND CRO. T.XL (SS22)";"04/02/2022 18:36:15";437,99;659;1052;"AQUALUNG ESPAÑA,S.L.";3;;"BF22, BF23, EXC_2022, RBE23, RBE24, RBV22, RBV23, REGALAR, REVER242, X24";"20/02/2024 13:54:12";100153109;"100047608
"
B306346-XS;1;"SEMISECO AQUALUNG ICELAND CRO. T.XS (SS22)";"04/02/2022 18:36:15";437,99;659;1052;"AQUALUNG ESPAÑA,S.L.";0;;"BF22, BF23, EXC_2022, RBE23, RBE24, RBV22, RBV23, REGALAR, REVER242, X24";"20/02/2024 13:54:12";100153104;"100047608
"
B306347-2XL;1;"SEMISECO AQUALUNG ICELAND SRA. T.2XL (SS22)";"04/02/2022 18:36:15";438,99;659;1052;"AQUALUNG ESPAÑA,S.L.";0;;"BF22, BF23, EXC_2022, RBE23, RBE24, RBV22, RBV23, REGALAR, REVER242, X24";"20/02/2024 13:54:12";100153098;"100047606
"
B306347-L;1;"SEMISECO AQUALUNG ICELAND SRA. T.L (SS22)";"04/02/2022 18:36:15";438,99;659;1052;"AQUALUNG ESPAÑA,S.L.";5;;"BF22, BF23, EXC_2022, RBE23, RBE24, RBV22, RBV23, REGALAR, REVER242, X24";"20/02/2024 13:54:12";100153096;"100047606
"
B306347-M;1;"SEMISECO AQUALUNG ICELAND SRA. T.M (SS22)";"04/02/2022 18:36:15";438,99;659;1052;"AQUALUNG ESPAÑA,S.L.";2;;"BF22, BF23, COMPARADOR, COMP_FR, COMP_PT, EXC_2022, RBE23, RBE24, RBV22, RBV23, REGALAR, REVER242, X24";"20/02/2024 13:54:12";100153094;"100047606
"
B306347-ML;1;"SEMISECO AQUALUNG ICELAND SRA. T.ML (SS22)";"04/02/2022 18:36:15";438,99;659;1052;"AQUALUNG ESPAÑA,S.L.";2;;"BF22, BF23, EXC_2022, RBE23, RBE24, RBV22, RBV23, REGALAR, REVER242, X24";"20/02/2024 13:54:12";100153095;"100047606
"
B306347-S;1;"SEMISECO AQUALUNG ICELAND SRA. T.S (SS22)";"04/02/2022 18:36:15";438,99;659;1052;"AQUALUNG ESPAÑA,S.L.";0;;"BF22, BF23, EXC_2022, RBE23, RBE24, RBV22, RBV23, REGALAR, REVER242, X24";"20/02/2024 13:54:12";100153093;"100047606
"
B306347-XL;1;"SEMISECO AQUALUNG ICELAND SRA. T.XL (SS22)";"04/02/2022 18:36:15";438,99;659;1052;"AQUALUNG ESPAÑA,S.L.";0;;"BF22, BF23, EXC_2022, RBE23, RBE24, RBV22, RBV23, REGALAR, REVER242, X24";"20/02/2024 13:54:12";100153097;"100047606
"
B306347-XS;1;"SEMISECO AQUALUNG ICELAND SRA. T.XS (SS22)";"04/02/2022 18:36:16";438,99;659;1052;"AQUALUNG ESPAÑA,S.L.";2;;"BF22, BF23, EXC_2022, RBE23, RBE24, RBV22, RBV23, REGALAR, REVER242, X24";"20/02/2024 13:54:12";100153092;"100047606
"
B306396-NVOR;2;"MASCARA AQUALUNG DUETTO NVY/ORG (SS22)";"07/02/2022 13:03:57";39;39;1052;"AQUALUNG ESPAÑA,S.L.";2;;"RBV23, REVER242";"20/06/2022 10:21:46";100184538;"100044333
"
B306396-TRBL;2;"MASCARA AQUALUNG DUETTO TRP/BLU (SS22)";"07/02/2022 13:03:56";39;39;1052;"AQUALUNG ESPAÑA,S.L.";1;;REVER242;"20/06/2022 10:21:46";100138301;"100044333
"
B306396-TRYL;2;"MASCARA AQUALUNG DUETTO TRP/YLW (SS22)";"07/02/2022 13:03:56";39;39;1052;"AQUALUNG ESPAÑA,S.L.";1;;REVER242;"20/06/2022 10:21:46";100138309;"100044333
"
B306398-HEL;1;"OCTOPUS AQUALUNG HELIX (SS22)";"07/02/2022 14:17:35";119,99;199;1052;"AQUALUNG ESPAÑA,S.L.";9;;"BF22, BF23, COMPARADOR, COMP_FR, COMP_PT, IRN22, RBE24, RBV23, REGALAR, REVER242";"20/02/2024 13:54:11";100138311;"100044338
"
B306400-DIN;1;"PACK HELIX DIN + OCTOPUS (SS22)";"07/02/2022 14:17:35";396,99;599;1052;"AQUALUNG ESPAÑA,S.L.";1;;"BF22, BF23, COMPARADOR, COMP_FR, COMP_PT, EXC_2022, IRN22, RBE23, RBE24, RBV22, RBV23, REGALAR, REVER242";"20/02/2024 13:54:11";100138313;"100044339
"
B306400-INT;1;"PACK HELIX INT + OCTOPUS (SS22)";"07/02/2022 14:17:35";396,99;599;1052;"AQUALUNG ESPAÑA,S.L.";1;;"BF22, BF23, EXC_2022, IRN22, RBE23, RBE24, RBV22, RBV23, REGALAR, REVER242";"20/02/2024 13:54:11";100138312;"100044339
"
B306401-DIN;1;"PACK REGULADOR AQUALUNG HELIX DIN + OCTOPUS SPG BAG (SS22)";"07/02/2022 14:17:35";557,99;729;1052;"AQUALUNG ESPAÑA,S.L.";0;;"BF22, BF23, COMPARADOR, COMP_FR, COMP_PT, EXC_INT, EXC_2022, IRN22, RBE23, RBE24, RBV22, RBV23, REGALAR, REVER242";"20/02/2024 13:54:11";100165172;"100050828
"
B306401-INT;1;"PACK REGULADOR AQUALUNG HELIX INT + OCTOPUS SPG BAG (SS22)";"07/02/2022 14:17:35";557,99;729;1052;"AQUALUNG ESPAÑA,S.L.";0;;"BF22, BF23, EXC_INT, EXC_2022, IRN22, RBE23, RBE24, RBV22, RBV23, REGALAR, REVER242";"20/02/2024 13:54:11";100165173;"100050828
"
B306402-DIN;1;"PACK REGULADOR AQUALUNG HELIX PRO DIN + OCTOPUS SPG BAG (SS22)";"19/02/2022 17:51:58";549,99;829;1052;"AQUALUNG ESPAÑA,S.L.";1;;"BF22, BF23, COMPARADOR, COMP_FR, COMP_PT, EXC_2022, IRN22, RBE23, RBE24, RBV22, RBV23, REGALAR, REVER242";"20/02/2024 13:54:11";100153088;"100047604
"
B306402-INT;1;"PACK REGULADOR AQUALUNG HELIX PRO INT + OCTOPUS SPG BAG (SS22)";"07/02/2022 14:17:35";549,99;829;1052;"AQUALUNG ESPAÑA,S.L.";0;;"BF22, BF23, EXC_2022, IRN22, RBE23, RBE24, RBV22, REGALAR, REVER242";"20/02/2024 13:54:11";100153087;"100047604
"
B306403-DIN;1;"REGULADOR AQUALUNG HELIX DIN (SS22)";"07/02/2022 14:17:35";264,99;399;1052;"AQUALUNG ESPAÑA,S.L.";6;;"BF22, BF23, COMPARADOR, COMP_FR, COMP_PT, EXC_INT, IRN22, RBE24, RBV23, REGALAR, REVER242";"20/02/2024 13:54:11";100138232;"100044313
"
B306403-INT;1;"REGULADOR AQUALUNG HELIX INT (SS22)";"07/02/2022 14:17:35";264,99;399;1052;"AQUALUNG ESPAÑA,S.L.";0;;"BF22, BF23, EXC_INT, IRN22, RBE24, REGALAR, REVER242";"20/02/2024 13:54:11";100138234;"100044313
"
B306403P-DIN;1;"REGULADOR AQUALUNG HELIX PRO DIN (SS22)";"07/02/2022 14:17:35";318,99;499;1052;"AQUALUNG ESPAÑA,S.L.";6;;"BF22, BF23, COMPARADOR, COMP_FR, COMP_PT, IRN22, RBE23, RBE24, RBV22, RBV23, REGALAR, REVER242";"20/02/2024 13:54:11";100138239;"100044315
"
B306403P-INT;1;"REGULADOR AQUALUNG HELIX PRO INT (SS22)";"07/02/2022 14:17:35";318,99;499;1052;"AQUALUNG ESPAÑA,S.L.";0;;"BF22, BF23, IRN22, RBE24, RBV22, REGALAR, REVER242";"20/02/2024 13:54:11";100138238;"100044315
"
B306599-B;1;"MASCARA OMER ALIEN mask black - Clear lenses";"10/05/2024 11:55:43";34,99;34,99;1052;"AQUALUNG ESPAÑA,S.L.";0;;"COMPARADOR, REVER242";"10/05/2024 11:55:43";100191537;"100057608
"
B306611-75;1;"FUSIL OMER INVISTUS REX MIM SPEARG 75CM (SS22)";"24/02/2022 17:44:25";163,99;269;1052;"AQUALUNG ESPAÑA,S.L.";1;;"BF23, COMPARADOR, COMP_FR, COMP_PT, IRN22, RBE23, RBE24, RBV23, REVER242";"20/02/2024 13:54:15";100153061;"100047594
"
B306622G-DIN;1;"REGULADOR APEKS XL4 OCEA GREY DIN (SS22)";"25/02/2022 16:43:51";461,99;649;1052;"AQUALUNG ESPAÑA,S.L.";0;;"BF22, BF23, COMPARADOR, COMP_FR, COMP_PT, COMUNIONES, EXC_2022, IRN22, RBE23, RBE24, RBV22, REVER242";"20/02/2024 13:54:13";100153056;"100047592
"
B306622G-INT;1;"REGULADOR APEKS XL4 OCEA GREY INT (SS22)";"25/02/2022 16:43:52";461,99;649;1052;"AQUALUNG ESPAÑA,S.L.";0;;"BF22, BF23, COMUNIONES, EXC_2022, IRN22, RBE23, RBE24, RBV22, REVER242";"20/02/2024 13:54:13";100153055;"100047592
"
B306622Y-DIN;1;"REGULADOR APEKS XL4 OCEA YUCCA DIN (SS22)";"25/02/2022 16:43:52";461,99;649;1052;"AQUALUNG ESPAÑA,S.L.";1;;"BF22, BF23, COMUNIONES, EXC_2022, IRN22, RBE23, RBE24, RBV22, RBV23, REVER242";"20/02/2024 13:54:13";100153058;"100047592
"
B306622Y-INT;1;"REGULADOR APEKS XL4 OCEA YUCCA INT (SS22)";"25/02/2022 16:43:52";461,99;649;1052;"AQUALUNG ESPAÑA,S.L.";0;;"BF22, BF23, COMUNIONES, EXC_2022, IRN22, RBE23, RBE24, RBV22, REVER242";"20/02/2024 13:54:13";100153057;"100047592
"
B306624-15;1;"CARRETE APEKS 15M (SS22)";"28/02/2022 13:55:29";71,99;99;1052;"AQUALUNG ESPAÑA,S.L.";1;;"BF22, BF23, COMPARADOR, COMP_FR, COMP_PT, IRN22, RBE23, RBE24, RBV22, RBV23, REVER242";"20/02/2024 13:54:14";100153049;"100047591
"
B306624-30;2;"CARRETE APEKS 30M (SS22)";"28/02/2022 13:55:29";92,99;129;1052;"AQUALUNG ESPAÑA,S.L.";4;;"BF22, BF23, COMPARADOR, COMP_FR, COMP_PT, IRN22, RBE23, RBE24, RBV22, RBV23, REVER242";"20/02/2024 13:54:14";100153051;"100047591
"
B306624-45;1;"CARRETE APEKS 45M (SS22)";"28/02/2022 13:55:29";94,99;139;1052;"AQUALUNG ESPAÑA,S.L.";0;;"BF22, BF23, COMPARADOR, COMP_FR, COMP_PT, IRN22, RBE23, RBE24, RBV22, RBV23, REVER242";"20/02/2024 13:54:14";100153053;"100047591
"
B306624-60;1;"CARRETE APEKS 60M (SS22)";"28/02/2022 13:55:29";105,99;149;1052;"AQUALUNG ESPAÑA,S.L.";1;;"BF22, BF23, COMPARADOR, COMP_FR, COMP_PT, IRN22, RBE23, RBE24, RBV22, RBV23, REGALAR, REVEVER242";"14/10/2022 10:04:28";100140488;"100045016
"
B306799-3;2;"MONOPIEZA MARES PIONEER 7MM CRO. T.3 (SS22)";"12/03/2022 13:44:19";249,99;429;1057;"MARES, S.P.A";1;;"BF23, NEBE VENTA PRIORITARIA, RBE23, RBE24, RBV23, REGALAR, REVER242";"14/10/2022 10:04:28";100140489;"100045016
"
B306799-4;2;"MONOPIEZA MARES PIONEER 7MM CRO. T.4 (SS22)";"12/03/2022 13:44:19";249,99;429;1057;"MARES, S.P.A";3;;"BF23, COMPARADOR, COMP_FR, COMP_PT, NEBE VENTA PRIORITARIA, RBE23, RBE24, RBV23, REGALAR, REVER242";"14/10/2022 10:04:28";100140490;"100045016
"
B306799-5;2;"MONOPIEZA MARES PIONEER 7MM CRO. T.5 (SS22)";"12/03/2022 13:44:19";249,99;429;1057;"MARES, S.P.A";3;;"BF23, NEBE VENTA PRIORITARIA, RBE23, RBE24, RBV23, REGALAR, REVER242";"14/10/2022 10:04:28";100140491;"100045016
"
B306800-2;2;"MONOPIEZA MARES PIONEER 7MM SRA. T.2 (SS22)";"12/03/2022 13:44:19";249,99;429;1057;"MARES, S.P.A";1;;"BF23, MUJER, NEBE VENTA PRIORITARIA, RBE23, RBE24, RBV23, REGALAR, REVER242";"14/10/2022 10:04:28";100140481;"100045012
"
B306800-3;2;"MONOPIEZA MARES PIONEER 7MM SRA. T.3 (SS22)";"12/03/2022 13:44:19";249,99;429;1057;"MARES, S.P.A";1;;"BF23, COMPARADOR, COMP_FR, COMP_PT, MUJER, NEBE VENTA PRIORITARIA, RBE23, RBE24, RBV23, REGALAR, REVER242";"14/10/2022 10:04:28";100140482;"100045012
"
B306800-4;2;"MONOPIEZA MARES PIONEER 7MM SRA. T.4 (SS22)";"12/03/2022 13:44:19";249,99;429;1057;"MARES, S.P.A";1;;"BF23, MUJER, NEBE VENTA PRIORITARIA, RBE23, RBE24, RBV23, REGALAR, REVER242";"14/10/2022 10:04:28";100140483;"100045012
"
B306800-5;2;"MONOPIEZA MARES PIONEER 7MM SRA. T.5 (SS22)";"12/03/2022 13:44:19";249,99;429;1057;"MARES, S.P.A";1;;"BF23, CSW, MUJER, NEBE VENTA PRIORITARIA, RBE23, RBE24, RBV23, REBAJAS, REGALAR, REVER242";"14/10/2022 10:04:28";100140484;"100045012
"
B306801-2;1;"MONOPIEZA MARES REEF 3MM CRO. T.2 (SS22)";"12/03/2022 13:58:40";114,99;169;1057;"MARES, S.P.A";5;;"BF22, BF23, RBE23, RBE24, RBV22, RBV23, REGALAR, REVER242, X24";"23/04/2024 13:35:57";100140465;"100045009
"
B306801-3;1;"MONOPIEZA MARES REEF 3MM CRO. T.3 (SS22)";"12/03/2022 13:58:40";114,99;169;1057;"MARES, S.P.A";2;;"BF22, BF23, COMPARADOR, COMP_FR, COMP_PT, RBE23, RBE24, RBV22, RBV23, REGALAR, REVER242, X24";"23/04/2024 13:35:57";100140467;"100045009
"
B306801-4;1;"MONOPIEZA MARES REEF 3MM CRO. T.4 (SS22)";"12/03/2022 13:58:40";114,99;169;1057;"MARES, S.P.A";2;;"BF22, BF23, RBE23, RBE24, RBV22, RBV23, REGALAR, REVER242, X24";"23/04/2024 13:35:57";100140469;"100045009
"
B306801-5;1;"MONOPIEZA MARES REEF 3MM CRO. T.5 (SS22)";"12/03/2022 13:58:40";114,99;169;1057;"MARES, S.P.A";3;;"BF22, BF23, RBE23, RBE24, RBV22, RBV23, REGALAR, REVER242, X24";"23/04/2024 13:35:57";100140470;"100045009
"
B306801-6;1;"MONOPIEZA MARES REEF 3MM CRO. T.6 (SS22)";"12/03/2022 13:58:40";114,99;169;1057;"MARES, S.P.A";0;;"BF22, BF23, RBE23, RBE24, RBV22, RBV23, REGALAR, REVER242, X24";"23/04/2024 13:35:57";100140471;"100045009
"
B306801-7;1;"MONOPIEZA MARES REEF 3MM CRO. T.7 (SS22)";"12/03/2022 13:58:40";114,99;169;1057;"MARES, S.P.A";0;;"BF22, BF23, RBE23, RBE24, RBV22, RBV23, REGALAR, REVER242, X24";"23/04/2024 13:35:57";100140472;"100045009
"
B306801-8;1;"MONOPIEZA MARES REEF 3MM CRO. T.8 (SS22)";"12/03/2022 13:58:40";114,99;169;1057;"MARES, S.P.A";0;;"BF22, BF23, CSW, RBE23, RBE24, RBV22, RBV23, REGALAR, REVER242, X24";"23/04/2024 13:35:57";100140473;"100045009
"
B306802-1;1;"MONOPIEZA MARES REEF 3MM SRA. T.1 (SS22)";"12/03/2022 13:58:40";114,99;169;1057;"MARES, S.P.A";0;;"BF23, MUJER, RBE23, RBE24, RBV22, RBV23, REGALAR, REVER242, X24";"23/04/2024 13:35:57";100140438;"100045003
"
B306802-2;1;"MONOPIEZA MARES REEF 3MM SRA. T.2 (SS22)";"12/03/2022 13:58:40";114,99;169;1057;"MARES, S.P.A";3;;"BF23, MUJER, RBE23, RBE24, RBV22, RBV23, REGALAR, REVER242, X24";"23/04/2024 13:35:57";100140440;"100045003
"
B306802-3;1;"MONOPIEZA MARES REEF 3MM SRA. T.3 (SS22)";"12/03/2022 13:58:40";114,99;169;1057;"MARES, S.P.A";4;;"BF23, MUJER, RBE23, RBE24, RBV22, RBV23, REGALAR, REVER242, X24";"23/04/2024 13:35:57";100140442;"100045003
"
B306802-4;1;"MONOPIEZA MARES REEF 3MM SRA. T.4 (SS22)";"12/03/2022 13:58:40";114,99;169;1057;"MARES, S.P.A";1;;"BF23, COMPARADOR, COMP_FR, COMP_PT, MUJER, RBE23, RBE24, RBV22, RBV23, REGALAR, REVER242, X24";"23/04/2024 13:35:57";100140444;"100045003
"
B306802-5;1;"MONOPIEZA MARES REEF 3MM SRA. T.5 (SS22)";"12/03/2022 13:58:40";114,99;169;1057;"MARES, S.P.A";0;;"BF23, MUJER, RBE23, RBE24, RBV22, RBV23, REGALAR, REVER242, X24";"23/04/2024 13:35:57";100140447;"100045003
"
B306802-6;1;"MONOPIEZA MARES REEF 3MM SRA. T.6 (SS22)";"12/03/2022 13:58:40";114,99;169;1057;"MARES, S.P.A";0;;"BF23, MUJER, RBE23, RBE24, RBV22, RBV23, REGALAR, REVER242, X24";"23/04/2024 13:35:57";100140448;"100045003
"
B306803-2;1;"MONOPIEZA MARES SWITCH 2,5MM CRO. T.2 (SS22) ";"12/03/2022 14:25:42";148,99;219;1057;"MARES, S.P.A";0;;"BF22, BF23, IRN22, RBE23, RBE24, RBV22, RBV23, REGALAR, REVER242";"23/04/2024 13:35:57";100140638;"100045058
"
B306803-3;1;"MONOPIEZA MARES SWITCH 2,5MM CRO. T.3 (SS22) ";"12/03/2022 14:25:42";148,99;219;1057;"MARES, S.P.A";0;;"BF22, BF23, IRN22, RBE23, RBE24, RBV22, RBV23, REGALAR, REVER242";"23/04/2024 13:35:57";100140639;"100045058
"
B306803-4;1;"MONOPIEZA MARES SWITCH 2,5MM CRO. T.4 (SS22) ";"12/03/2022 14:25:42";148,99;219;1057;"MARES, S.P.A";1;;"BF22, BF23, COMPARADOR, COMP_FR, COMP_PT, IRN22, RBE23, RBE24, RBV22, RBV23, REGALAR, REVER242";"23/04/2024 13:35:57";100140641;"100045058
"
B306803-5;1;"MONOPIEZA MARES SWITCH 2,5MM CRO. T.5 (SS22) ";"12/03/2022 14:25:42";148,99;219;1057;"MARES, S.P.A";2;;"BF22, BF23, IRN22, RBE23, RBE24, RBV22, RBV23, REGALAR, REVER242";"23/04/2024 13:35:57";100140642;"100045058
"
B306803-6;1;"MONOPIEZA MARES SWITCH 2,5MM CRO. T.6 (SS22) ";"12/03/2022 14:25:43";148,99;219;1057;"MARES, S.P.A";0;;"BF22, BF23, IRN22, RBE23, RBE24, RBV22, RBV23, REGALAR, REVER242";"23/04/2024 13:35:58";100140643;"100045058
"
B306803-7;1;"MONOPIEZA MARES SWITCH 2,5MM CRO. T.7 (SS22) ";"12/03/2022 14:25:43";148,99;219;1057;"MARES, S.P.A";0;;"BF22, BF23, CSW, IRN22, RBE23, RBE24, RBV22, RBV23, REGALAR, REVER242";"23/04/2024 13:35:58";100140644;"100045058
"
B306803-8;1;"MONOPIEZA MARES SWITCH 2,5MM CRO. T.8 (SS22) ";"12/03/2022 14:25:43";148,99;219;1057;"MARES, S.P.A";0;;"BF22, BF23, IRN22, RBE23, RBE24, RBV22, RBV23, REGALAR, REVER242";"23/04/2024 13:35:58";100140645;"100045058
"
B306804-1;1;"MONOPIEZA MARES SWITCH 2,5MM SRA. T.1 (SS22) ";"12/03/2022 14:25:43";148,99;219;1057;"MARES, S.P.A";0;;"BF22, BF23, IRN22, MUJER, RBE23, RBE24, RBV22, RBV23, REGALAR, REVER242";"23/04/2024 13:35:58";100140629;"100045054
"
B306804-2;1;"MONOPIEZA MARES SWITCH 2,5MM SRA. T.2 (SS22) ";"12/03/2022 14:25:43";148,99;219;1057;"MARES, S.P.A";1;;"BF22, BF23, IRN22, MUJER, RBE23, RBE24, RBV22, RBV23, REGALAR, REVER242";"23/04/2024 13:35:58";100140630;"100045054
"
B306804-3;1;"MONOPIEZA MARES SWITCH 2,5MM SRA. T.3 (SS22) ";"12/03/2022 14:25:43";148,99;219;1057;"MARES, S.P.A";0;;"BF22, BF23, COMPARADOR, COMP_FR, COMP_PT, IRN22, MUJER, RBE23, RBE24, RBV22, RBV23, REGALAR, REVER242";"23/04/2024 13:35:58";100140631;"100045054
"
B306804-4;1;"MONOPIEZA MARES SWITCH 2,5MM SRA. T.4 (SS22) ";"12/03/2022 14:25:43";148,99;219;1057;"MARES, S.P.A";1;;"BF22, BF23, IRN22, MUJER, RBE23, RBE24, RBV22, RBV23, REGALAR, REVER242";"23/04/2024 13:35:58";100140632;"100045054
"
B306804-5;1;"MONOPIEZA MARES SWITCH 2,5MM SRA. T.5 (SS22) ";"12/03/2022 14:25:43";148,99;219;1057;"MARES, S.P.A";0;;"BF22, BF23, IRN22, MUJER, RBE23, RBE24, RBV22, RBV23, REGALAR, REVER242";"23/04/2024 13:35:58";100140633;"100045054
"
B306804-6;1;"MONOPIEZA MARES SWITCH 2,5MM SRA. T.6 (SS22) ";"12/03/2022 14:25:43";148,99;219;1057;"MARES, S.P.A";0;;"BF22, BF23, IRN22, MUJER, RBE23, RBE24, RBV22, RBV23, REGALAR, REVER242";"23/04/2024 13:35:58";100140634;"100045054
"
B306805-2;1;"SHORTY MARES REEF 2.5MM CRO. T.2 (SS22)";"12/03/2022 15:47:48";98,99;149;1057;"MARES, S.P.A";1;;"RBE23, RBE24, RBV23, REGALAR, REVER242";"23/04/2024 13:35:57";100140428;"100045001
"
B306805-3;1;"SHORTY MARES REEF 2.5MM CRO. T.3 (SS22)";"12/03/2022 15:47:48";98,99;149;1057;"MARES, S.P.A";2;;"COMPARADOR, COMP_FR, COMP_PT, RBE23, RBE24, RBV23, REGALAR, REVER242";"23/04/2024 13:35:57";100140429;"100045001
"
B306805-4;1;"SHORTY MARES REEF 2.5MM CRO. T.4 (SS22)";"12/03/2022 15:47:48";98,99;149;1057;"MARES, S.P.A";2;;"RBE23, RBE24, RBV23, REGALAR, REVER242";"23/04/2024 13:35:57";100140430;"100045001
"
B306805-5;1;"SHORTY MARES REEF 2.5MM CRO. T.5 (SS22)";"12/03/2022 15:47:48";98,99;149;1057;"MARES, S.P.A";2;;"RBE24, RBV23, REGALAR, REVER242";"23/04/2024 13:35:57";100140431;"100045001
"
B306799-3;2;"MONOPIEZA MARES PIONEER 7MM CRO. T.3 (SS22)";"12/03/2022 13:44:19";249,99;429;1057;"MARES, S.P.A";1;;"BF23, NEBE VENTA PRIORITARIA, RBE23, RBE24, RBV23, REGALAR, REVER242";"14/10/2022 10:04:28";100140489;"100045016
"
B306799-4;2;"MONOPIEZA MARES PIONEER 7MM CRO. T.4 (SS22)";"12/03/2022 13:44:19";249,99;429;1057;"MARES, S.P.A";3;;"BF23, COMPARADOR, COMP_FR, COMP_PT, NEBE VENTA PRIORITARIA, RBE23, RBE24, RBV23, REGALAR, REVER242";"14/10/2022 10:04:28";100140490;"100045016
"
B306799-5;2;"MONOPIEZA MARES PIONEER 7MM CRO. T.5 (SS22)";"12/03/2022 13:44:19";249,99;429;1057;"MARES, S.P.A";3;;"BF23, NEBE VENTA PRIORITARIA, RBE23, RBE24, RBV23, REGALAR, REVER242";"14/10/2022 10:04:28";100140491;"100045016
"
B306800-2;2;"MONOPIEZA MARES PIONEER 7MM SRA. T.2 (SS22)";"12/03/2022 13:44:19";249,99;429;1057;"MARES, S.P.A";1;;"BF23, MUJER, NEBE VENTA PRIORITARIA, RBE23, RBE24, RBV23, REGALAR, REVER242";"14/10/2022 10:04:28";100140481;"100045012
"
B306800-3;2;"MONOPIEZA MARES PIONEER 7MM SRA. T.3 (SS22)";"12/03/2022 13:44:19";249,99;429;1057;"MARES, S.P.A";1;;"BF23, COMPARADOR, COMP_FR, COMP_PT, MUJER, NEBE VENTA PRIORITARIA, RBE23, RBE24, RBV23, REGALAR, REVER242";"14/10/2022 10:04:28";100140482;"100045012
"
B306800-4;2;"MONOPIEZA MARES PIONEER 7MM SRA. T.4 (SS22)";"12/03/2022 13:44:19";249,99;429;1057;"MARES, S.P.A";1;;"BF23, MUJER, NEBE VENTA PRIORITARIA, RBE23, RBE24, RBV23, REGALAR, REVER242";"14/10/2022 10:04:28";100140483;"100045012
"
B306800-5;2;"MONOPIEZA MARES PIONEER 7MM SRA. T.5 (SS22)";"12/03/2022 13:44:19";249,99;429;1057;"MARES, S.P.A";1;;"BF23, CSW, MUJER, NEBE VENTA PRIORITARIA, RBE23, RBE24, RBV23, REBAJAS, REGALAR, REVER242";"14/10/2022 10:04:28";100140484;"100045012
"
B306801-2;1;"MONOPIEZA MARES REEF 3MM CRO. T.2 (SS22)";"12/03/2022 13:58:40";114,99;169;1057;"MARES, S.P.A";5;;"BF22, BF23, RBE23, RBE24, RBV22, RBV23, REGALAR, REVER242, X24";"23/04/2024 13:35:57";100140465;"100045009
"
B306801-3;1;"MONOPIEZA MARES REEF 3MM CRO. T.3 (SS22)";"12/03/2022 13:58:40";114,99;169;1057;"MARES, S.P.A";2;;"BF22, BF23, COMPARADOR, COMP_FR, COMP_PT, RBE23, RBE24, RBV22, RBV23, REGALAR, REVER242, X24";"23/04/2024 13:35:57";100140467;"100045009
"
B306801-4;1;"MONOPIEZA MARES REEF 3MM CRO. T.4 (SS22)";"12/03/2022 13:58:40";114,99;169;1057;"MARES, S.P.A";2;;"BF22, BF23, RBE23, RBE24, RBV22, RBV23, REGALAR, REVER242, X24";"23/04/2024 13:35:57";100140469;"100045009
"
B306801-5;1;"MONOPIEZA MARES REEF 3MM CRO. T.5 (SS22)";"12/03/2022 13:58:40";114,99;169;1057;"MARES, S.P.A";3;;"BF22, BF23, RBE23, RBE24, RBV22, RBV23, REGALAR, REVER242, X24";"23/04/2024 13:35:57";100140470;"100045009
"
B306801-6;1;"MONOPIEZA MARES REEF 3MM CRO. T.6 (SS22)";"12/03/2022 13:58:40";114,99;169;1057;"MARES, S.P.A";0;;"BF22, BF23, RBE23, RBE24, RBV22, RBV23, REGALAR, REVER242, X24";"23/04/2024 13:35:57";100140471;"100045009
"
B306801-7;1;"MONOPIEZA MARES REEF 3MM CRO. T.7 (SS22)";"12/03/2022 13:58:40";114,99;169;1057;"MARES, S.P.A";0;;"BF22, BF23, RBE23, RBE24, RBV22, RBV23, REGALAR, REVER242, X24";"23/04/2024 13:35:57";100140472;"100045009
"
B306801-8;1;"MONOPIEZA MARES REEF 3MM CRO. T.8 (SS22)";"12/03/2022 13:58:40";114,99;169;1057;"MARES, S.P.A";0;;"BF22, BF23, CSW, RBE23, RBE24, RBV22, RBV23, REGALAR, REVER242, X24";"23/04/2024 13:35:57";100140473;"100045009
"
B306802-1;1;"MONOPIEZA MARES REEF 3MM SRA. T.1 (SS22)";"12/03/2022 13:58:40";114,99;169;1057;"MARES, S.P.A";0;;"BF23, MUJER, RBE23, RBE24, RBV22, RBV23, REGALAR, REVER242, X24";"23/04/2024 13:35:57";100140438;"100045003
"
B306802-2;1;"MONOPIEZA MARES REEF 3MM SRA. T.2 (SS22)";"12/03/2022 13:58:40";114,99;169;1057;"MARES, S.P.A";3;;"BF23, MUJER, RBE23, RBE24, RBV22, RBV23, REGALAR, REVER242, X24";"23/04/2024 13:35:57";100140440;"100045003
"
B306802-3;1;"MONOPIEZA MARES REEF 3MM SRA. T.3 (SS22)";"12/03/2022 13:58:40";114,99;169;1057;"MARES, S.P.A";4;;"BF23, MUJER, RBE23, RBE24, RBV22, RBV23, REGALAR, REVER242, X24";"23/04/2024 13:35:57";100140442;"100045003
"
B306802-4;1;"MONOPIEZA MARES REEF 3MM SRA. T.4 (SS22)";"12/03/2022 13:58:40";114,99;169;1057;"MARES, S.P.A";1;;"BF23, COMPARADOR, COMP_FR, COMP_PT, MUJER, RBE23, RBE24, RBV22, RBV23, REGALAR, REVER242, X24";"23/04/2024 13:35:57";100140444;"100045003
"
B306802-5;1;"MONOPIEZA MARES REEF 3MM SRA. T.5 (SS22)";"12/03/2022 13:58:40";114,99;169;1057;"MARES, S.P.A";0;;"BF23, MUJER, RBE23, RBE24, RBV22, RBV23, REGALAR, REVER242, X24";"23/04/2024 13:35:57";100140447;"100045003
"
B306802-6;1;"MONOPIEZA MARES REEF 3MM SRA. T.6 (SS22)";"12/03/2022 13:58:40";114,99;169;1057;"MARES, S.P.A";0;;"BF23, MUJER, RBE23, RBE24, RBV22, RBV23, REGALAR, REVER242, X24";"23/04/2024 13:35:57";100140448;"100045003
"
B306803-2;1;"MONOPIEZA MARES SWITCH 2,5MM CRO. T.2 (SS22) ";"12/03/2022 14:25:42";148,99;219;1057;"MARES, S.P.A";0;;"BF22, BF23, IRN22, RBE23, RBE24, RBV22, RBV23, REGALAR, REVER242";"23/04/2024 13:35:57";100140638;"100045058
"
B306803-3;1;"MONOPIEZA MARES SWITCH 2,5MM CRO. T.3 (SS22) ";"12/03/2022 14:25:42";148,99;219;1057;"MARES, S.P.A";0;;"BF22, BF23, IRN22, RBE23, RBE24, RBV22, RBV23, REGALAR, REVER242";"23/04/2024 13:35:57";100140639;"100045058
"
B306803-4;1;"MONOPIEZA MARES SWITCH 2,5MM CRO. T.4 (SS22) ";"12/03/2022 14:25:42";148,99;219;1057;"MARES, S.P.A";1;;"BF22, BF23, COMPARADOR, COMP_FR, COMP_PT, IRN22, RBE23, RBE24, RBV22, RBV23, REGALAR, REVER242";"23/04/2024 13:35:57";100140641;"100045058
"
B306803-5;1;"MONOPIEZA MARES SWITCH 2,5MM CRO. T.5 (SS22) ";"12/03/2022 14:25:42";148,99;219;1057;"MARES, S.P.A";2;;"BF22, BF23, IRN22, RBE23, RBE24, RBV22, RBV23, REGALAR, REVER242";"23/04/2024 13:35:57";100140642;"100045058
"
B306803-6;1;"MONOPIEZA MARES SWITCH 2,5MM CRO. T.6 (SS22) ";"12/03/2022 14:25:43";148,99;219;1057;"MARES, S.P.A";0;;"BF22, BF23, IRN22, RBE23, RBE24, RBV22, RBV23, REGALAR, REVER242";"23/04/2024 13:35:58";100140643;"100045058
"
B306803-7;1;"MONOPIEZA MARES SWITCH 2,5MM CRO. T.7 (SS22) ";"12/03/2022 14:25:43";148,99;219;1057;"MARES, S.P.A";0;;"BF22, BF23, CSW, IRN22, RBE23, RBE24, RBV22, RBV23, REGALAR, REVER242";"23/04/2024 13:35:58";100140644;"100045058
"
B306803-8;1;"MONOPIEZA MARES SWITCH 2,5MM CRO. T.8 (SS22) ";"12/03/2022 14:25:43";148,99;219;1057;"MARES, S.P.A";0;;"BF22, BF23, IRN22, RBE23, RBE24, RBV22, RBV23, REGALAR, REVER242";"23/04/2024 13:35:58";100140645;"100045058
"
B306804-1;1;"MONOPIEZA MARES SWITCH 2,5MM SRA. T.1 (SS22) ";"12/03/2022 14:25:43";148,99;219;1057;"MARES, S.P.A";0;;"BF22, BF23, IRN22, MUJER, RBE23, RBE24, RBV22, RBV23, REGALAR, REVER242";"23/04/2024 13:35:58";100140629;"100045054
"
B306804-2;1;"MONOPIEZA MARES SWITCH 2,5MM SRA. T.2 (SS22) ";"12/03/2022 14:25:43";148,99;219;1057;"MARES, S.P.A";1;;"BF22, BF23, IRN22, MUJER, RBE23, RBE24, RBV22, RBV23, REGALAR, REVER242";"23/04/2024 13:35:58";100140630;"100045054
"
B306804-3;1;"MONOPIEZA MARES SWITCH 2,5MM SRA. T.3 (SS22) ";"12/03/2022 14:25:43";148,99;219;1057;"MARES, S.P.A";0;;"BF22, BF23, COMPARADOR, COMP_FR, COMP_PT, IRN22, MUJER, RBE23, RBE24, RBV22, RBV23, REGALAR, REVER242";"23/04/2024 13:35:58";100140631;"100045054
"
B306804-4;1;"MONOPIEZA MARES SWITCH 2,5MM SRA. T.4 (SS22) ";"12/03/2022 14:25:43";148,99;219;1057;"MARES, S.P.A";1;;"BF22, BF23, IRN22, MUJER, RBE23, RBE24, RBV22, RBV23, REGALAR, REVER242";"23/04/2024 13:35:58";100140632;"100045054
"
B306804-5;1;"MONOPIEZA MARES SWITCH 2,5MM SRA. T.5 (SS22) ";"12/03/2022 14:25:43";148,99;219;1057;"MARES, S.P.A";0;;"BF22, BF23, IRN22, MUJER, RBE23, RBE24, RBV22, RBV23, REGALAR, REVER242";"23/04/2024 13:35:58";100140633;"100045054
"
B306804-6;1;"MONOPIEZA MARES SWITCH 2,5MM SRA. T.6 (SS22) ";"12/03/2022 14:25:43";148,99;219;1057;"MARES, S.P.A";0;;"BF22, BF23, IRN22, MUJER, RBE23, RBE24, RBV22, RBV23, REGALAR, REVER242";"23/04/2024 13:35:58";100140634;"100045054
"
B306805-2;1;"SHORTY MARES REEF 2.5MM CRO. T.2 (SS22)";"12/03/2022 15:47:48";98,99;149;1057;"MARES, S.P.A";1;;"RBE23, RBE24, RBV23, REGALAR, REVER242";"23/04/2024 13:35:57";100140428;"100045001
"
B306805-3;1;"SHORTY MARES REEF 2.5MM CRO. T.3 (SS22)";"12/03/2022 15:47:48";98,99;149;1057;"MARES, S.P.A";2;;"COMPARADOR, COMP_FR, COMP_PT, RBE23, RBE24, RBV23, REGALAR, REVER242";"23/04/2024 13:35:57";100140429;"100045001
"
B306805-4;1;"SHORTY MARES REEF 2.5MM CRO. T.4 (SS22)";"12/03/2022 15:47:48";98,99;149;1057;"MARES, S.P.A";2;;"RBE23, RBE24, RBV23, REGALAR, REVER242";"23/04/2024 13:35:57";100140430;"100045001
"
B306805-5;1;"SHORTY MARES REEF 2.5MM CRO. T.5 (SS22)";"12/03/2022 15:47:48";98,99;149;1057;"MARES, S.P.A";2;;"RBE24, RBV23, REGALAR, REVER242";"23/04/2024 13:35:57";100140431;"100045001
"
B306805-6;1;"SHORTY MARES REEF 2.5MM CRO. T.6 (SS22)";"12/03/2022 15:47:48";98,99;149;1057;"MARES, S.P.A";0;;"RBE24, RBV23, REGALAR, REVER242";"23/04/2024 13:35:57";100140432;"100045001
"
B306805-7;1;"SHORTY MARES REEF 2.5MM CRO. T.7 (SS22)";"12/03/2022 15:47:48";98,99;149;1057;"MARES, S.P.A";0;;"RBE24, RBV23, REGALAR, REVER242";"23/04/2024 13:35:57";100140434;"100045001
"
B306805-8;1;"SHORTY MARES REEF 2.5MM CRO. T.8 (SS22)";"12/03/2022 15:47:48";98,99;149;1057;"MARES, S.P.A";0;;"RBE24, RBV23, REGALAR, REVER242";"23/04/2024 13:35:57";100140435;"100045001
"
B306806-1;1;"SHORTY MARES REEF 2.5MM SRA. T.1 (SS22)";"12/03/2022 15:47:49";89,99;149;1057;"MARES, S.P.A";0;;"MUJER, RBE24, RBV23, REGALAR, REVER242";"23/04/2024 13:35:57";100140421;"100045000
"
B306806-2;1;"SHORTY MARES REEF 2.5MM SRA. T.2 (SS22)";"12/03/2022 15:47:49";89,99;149;1057;"MARES, S.P.A";2;;"COMPARADOR, COMP_FR, COMP_PT, MUJER, RBE23, RBE24, RBV23, REGALAR, REVER242";"23/04/2024 13:35:57";100140423;"100045000
"
B306806-3;1;"SHORTY MARES REEF 2.5MM SRA. T.3 (SS22)";"12/03/2022 15:47:49";89,99;149;1057;"MARES, S.P.A";4;;"MUJER, RBE23, RBE24, RBV23, REGALAR, REVER242";"23/04/2024 13:35:57";100140424;"100045000
"
B306806-4;1;"SHORTY MARES REEF 2.5MM SRA. T.4 (SS22)";"12/03/2022 15:47:49";89,99;149;1057;"MARES, S.P.A";1;;"MUJER, RBE23, RBE24, RBV23, REGALAR, REVER242";"23/04/2024 13:35:57";100140425;"100045000
"
B306806-5;1;"SHORTY MARES REEF 2.5MM SRA. T.5 (SS22)";"12/03/2022 15:47:49";89,99;149;1057;"MARES, S.P.A";1;;"MUJER, RBE23, RBE24, RBV23, REGALAR, REVER242";"23/04/2024 13:35:57";100140426;"100045000
"
B306806-6;1;"SHORTY MARES REEF 2.5MM SRA. T.6 (SS22)";"12/03/2022 15:47:49";89,99;149;1057;"MARES, S.P.A";0;;"MUJER, RBE24, RBV23, REGALAR, REVER242";"23/04/2024 13:35:57";100140427;"100045000
"
B306810-10LR;1;"FOCO MARES EOS 10LR (SS22)  ";"12/03/2022 16:41:39";94,99;119;1057;"MARES, S.P.A";8;;"BF23, CM22, CM23, COMPARADOR, COMP_FR, COMP_PT, IRN22, RBE24, REGALAR, REVER242";"23/04/2024 13:36:00";100140415;"100044996
"
B306811-LRW;1;"FOCO MARES EOS 10LRW (SS22)  ";"12/03/2022 16:41:39";94,99;119;1057;"MARES, S.P.A";0;;"BF23, COMPARADOR, COMP_FR, COMP_PT, IRN22, RBE24, REGALAR, REVER242";"23/04/2024 13:36:00";100140414;"100044994
"
B306812-SET;1;"SET VIDEO FOCO MARES EOS 10LRW (SS22)  ";"12/03/2022 16:41:39";238,99;299;1057;"MARES, S.P.A";0;;"BF23, COMPARADOR, COMP_FR, COMP_PT, IRN22, RBE24, RBV23, REVER242";"23/04/2024 13:36:00";100140413;"100044993
"
B306814-140;1;"BOLSA MARES CRUISE DRY ROLLER 140 (SS22) ";"12/03/2022 16:47:26";158,99;199;1057;"MARES, S.P.A";2;;"BF23, COMPARADOR, COMP_FR, COMP_PT, RBE23, RBE24, RBV22, REGALAR, REVER242";"23/04/2024 13:36:00";100140411;"100044991
"
B306815-SET;1;"FULL TEK SET MARES 25XR TBP WHIT DR (XR LINE) (SS22)";"12/03/2022 16:47:26";763,99;1099;1057;"MARES, S.P.A";0;;"BF22, COMPARADOR, COMP_FR, COMP_PT, EXC_2022, RBE24, RBV22, REVER242";"23/04/2024 13:36:00";100140410;"100044990
"
B306818-PAR;1;"BOLSILLOS JACKET MARES STANDARD WEIGHT SYSTEM (PAR) (XR LINE) (SS22) ";"12/03/2022 17:09:56";81,99;119;1057;"MARES, S.P.A";0;;"BF23, COMPARADOR, COMP_FR, COMP_PT, CSW, RBE23, RBE24, RBV22, REVER242";"23/04/2024 13:36:00";100140340;"100044960
"
B306822-L;1;"CHALECO MARES ACTIVE HEATING XR LINE T.L (SS22) ";"12/03/2022 17:09:56";188,99;279;1057;"MARES, S.P.A";0;;"BF22, BF23, RBE23, RBE24, RBV22, REVER242";"23/04/2024 13:35:57";100140385;"100044979
"
B306822-M;1;"CHALECO MARES ACTIVE HEATING XR LINE T.M (SS22) ";"12/03/2022 17:09:56";188,99;279;1057;"MARES, S.P.A";0;;"BF22, BF23, COMPARADOR, COMP_FR, COMP_PT, RBE23, RBE24, RBV22, REVER242";"23/04/2024 13:35:57";100140384;"100044979
"
B306822-S;1;"CHALECO MARES ACTIVE HEATING XR LINE T.S (SS22) ";"12/03/2022 17:09:56";188,99;279;1057;"MARES, S.P.A";0;;"BF22, BF23, RBE23, RBE24, RBV22, REVER242";"23/04/2024 13:35:57";100140383;"100044979
"
B306822-XL;1;"CHALECO MARES ACTIVE HEATING XR LINE T.XL (SS22) ";"12/03/2022 17:09:56";188,99;279;1057;"MARES, S.P.A";0;;"BF22, BF23, RBE23, RBE24, RBV22, REVER242";"23/04/2024 13:35:57";100140386;"100044979
"
B306822-XS;1;"CHALECO MARES ACTIVE HEATING XR LINE T.XS (SS22) ";"12/03/2022 17:09:56";188,99;279;1057;"MARES, S.P.A";0;;"BF22, BF23, RBE23, RBE24, RBV22, REVER242";"23/04/2024 13:35:57";100140382;"100044979
"
B306822-XXL;1;"CHALECO MARES ACTIVE HEATING XR LINE T.XXL (SS22) ";"12/03/2022 17:09:56";188,99;279;1057;"MARES, S.P.A";0;;"BF22, BF23, RBE23, RBE24, RBV22, REVER242";"23/04/2024 13:35:57";100140387;"100044979
"
B306823-L;1;"PANTALON MARES ACTIVE XR LINE T.L (SS22) ";"12/03/2022 17:09:56";159,99;269;1057;"MARES, S.P.A";0;;"BF22, BF23, RBE24, RBV22, REVER242";"23/04/2024 13:35:57";100140379;"100044978
"
B306823-M;1;"PANTALON MARES ACTIVE XR LINE T.M (SS22) ";"12/03/2022 17:09:56";159,99;269;1057;"MARES, S.P.A";0;;"BF22, BF23, RBE24, RBV22, REVER242";"23/04/2024 13:35:57";100140378;"100044978
"
B306823-S;1;"PANTALON MARES ACTIVE XR LINE T.S (SS22) ";"12/03/2022 17:09:56";159,99;269;1057;"MARES, S.P.A";0;;"BF22, BF23, COMPARADOR, COMP_FR, COMP_PT, RBE24, RBV22, REVER242";"23/04/2024 13:35:57";100140377;"100044978
"
B306823-XL;1;"PANTALON MARES ACTIVE XR LINE T.XL (SS22) ";"12/03/2022 17:09:56";159,99;269;1057;"MARES, S.P.A";0;;"BF22, BF23, RBE24, RBV22, REVER242";"23/04/2024 13:35:57";100140380;"100044978
"
B306823-XXL;1;"PANTALON MARES ACTIVE XR LINE T.XXL (SS22) ";"12/03/2022 17:09:56";159,99;269;1057;"MARES, S.P.A";0;;"BF22, BF23, RBE24, RBV22, REVER242";"23/04/2024 13:35:57";100140381;"100044978
"
B306825-XRL;1;"BOYA MARES SMB TRAINING ORANGE XR LINE (SS22)  ";"12/03/2022 17:17:57";48,99;69,95;1057;"MARES, S.P.A";1;;"BF23, COMPARADOR, COMP_FR, COMP_PT, RBE23, RBE24, RBV23, REVER242";"23/04/2024 13:36:00";100140330;"100044957
"
B306827-100;1;"BOLSA MARES ASCENT TITAN (SS22)";"12/03/2022 17:42:10";67,99;99,95;1057;"MARES, S.P.A";0;;"BF22, BF23, COMPARADOR, COMP_FR, COMP_PT, RBE23, RBE24, RBV22, RBV23, REGALAR, REVER242";"23/04/2024 13:36:02";100140322;"100044951
"
B306830B-M;1;"JACKET AQUALUNG PRO HD BLK/PINK SRA. T.M (SS22)";"12/03/2022 18:44:55";335,99;479;1052;"AQUALUNG ESPAÑA,S.L.";1;;"BF23, COMPARADOR, COMP_FR, COMP_PT, EXC_INT, IRN22, MUJER, RBE24, RBV22, REGALAR, REVER242";"20/02/2024 13:54:11";100153037;"100047588
"
B306830B-ML;1;"JACKET AQUALUNG PRO HD BLK/PINK SRA. T.ML (SS22)";"12/03/2022 18:44:55";335,99;479;1052;"AQUALUNG ESPAÑA,S.L.";0;;"BF23, EXC_INT, IRN22, MUJER, RBE24, RBV22, REGALAR, REVER242";"20/02/2024 13:54:11";100153038;"100047588
"
B306830B-S;1;"JACKET AQUALUNG PRO HD BLK/PINK SRA. T.S (SS22)";"12/03/2022 18:44:55";335,99;479;1052;"AQUALUNG ESPAÑA,S.L.";0;;"BF23, EXC_INT, IRN22, MUJER, RBE24, RBV22, REGALAR, REVER242";"20/02/2024 13:54:11";100153036;"100047588
"
B306830B-XS;1;"JACKET AQUALUNG PRO HD BLK/PINK SRA. T.XS (SS22)";"12/03/2022 18:44:55";335,99;479;1052;"AQUALUNG ESPAÑA,S.L.";1;;"BF23, EXC_INT, IRN22, MUJER, RBE24, RBV22, REGALAR, REVER242";"20/02/2024 13:54:11";100153035;"100047588
"
B306830C-M;1;"JACKET AQUALUNG PRO HD CORAL SRA. T.M (SS22)";"12/03/2022 18:44:55";335,99;479;1052;"AQUALUNG ESPAÑA,S.L.";4;;"BF23, EXC_INT, IRN22, MUJER, NEBE VENTA PRIORITARIA, RBE24, RBV22, RBV23, REGALAR, REVER242";"20/02/2024 13:54:11";100153033;"100047588
"
B306830C-ML;1;"JACKET AQUALUNG PRO HD CORAL SRA. T.ML (SS22)";"12/03/2022 18:44:55";335,99;479;1052;"AQUALUNG ESPAÑA,S.L.";0;;"BF23, EXC_INT, IRN22, MUJER, RBE24, RBV22, RBV23, REGALAR, REVER242";"20/02/2024 13:54:11";100153034;"100047588
"
B306830C-S;1;"JACKET AQUALUNG PRO HD CORAL SRA. T.S (SS22)";"12/03/2022 18:44:55";335,99;479;1052;"AQUALUNG ESPAÑA,S.L.";5;;"BF23, EXC_INT, IRN22, MUJER, NEBE VENTA PRIORITARIA, RBE24, RBV22, RBV23, REGALAR, REVER242";"20/02/2024 13:54:11";100153032;"100047588
"
B306830C-XS;1;"JACKET AQUALUNG PRO HD CORAL SRA. T.XS (SS22)";"12/03/2022 18:44:55";335,99;479;1052;"AQUALUNG ESPAÑA,S.L.";0;;"BF23, EXC_INT, IRN22, MUJER, RBE24, RBV22, RBV23, REGALAR, REVER242";"20/02/2024 13:54:11";100153031;"100047588
"
B306831-MLL;1;"JACKET AQUALUNG PRO HD COMPACT T.ML/L (SS22)";"12/03/2022 18:44:55";326,99;479;1052;"AQUALUNG ESPAÑA,S.L.";2;;"BF23, CM23, COMPARADOR, COMP_FR, COMP_PT, COMUNIONES, EXC_INT, IRN22, NEBE VENTA PRIORITARIA, RBE24, RBV22, REGALAR, REVER242";"20/02/2024 13:54:11";100153010;"100047581
"
B306831-SM;1;"JACKET AQUALUNG PRO HD COMPACT T.S/M (SS22)";"12/03/2022 18:44:55";326,99;479;1052;"AQUALUNG ESPAÑA,S.L.";4;;"BF23, CM23, COMUNIONES, EXC_INT, IRN22, NEBE VENTA PRIORITARIA, RBE24, RBV22, REGALAR, REVER242";"20/02/2024 13:54:11";100153009;"100047581
"
B306831-XLXX;1;"JACKET AQUALUNG PRO HD COMPACT T.XL/XXL (SS22)";"12/03/2022 18:44:55";326,99;479;1052;"AQUALUNG ESPAÑA,S.L.";0;;"BF23, CM23, COMUNIONES, EXC_INT, IRN22, RBE_INT, EXC_2022, RBE23, RBE24, RBV22, RBV23, REVER242";"20/02/2024 13:54:12";100152952;"100047571
"
B306851-M;1;"MONOPIEZA AQUALUNG SOLAFLEX CRO. T.M (SS22)";"15/03/2022 13:46:07";352,99;499;1052;"AQUALUNG ESPAÑA,S.L.";1;;"BF22, BF23, COMPARADOR, COMP_FR, COMP_PT, EXC_INT, EXC_2022, RBE23, RBE24, RBV22, RBV23, REVER242";"20/02/2024 13:54:12";100152948;"100047571
"
B306851-ML;1;"MONOPIEZA AQUALUNG SOLAFLEX CRO. T.ML (SS22)";"15/03/2022 13:46:07";352,99;499;1052;"AQUALUNG ESPAÑA,S.L.";0;;"BF22, BF23, EXC_INT, EXC_2022, RBE23, RBE24, RBV22, RBV23, REVER242";"20/02/2024 13:54:12";100152949;"100047571
"
B306851-MLT;1;"MONOPIEZA AQUALUNG SOLAFLEX CRO. T.MLT (SS22)";"15/03/2022 13:46:07";352,99;499;1052;"AQUALUNG ESPAÑA,S.L.";0;;"BF22, BF23, EXC_INT, EXC_2022, RBE23, RBE24, RBV22, REVER242";"20/02/2024 13:54:12";100152950;"100047571
"
B306851-S;1;"MONOPIEZA AQUALUNG SOLAFLEX CRO. T.S (SS22)";"15/03/2022 13:46:07";352,99;499;1052;"AQUALUNG ESPAÑA,S.L.";1;;"BF22, BF23, EXC_INT, EXC_2022, RBE23, RBE24, RBV22, RBV23, REVER242";"20/02/2024 13:54:12";100152947;"100047571
"
B306851-XL;1;"MONOPIEZA AQUALUNG SOLAFLEX CRO. T.XL (SS22)";"15/03/2022 13:46:07";352,99;499;1052;"AQUALUNG ESPAÑA,S.L.";0;;"BF22, BF23, EXC_INT, EXC_2022, RBE23, RBE24, RBV22, RBV23, REVER242";"20/02/2024 13:54:12";100152954;"100047571
"
B306851-XLS;1;"MONOPIEZA AQUALUNG SOLAFLEX CRO. T.XSL (SS22)";"15/03/2022 13:46:07";352,99;499;1052;"AQUALUNG ESPAÑA,S.L.";0;;"BF22, BF23, EXC_INT, EXC_2022, RBE23, RBE24, RBV22, REVER242";"20/02/2024 13:54:12";100152953;"100047571
"
B306852-L;1;"MONOPIEZA AQUALUNG SOLAFLEX SRA. T.L (SS22)";"15/03/2022 13:46:07";352,99;499;1052;"AQUALUNG ESPAÑA,S.L.";0;;"BF22, EXC_INT, EXC_2022, RBE24, RBV22, REVER242";"20/02/2024 13:54:12";100152940;"100047569
"
B306852-M;1;"MONOPIEZA AQUALUNG SOLAFLEX SRA. T.M (SS22)";"15/03/2022 13:46:07";352,99;499;1052;"AQUALUNG ESPAÑA,S.L.";0;;"BF22, EXC_INT, EXC_2022, RBE24, RBV22, REVER242";"20/02/2024 13:54:12";100152938;"100047569
"
B306852-ML;1;"MONOPIEZA AQUALUNG SOLAFLEX SRA. T.ML (SS22)";"15/03/2022 13:46:07";352,99;499;1052;"AQUALUNG ESPAÑA,S.L.";0;;"BF22, EXC_INT, EXC_2022, RBE24, RBV22, REVER242";"20/02/2024 13:54:12";100152939;"100047569
"
B306852-MT;1;"MONOPIEZA AQUALUNG SOLAFLEX SRA. T.MT (SS22)";"15/03/2022 13:46:07";352,99;499;1052;"AQUALUNG ESPAÑA,S.L.";0;;"BF22, EXC_INT, EXC_2022, RBE24, RBV22, REVER242";"20/02/2024 13:54:12";100152943;"100047569
"
B306852-S;1;"MONOPIEZA AQUALUNG SOLAFLEX SRA. T.S (SS22)";"15/03/2022 13:46:07";352,99;499;1052;"AQUALUNG ESPAÑA,S.L.";0;;"BF22, COMPARADOR, COMP_FR, COMP_PT, EXC_INT, EXC_2022, RBE24, RBV22, REVER242";"20/02/2024 13:54:12";100152937;"100047569
"
B306852-XL;1;"MONOPIEZA AQUALUNG SOLAFLEX SRA. T.XL (SS22)";"15/03/2022 13:46:07";352,99;499;1052;"AQUALUNG ESPAÑA,S.L.";0;;"BF22, EXC_INT, EXC_2022, RBE24, RBV22, REVER242";"20/02/2024 13:54:12";100152945;"100047569
"
B306852-XLS;1;"MONOPIEZA AQUALUNG SOLAFLEX SRA. T.XLS (SS22)";"15/03/2022 13:46:07";352,99;499;1052;"AQUALUNG ESPAÑA,S.L.";0;;"BF22, EXC_INT, EXC_2022, RBE24, RBV22, REVER242";"20/02/2024 13:54:12";100152944;"100047569
"
B306852-XS;1;"MONOPIEZA AQUALUNG SOLAFLEX SRA. T.XS (SS22)";"15/03/2022 13:46:08";352,99;499;1052;"AQUALUNG ESPAÑA,S.L.";0;;"BF22, EXC_INT, EXC_2022, RBE24, RBV22, REVER242";"20/02/2024 13:54:12";100152936;"100047569
"
B306854-2XL;1;"MONOPIEZA AQUALUNG FREEFLEX CRO. T.2XL (SS22)";"15/03/2022 13:52:33";258,99;369;1052;"AQUALUNG ESPAÑA,S.L.";0;;"BF22, RBE24, RBV22, REVER242";"20/02/2024 13:54:12";100152933;"100047566
"
B306854-L;1;"MONOPIEZA AQUALUNG FREEFLEX CRO. T.L (SS22)";"15/03/2022 13:52:33";258,99;369;1052;"AQUALUNG ESPAÑA,S.L.";1;;"BF22, RBE24, RBV22, REVER242";"20/02/2024 13:54:12";100152932;"100047566
"
B306854-M;1;"MONOPIEZA AQUALUNG FREEFLEX CRO. T.M (SS22)";"15/03/2022 13:52:33";258,99;369;1052;"AQUALUNG ESPAÑA,S.L.";0;;"BF22, COMPARADOR, COMP_FR, COMP_PT, RBE24, RBV22, REVER242";"20/02/2024 13:54:12";100152928;"100047566
"
B306854-ML;1;"MONOPIEZA AQUALUNG FREEFLEX CRO. T.ML (SS22)";"15/03/2022 13:52:34";258,99;369;1052;"AQUALUNG ESPAÑA,S.L.";0;;"BF22, RBE24, RBV22, REVER242";"20/02/2024 13:54:12";100152930;"100047566
"
B306854-S;1;"MONOPIEZA AQUALUNG FREEFLEX CRO. T.S (SS22)";"15/03/2022 13:52:34";258,99;369;1052;"AQUALUNG ESPAÑA,S.L.";0;;"BF22, RBE24, RBV22, REVER242";"20/02/2024 13:54:12";100152929;"100047566
"
B306854-XL;1;"MONOPIEZA AQUALUNG FREEFLEX CRO. T.XL (SS22)";"15/03/2022 13:52:34";258,99;369;1052;"AQUALUNG ESPAÑA,S.L.";0;;"BF22, RBE24, RBV22, REVER242";"20/02/2024 13:54:12";100152931;"100047566
"
B306854-XS;1;"MONOPIEZA AQUALUNG FREEFLEX CRO. T.XS (SS22)";"15/03/2022 13:52:34";258,99;369;1052;"AQUALUNG ESPAÑA,S.L.";0;;"BF22, RBE24, RBV22, REVER242";"20/02/2024 13:54:12";100152927;"100047566
"
B306855-2XL;1;"MONOPIEZA AQUALUNG FREEFLEX SRA. T.2XL (SS22)";"15/03/2022 13:52:34";260,99;369;1052;"AQUALUNG ESPAÑA,S.L.";0;;"BF22, BF23, MUJER, RBE24, RBV22, REVER242";"20/02/2024 13:54:12";100152926;"100047565
"
B306855-L;1;"MONOPIEZA AQUALUNG FREEFLEX SRA. T.L (SS22)";"15/03/2022 13:52:34";260,99;369;1052;"AQUALUNG ESPAÑA,S.L.";0;;"BF22, BF23, MUJER, RBE24, RBV22, REVER242";"20/02/2024 13:54:12";100152924;"100047565
"
B306855-M;1;"MONOPIEZA AQUALUNG FREEFLEX SRA. T.M (SS22)";"15/03/2022 13:52:34";260,99;369;1052;"AQUALUNG ESPAÑA,S.L.";0;;"BF22, BF23, COMPARADOR, COMP_FR, COMP_PT, MUJER, RBE24, RBV22, REVER242";"20/02/2024 13:54:12";100152921;"100047565
"
B306855-ML;1;"MONOPIEZA AQUALUNG FREEFLEX SRA. T.ML (SS22)";"15/03/2022 13:52:34";260,99;369;1052;"AQUALUNG ESPAÑA,S.L.";0;;"BF22, BF23, MUJER, RBE24, RBV22, REVER242";"20/02/2024 13:54:12";100152922;"100047565
"
B306855-S;1;"MONOPIEZA AQUALUNG FREEFLEX SRA. T.S (SS22)";"15/03/2022 13:52:34";260,99;369;1052;"AQUALUNG ESPAÑA,S.L.";1;;"BF22, BF23, MUJER, RBE24, RBV22, REVER242";"20/02/2024 13:54:12";100152920;"100047565
"
B306855-XL;1;"MONOPIEZA AQUALUNG FREEFLEX SRA. T.XL (SS22)";"15/03/2022 13:52:34";260,99;369;1052;"AQUALUNG ESPAÑA,S.L.";0;;"BF22, BF23, MUJER, RBE24, RBV22, REVER242";"20/02/2024 13:54:12";100152925;"100047565
"
B306855-XS;1;"MONOPIEZA AQUALUNG FREEFLEX SRA. T.XS (SS22)";"15/03/2022 13:52:34";260,99;369;1052;"AQUALUNG ESPAÑA,S.L.";0;;"BF22, BF23, MUJER, RBE24, RBV22, REVER242";"20/02/2024 13:54:12";100152919;"100047565
"
B306856-141;1;"TROLLEY EXPLORER II FOLDER (141L) (SS22)";"15/03/2022 14:01:45";157,99;249;1052;"AQUALUNG ESPAÑA,S.L.";1;;"BF22, BF23, COMPARADOR, COMP_FR, COMP_PT, IRN22, RBE23, RBE24, RBV23, REVER242";"20/02/2024 13:54:13";100152917;"100047564
"
B306857-PLUS;1;"FOCO AQUALUNG SEAFLARE LED DIVE PACK PLUS BLACK BLACK (SS22)";"15/03/2022 14:32:16";184,99;249;1052;"AQUALUNG ESPAÑA,S.L.";3;;"BF23, COMPARADOR, COMP_FR, COMP_PT, RBE24, RBV23, REVER242";"20/02/2024 13:54:13";100152916;"100047563
"
B306858G-ML;2;"JACKET APEKS EXOTEC GREY T.M/L (SS22)";"15/03/2022 16:44:15";644,99;949;1052;"AQUALUNG ESPAÑA,S.L.";1;;"BF22, BF23, EXC_2022, IRN22, RBE24, RBV22, REVER242";"20/02/2024 13:54:13";100152907;"100047557
"
B306859-ORDE;2;"ORDENADOR APEKS DSX (SS22)";"15/03/2022 16:46:53";1257,99;1257,99;1052;"AQUALUNG ESPAÑA,S.L.";6;;"BF22, BF23, COMPARADOR, COMP_FR, COMP_PT, EXC_2022, OCULTO WEB, RBE23, RBV22, RBV23, REVER242";"20/02/2024 13:54:13";100152914;"100047561
"
B306859-TRAN;2;"TRANSMISOR APEKS (SS22)";"15/03/2022 16:46:53";228,99;299;1052;"AQUALUNG ESPAÑA,S.L.";1;;"BF22, BF23, COMPARADOR, COMP_FR, COMP_PT, RBE23, RBE24, RBV22, RBV23, REVER242";"20/02/2024 13:54:13";100152913;"100047560
"
B306868-40;1;"JACKET APEKS WTX-D40 WITH S/S PLATE (SS22)";"16/03/2022 12:05:24";687,99;939;1052;"AQUALUNG ESPAÑA,S.L.";2;;"BF22, BF23, COMPARADOR, COMP_FR, COMP_PT, EXC_2022, IRN22, RBE24, RBV22, RBV23, REVER242";"20/02/2024 13:54:13";100176439;"100053693
"
B306948-2XL;1;"CAPUCHA MARES ULTRASKIN LONG HOOD NEGRA/GRIS T.XXL (SS22)";"23/03/2022 17:47:03";38,99;49,95;1057;"MARES, S.P.A";1;;"RBE23, RBE24, RBV23, REGALAR, REVER242";"23/04/2024 13:35:59";100153662;"100047771
"
B306948-3XL;1;"CAPUCHA MARES ULTRASKIN LONG HOOD NEGRA/GRIS T.XXXL (SS22)";"23/03/2022 17:47:03";38,99;49,95;1057;"MARES, S.P.A";1;;"CSW, RBE23, RBE24, RBV23, REGALAR, REVER242";"23/04/2024 13:35:59";100153663;"100047771
"
B306948-L;1;"CAPUCHA MARES ULTRASKIN LONG HOOD NEGRA/GRIS T.L (SS22)";"23/03/2022 17:47:03";38,99;49,95;1057;"MARES, S.P.A";1;;"COMPARADOR, COMP_FR, COMP_PT, RBE23, RBE24, RBV23, REGALAR, REVER242";"23/04/2024 13:35:59";100153660;"100047771
"
B306948-M;1;"CAPUCHA MARES ULTRASKIN LONG HOOD NEGRA/GRIS T.M (SS22)";"23/03/2022 17:47:03";38,99;49,95;1057;"MARES, S.P.A";0;;"RBE23, RBE24, RBV23, REGALAR, REVER242";"23/04/2024 13:35:59";100153659;"100047771
"
B306851-S;1;"MONOPIEZA AQUALUNG SOLAFLEX CRO. T.S (SS22)";"15/03/2022 13:46:07";352,99;499;1052;"AQUALUNG ESPAÑA,S.L.";1;;"BF22, BF23, EXC_INT, EXC_2022, RBE23, RBE24, RBV22, RBV23, REVER242";"20/02/2024 13:54:12";100152947;"100047571
"
B306851-XL;1;"MONOPIEZA AQUALUNG SOLAFLEX CRO. T.XL (SS22)";"15/03/2022 13:46:07";352,99;499;1052;"AQUALUNG ESPAÑA,S.L.";0;;"BF22, BF23, EXC_INT, EXC_2022, RBE23, RBE24, RBV22, RBV23, REVER242";"20/02/2024 13:54:12";100152954;"100047571
"
B306851-XLS;1;"MONOPIEZA AQUALUNG SOLAFLEX CRO. T.XSL (SS22)";"15/03/2022 13:46:07";352,99;499;1052;"AQUALUNG ESPAÑA,S.L.";0;;"BF22, BF23, EXC_INT, EXC_2022, RBE23, RBE24, RBV22, REVER242";"20/02/2024 13:54:12";100152953;"100047571
"
B306852-L;1;"MONOPIEZA AQUALUNG SOLAFLEX SRA. T.L (SS22)";"15/03/2022 13:46:07";352,99;499;1052;"AQUALUNG ESPAÑA,S.L.";0;;"BF22, EXC_INT, EXC_2022, RBE24, RBV22, REVER242";"20/02/2024 13:54:12";100152940;"100047569
"
B306852-M;1;"MONOPIEZA AQUALUNG SOLAFLEX SRA. T.M (SS22)";"15/03/2022 13:46:07";352,99;499;1052;"AQUALUNG ESPAÑA,S.L.";0;;"BF22, EXC_INT, EXC_2022, RBE24, RBV22, REVER242";"20/02/2024 13:54:12";100152938;"100047569
"
B306852-ML;1;"MONOPIEZA AQUALUNG SOLAFLEX SRA. T.ML (SS22)";"15/03/2022 13:46:07";352,99;499;1052;"AQUALUNG ESPAÑA,S.L.";0;;"BF22, EXC_INT, EXC_2022, RBE24, RBV22, REVER242";"20/02/2024 13:54:12";100152939;"100047569
"
B306852-MT;1;"MONOPIEZA AQUALUNG SOLAFLEX SRA. T.MT (SS22)";"15/03/2022 13:46:07";352,99;499;1052;"AQUALUNG ESPAÑA,S.L.";0;;"BF22, EXC_INT, EXC_2022, RBE24, RBV22, REVER242";"20/02/2024 13:54:12";100152943;"100047569
"
B306852-S;1;"MONOPIEZA AQUALUNG SOLAFLEX SRA. T.S (SS22)";"15/03/2022 13:46:07";352,99;499;1052;"AQUALUNG ESPAÑA,S.L.";0;;"BF22, COMPARADOR, COMP_FR, COMP_PT, EXC_INT, EXC_2022, RBE24, RBV22, REVER242";"20/02/2024 13:54:12";100152937;"100047569
"
B306852-XL;1;"MONOPIEZA AQUALUNG SOLAFLEX SRA. T.XL (SS22)";"15/03/2022 13:46:07";352,99;499;1052;"AQUALUNG ESPAÑA,S.L.";0;;"BF22, EXC_INT, EXC_2022, RBE24, RBV22, REVER242";"20/02/2024 13:54:12";100152945;"100047569
"
B306852-XLS;1;"MONOPIEZA AQUALUNG SOLAFLEX SRA. T.XLS (SS22)";"15/03/2022 13:46:07";352,99;499;1052;"AQUALUNG ESPAÑA,S.L.";0;;"BF22, EXC_INT, EXC_2022, RBE24, RBV22, REVER242";"20/02/2024 13:54:12";100152944;"100047569
"
B306852-XS;1;"MONOPIEZA AQUALUNG SOLAFLEX SRA. T.XS (SS22)";"15/03/2022 13:46:08";352,99;499;1052;"AQUALUNG ESPAÑA,S.L.";0;;"BF22, EXC_INT, EXC_2022, RBE24, RBV22, REVER242";"20/02/2024 13:54:12";100152936;"100047569
"
B306854-2XL;1;"MONOPIEZA AQUALUNG FREEFLEX CRO. T.2XL (SS22)";"15/03/2022 13:52:33";258,99;369;1052;"AQUALUNG ESPAÑA,S.L.";0;;"BF22, RBE24, RBV22, REVER242";"20/02/2024 13:54:12";100152933;"100047566
"
B306854-L;1;"MONOPIEZA AQUALUNG FREEFLEX CRO. T.L (SS22)";"15/03/2022 13:52:33";258,99;369;1052;"AQUALUNG ESPAÑA,S.L.";1;;"BF22, RBE24, RBV22, REVER242";"20/02/2024 13:54:12";100152932;"100047566
"
B306854-M;1;"MONOPIEZA AQUALUNG FREEFLEX CRO. T.M (SS22)";"15/03/2022 13:52:33";258,99;369;1052;"AQUALUNG ESPAÑA,S.L.";0;;"BF22, COMPARADOR, COMP_FR, COMP_PT, RBE24, RBV22, REVER242";"20/02/2024 13:54:12";100152928;"100047566
"
B306854-ML;1;"MONOPIEZA AQUALUNG FREEFLEX CRO. T.ML (SS22)";"15/03/2022 13:52:34";258,99;369;1052;"AQUALUNG ESPAÑA,S.L.";0;;"BF22, RBE24, RBV22, REVER242";"20/02/2024 13:54:12";100152930;"100047566
"
B306854-S;1;"MONOPIEZA AQUALUNG FREEFLEX CRO. T.S (SS22)";"15/03/2022 13:52:34";258,99;369;1052;"AQUALUNG ESPAÑA,S.L.";0;;"BF22, RBE24, RBV22, REVER242";"20/02/2024 13:54:12";100152929;"100047566
"
B306854-XL;1;"MONOPIEZA AQUALUNG FREEFLEX CRO. T.XL (SS22)";"15/03/2022 13:52:34";258,99;369;1052;"AQUALUNG ESPAÑA,S.L.";0;;"BF22, RBE24, RBV22, REVER242";"20/02/2024 13:54:12";100152931;"100047566
"
B306854-XS;1;"MONOPIEZA AQUALUNG FREEFLEX CRO. T.XS (SS22)";"15/03/2022 13:52:34";258,99;369;1052;"AQUALUNG ESPAÑA,S.L.";0;;"BF22, RBE24, RBV22, REVER242";"20/02/2024 13:54:12";100152927;"100047566
"
B306855-2XL;1;"MONOPIEZA AQUALUNG FREEFLEX SRA. T.2XL (SS22)";"15/03/2022 13:52:34";260,99;369;1052;"AQUALUNG ESPAÑA,S.L.";0;;"BF22, BF23, MUJER, RBE24, RBV22, REVER242";"20/02/2024 13:54:12";100152926;"100047565
"
B306855-L;1;"MONOPIEZA AQUALUNG FREEFLEX SRA. T.L (SS22)";"15/03/2022 13:52:34";260,99;369;1052;"AQUALUNG ESPAÑA,S.L.";0;;"BF22, BF23, MUJER, RBE24, RBV22, REVER242";"20/02/2024 13:54:12";100152924;"100047565
"
B306855-M;1;"MONOPIEZA AQUALUNG FREEFLEX SRA. T.M (SS22)";"15/03/2022 13:52:34";260,99;369;1052;"AQUALUNG ESPAÑA,S.L.";0;;"BF22, BF23, COMPARADOR, COMP_FR, COMP_PT, MUJER, RBE24, RBV22, REVER242";"20/02/2024 13:54:12";100152921;"100047565
"
B306855-ML;1;"MONOPIEZA AQUALUNG FREEFLEX SRA. T.ML (SS22)";"15/03/2022 13:52:34";260,99;369;1052;"AQUALUNG ESPAÑA,S.L.";0;;"BF22, BF23, MUJER, RBE24, RBV22, REVER242";"20/02/2024 13:54:12";100152922;"100047565
"
B306855-S;1;"MONOPIEZA AQUALUNG FREEFLEX SRA. T.S (SS22)";"15/03/2022 13:52:34";260,99;369;1052;"AQUALUNG ESPAÑA,S.L.";1;;"BF22, BF23, MUJER, RBE24, RBV22, REVER242";"20/02/2024 13:54:12";100152920;"100047565
"
B306855-XL;1;"MONOPIEZA AQUALUNG FREEFLEX SRA. T.XL (SS22)";"15/03/2022 13:52:34";260,99;369;1052;"AQUALUNG ESPAÑA,S.L.";0;;"BF22, BF23, MUJER, RBE24, RBV22, REVER242";"20/02/2024 13:54:12";100152925;"100047565
"
B306855-XS;1;"MONOPIEZA AQUALUNG FREEFLEX SRA. T.XS (SS22)";"15/03/2022 13:52:34";260,99;369;1052;"AQUALUNG ESPAÑA,S.L.";0;;"BF22, BF23, MUJER, RBE24, RBV22, REVER242";"20/02/2024 13:54:12";100152919;"100047565
"
B306856-141;1;"TROLLEY EXPLORER II FOLDER (141L) (SS22)";"15/03/2022 14:01:45";157,99;249;1052;"AQUALUNG ESPAÑA,S.L.";1;;"BF22, BF23, COMPARADOR, COMP_FR, COMP_PT, IRN22, RBE23, RBE24, RBV23, REVER242";"20/02/2024 13:54:13";100152917;"100047564
"
B306857-PLUS;1;"FOCO AQUALUNG SEAFLARE LED DIVE PACK PLUS BLACK BLACK (SS22)";"15/03/2022 14:32:16";184,99;249;1052;"AQUALUNG ESPAÑA,S.L.";3;;"BF23, COMPARADOR, COMP_FR, COMP_PT, RBE24, RBV23, REVER242";"20/02/2024 13:54:13";100152916;"100047563
"
B306858G-ML;2;"JACKET APEKS EXOTEC GREY T.M/L (SS22)";"15/03/2022 16:44:15";644,99;949;1052;"AQUALUNG ESPAÑA,S.L.";1;;"BF22, BF23, EXC_2022, IRN22, RBE24, RBV22, REVER242";"20/02/2024 13:54:13";100152907;"100047557
"
B306859-ORDE;2;"ORDENADOR APEKS DSX (SS22)";"15/03/2022 16:46:53";1257,99;1257,99;1052;"AQUALUNG ESPAÑA,S.L.";6;;"BF22, BF23, COMPARADOR, COMP_FR, COMP_PT, EXC_2022, OCULTO WEB, RBE23, RBV22, RBV23, REVER242";"20/02/2024 13:54:13";100152914;"100047561
"
B306859-TRAN;2;"TRANSMISOR APEKS (SS22)";"15/03/2022 16:46:53";228,99;299;1052;"AQUALUNG ESPAÑA,S.L.";1;;"BF22, BF23, COMPARADOR, COMP_FR, COMP_PT, RBE23, RBE24, RBV22, RBV23, REVER242";"20/02/2024 13:54:13";100152913;"100047560
"
B306868-40;1;"JACKET APEKS WTX-D40 WITH S/S PLATE (SS22)";"16/03/2022 12:05:24";687,99;939;1052;"AQUALUNG ESPAÑA,S.L.";2;;"BF22, BF23, COMPARADOR, COMP_FR, COMP_PT, EXC_2022, IRN22, RBE24, RBV22, RBV23, REVER242";"20/02/2024 13:54:13";100176439;"100053693
"
B306948-2XL;1;"CAPUCHA MARES ULTRASKIN LONG HOOD NEGRA/GRIS T.XXL (SS22)";"23/03/2022 17:47:03";38,99;49,95;1057;"MARES, S.P.A";1;;"RBE23, RBE24, RBV23, REGALAR, REVER242";"23/04/2024 13:35:59";100153662;"100047771
"
B306948-3XL;1;"CAPUCHA MARES ULTRASKIN LONG HOOD NEGRA/GRIS T.XXXL (SS22)";"23/03/2022 17:47:03";38,99;49,95;1057;"MARES, S.P.A";1;;"CSW, RBE23, RBE24, RBV23, REGALAR, REVER242";"23/04/2024 13:35:59";100153663;"100047771
"
B306948-L;1;"CAPUCHA MARES ULTRASKIN LONG HOOD NEGRA/GRIS T.L (SS22)";"23/03/2022 17:47:03";38,99;49,95;1057;"MARES, S.P.A";1;;"COMPARADOR, COMP_FR, COMP_PT, RBE23, RBE24, RBV23, REGALAR, REVER242";"23/04/2024 13:35:59";100153660;"100047771
"
B306948-M;1;"CAPUCHA MARES ULTRASKIN LONG HOOD NEGRA/GRIS T.M (SS22)";"23/03/2022 17:47:03";38,99;49,95;1057;"MARES, S.P.A";0;;"RBE23, RBE24, RBV23, REGALAR, REVER242";"23/04/2024 13:35:59";100153659;"100047771
"
B306948-S;1;"CAPUCHA MARES ULTRASKIN LONG HOOD NEGRA/GRIS T.S (SS22)";"23/03/2022 17:47:03";38,99;49,95;1057;"MARES, S.P.A";0;;"RBE23, RBE24, RBV23, REGALAR, REVER242";"23/04/2024 13:35:59";100153657;"100047771
"
B306948-XL;1;"CAPUCHA MARES ULTRASKIN LONG HOOD NEGRA/GRIS T.XL (SS22)";"23/03/2022 17:47:03";38,99;49,95;1057;"MARES, S.P.A";3;;"RBE23, RBE24, RBV23, REGALAR, REVER242";"23/04/2024 13:35:59";100153661;"100047771
"
B306948-XS;1;"CAPUCHA MARES ULTRASKIN LONG HOOD NEGRA/GRIS T.XS (SS22)";"23/03/2022 17:47:03";38,99;49,95;1057;"MARES, S.P.A";1;;"RBE23, RBE24, RBV23, REGALAR, REVER242";"23/04/2024 13:35:59";100153656;"100047771
"
B306949-3738;1;"ESCARPINES APEKS THERMIQ DRY BOOT T.37/38 (SS22)";"23/03/2022 18:01:43";127,99;179;1052;"AQUALUNG ESPAÑA,S.L.";1;;"BF22, BF23, RBE23, RBE24, RBV22, RBV23, REVER242";"20/02/2024 13:54:14";100152891;"100047554
"
B306949-3940;1;"ESCARPINES APEKS THERMIQ DRY BOOT T.39/40 (SS22)";"23/03/2022 18:01:43";127,99;179;1052;"AQUALUNG ESPAÑA,S.L.";0;;"BF22, BF23, RBE23, RBE24, RBV22, RBV23, REVER242";"20/02/2024 13:54:14";100152892;"100047554
"
B306949-41;1;"ESCARPINES APEKS THERMIQ DRY BOOT T.41 (SS22)";"23/03/2022 18:01:43";127,99;179;1052;"AQUALUNG ESPAÑA,S.L.";0;;"BF22, BF23, RBE23, RBE24, RBV22, RBV23, REVER242";"20/02/2024 13:54:14";100152893;"100047554
"
B306949-42;1;"ESCARPINES APEKS THERMIQ DRY BOOT T.42 (SS22)";"23/03/2022 18:01:43";127,99;179;1052;"AQUALUNG ESPAÑA,S.L.";0;;"BF22, BF23, COMPARADOR, COMP_FR, COMP_PT, RBE23, RBE24, RBV22, RBV23, REVER242";"20/02/2024 13:54:14";100152894;"100047554
"
B306949-43;1;"ESCARPINES APEKS THERMIQ DRY BOOT T.43 (SS22)";"23/03/2022 18:01:43";127,99;179;1052;"AQUALUNG ESPAÑA,S.L.";0;;"BF22, BF23, RBE23, RBE24, RBV22, RBV23, REVER242";"20/02/2024 13:54:14";100152895;"100047554
"
B306949-44;1;"ESCARPINES APEKS THERMIQ DRY BOOT T.44 (SS22)";"23/03/2022 18:01:43";127,99;179;1052;"AQUALUNG ESPAÑA,S.L.";1;;"BF22, BF23, RBE23, RBE24, RBV22, RBV23, REVER242";"20/02/2024 13:54:14";100152896;"100047554
"
B306949-4546;1;"ESCARPINES APEKS THERMIQ DRY BOOT T.45/46 (SS22)";"23/03/2022 18:01:43";127,99;179;1052;"AQUALUNG ESPAÑA,S.L.";0;;"BF22, BF23, RBE23, RBE24, RBV22, RBV23, REVER242";"20/02/2024 13:54:14";100152897;"100047554
"
B306949-47;1;"ESCARPINES APEKS THERMIQ DRY BOOT T.47 (SS22)";"23/03/2022 18:01:43";127,99;179;1052;"AQUALUNG ESPAÑA,S.L.";0;;"BF22, BF23, RBE23, RBE24, RBV22, RBV23, REVER242";"20/02/2024 13:54:14";100152898;"100047554
"
B306949-48;1;"ESCARPINES APEKS THERMIQ DRY BOOT T.48 (SS22)";"23/03/2022 18:01:43";127,99;179;1052;"AQUALUNG ESPAÑA,S.L.";0;;"BF22, BF23, RBE23, RBE24, RBV22, RBV23, REVER242";"20/02/2024 13:54:14";100152899;"100047554
"
B307004-2;1;"MONOPIEZA CRESSI KUWAE CRO. 2-3-4MM T.2 (SS22)";"30/03/2022 14:16:06";237,99;322;1053;"CRESSI-SUB ESPAÑA, S.A.";3;;"BF22, BF23, IRN22, RBE23, RBE24, RBV22, RBV23, REGALAR, REVER242";"03/04/2024 13:47:06";100153703;"100047787
"
B307004-3;1;"MONOPIEZA CRESSI KUWAE CRO. 2-3-4MM T.3 (SS22)";"30/03/2022 14:16:06";237,99;322;1053;"CRESSI-SUB ESPAÑA, S.A.";2;;"BF22, BF23, IRN22, RBE23, RBE24, RBV22, RBV23, REGALAR, REVER242";"03/04/2024 13:47:06";100153704;"100047787
"
B307004-4;1;"MONOPIEZA CRESSI KUWAE CRO. 2-3-4MM T.4 (SS22)";"30/03/2022 14:16:06";237,99;322;1053;"CRESSI-SUB ESPAÑA, S.A.";1;;"BF22, BF23, COMPARADOR, COMP_FR, COMP_PT, IRN22, RBE23, RBE24, RBV22, RBV23, REGALAR, REVER242";"03/04/2024 13:47:06";100153705;"100047787
"
B307004-5;1;"MONOPIEZA CRESSI KUWAE CRO. 2-3-4MM T.5 (SS22)";"30/03/2022 14:16:06";237,99;322;1053;"CRESSI-SUB ESPAÑA, S.A.";1;;"BF22, BF23, IRN22, RBE23, RBE24, RBV22, RBV23, REGALAR, REVER242";"03/04/2024 13:47:06";100153706;"100047787
"
B307006-2;1;"MONOPIEZA CRESSI TOKUGAWA 3MM T.2 (SS22)";"30/03/2022 14:16:06";137,99;173;1053;"CRESSI-SUB ESPAÑA, S.A.";1;;"BF22, CSW, RBE23, RBV22, REVER242";"03/04/2024 13:47:06";100153721;"100047790
"
B307006-3;1;"MONOPIEZA CRESSI TOKUGAWA 3MM T.3 (SS22)";"30/03/2022 14:16:06";137,99;173;1053;"CRESSI-SUB ESPAÑA, S.A.";0;;"BF22, COMPARADOR, COMP_FR, COMP_PT, CSW, RBE23, RBV22, REVER242";"03/04/2024 13:47:06";100153722;"100047790
"
B307006-4;1;"MONOPIEZA CRESSI TOKUGAWA 3MM T.4 (SS22)";"30/03/2022 14:16:06";137,99;173;1053;"CRESSI-SUB ESPAÑA, S.A.";0;;"BF22, CSW, RBE23, RBV22, REVER242";"03/04/2024 13:47:06";100153723;"100047790
"
B307006-5;1;"MONOPIEZA CRESSI TOKUGAWA 3MM T.5 (SS22)";"30/03/2022 14:16:06";137,99;173;1053;"CRESSI-SUB ESPAÑA, S.A.";0;;"BF22, CSW, RBE23, RBV22, REVER242";"03/04/2024 13:47:06";100153724;"100047790
"
B307006-6;1;"MONOPIEZA CRESSI TOKUGAWA 3MM T.6 (SS22)";"30/03/2022 14:16:06";137,99;173;1053;"CRESSI-SUB ESPAÑA, S.A.";0;;"BF22, CSW, RBE23, RBV22, REVER242";"03/04/2024 13:47:06";100153725;"100047790
"
B307032-100;1;"FUSIL CRESSI YUMA FAST 100 (SS22)";"31/03/2022 18:32:26";134,99;170;1053;"CRESSI-SUB ESPAÑA, S.A.";0;;"COMPARADOR, COMP_FR, COMP_PT, REVER242";"03/04/2024 13:47:07";100153823;"100047813
"
B307032-75;1;"FUSIL CRESSI YUMA FAST 75 (SS22)";"31/03/2022 18:32:26";119,99;153;1053;"CRESSI-SUB ESPAÑA, S.A.";1;;"COMPARADOR, COMP_FR, COMP_PT, REVER242";"03/04/2024 13:47:07";100153821;"100047813
"
B307033-45;1;"FUSIL CRESSI APACHE 45 (SS22)";"31/03/2022 18:34:28";61,99;82;1053;"CRESSI-SUB ESPAÑA, S.A.";4;;"BF22, BF23, CM22, CM23, COMPARADOR, COMP_FR, COMP_PT, COMUNIONES, RBE23, RBV22, REVER242";"03/04/2024 13:47:03";100153824;"100047814
"
B307033-60;1;"FUSIL CRESSI APACHE 60 (SS22)";"31/03/2022 18:34:28";61,99;85;1053;"CRESSI-SUB ESPAÑA, S.A.";8;;"BF22, BF23, CM22, CM23, COMPARADOR, COMP_FR, COMP_PT, COMUNIONES, RBE23, RBV22, REVER242";"03/04/2024 13:47:03";100153825;"100047814
"
B307034-90;1;"FUSIL AIRE CRESSI SL/STAR 70 (SS22)";"31/03/2022 18:35:59";127,99;160;1053;"CRESSI-SUB ESPAÑA, S.A.";3;;"COMPARADOR, COMP_FR, COMP_PT, IRN22, RBV23, REVER242";"03/04/2024 13:47:02";100153831;"100047816
"
B307048-DIN;1;"REGULADOR SCUBAPRO MK19 EVO/A700 DIN (SS22)";"05/04/2022 18:29:37";789,99;1040;100002778;"JOHNSON-OUTDOORS ";1;;"BF23, COMPARADOR, COMP_FR, COMP_PT, EXC_2022, IRN22, RBE23, RBE24, RBV23, REGALAR, REGOC, REVER242";"22/03/2024 18:34:36";100144169;"100046179
"
B307048-INT;1;"REGULADOR SCUBAPRO MK19 EVO/A700 INT (SS22)                 ";"05/04/2022 18:29:36";789,99;1040;100002778;"JOHNSON-OUTDOORS ";0;;"BF23, EXC_2022, IRN22, RBE23, RBE24, RBV23, REGALAR, REGOC, REVER242";"22/03/2024 18:34:36";100144168;"100046178
"
B307050-DIN;1;"REGULADOR SCUBAPRO MK19 EVO/S620Ti DIN (SS22)        ";"05/04/2022 18:29:36";647,99;970;100002778;"JOHNSON-OUTDOORS ";2;;"BF23, COMPARADOR, COMP_FR, COMP_PT, EXC_2022, IRN22, RBE23, RBE24, RBV23, REGOC, REVER242";"22/03/2024 18:34:36";100144162;"100046177
"
B307050-INT;1;"REGULADOR SCUBAPRO MK19 EVO/S620Ti INT (SS22)        ";"05/04/2022 18:29:36";647,99;970;100002778;"JOHNSON-OUTDOORS ";0;;"BF23, EXC_2022, IRN22, RBE23, RBE24, RBV23, REGOC, REVER242";"22/03/2024 18:34:36";100144157;"100046169
"
B307051-DIN;1;"REGULADOR SCUBAPRO MK25 EVO BT/G260 CARBON DIN (SS22)";"05/04/2022 18:39:17";956,99;1285;100002778;"JOHNSON-OUTDOORS ";0;;"BF23, COMPARADOR, COMP_FR, COMP_PT, EXC_2022, RBE23, RBE24, REVER242";"22/03/2024 18:34:36";100144185;"100046182
"
B307051-INT;1;"REGULADOR SCUBAPRO MK25 EVO BT/G260 CARBON INT (SS22)";"05/04/2022 18:39:17";956,99;1285;100002778;"JOHNSON-OUTDOORS ";0;;"BF23, EXC_2022, RBE23, RBE24, REVER242";"22/03/2024 18:34:36";100144184;"100046181
"
B307053-DIN;1;"REGULADOR SCUBAPRO MK19 EVO/G260 DIN (SS22)                 ";"05/04/2022 18:39:17";538,99;740;100002778;"JOHNSON-OUTDOORS ";0;;"BF23, COMPARADOR, COMP_FR, COMP_PT, EXC_2022, RBE23, RBE24, REGOC, REVER242";"22/03/2024 18:34:36";100144151;"100046165
"
B307053-INT;1;"REGULADOR SCUBAPRO MK19 EVO/G260 INT (SS22)                 ";"05/04/2022 18:39:17";538,99;740;100002778;"JOHNSON-OUTDOORS ";0;;"BF23, EXC_2022, RBE23, RBE24, REGOC, REVER242";"22/03/2024 18:34:36";100144149;"100046160
"
B307056-DIN;1;"PACK SCUBAPRO MK11/S270/R095 OCTO DIN (SS22)          ";"06/04/2022 10:45:35";375,99;470;100002778;"JOHNSON-OUTDOORS ";4;;"BF22, BF23, CM23, COMPARADOR, COMP_FR, COMP_PT, COMUNIONES, IRN22, RBE23, RBE24, RBV22, REGALAR, REVER242";"22/03/2024 18:34:36";100144668;"100046295
"
B307056-INT;1;"PACK SCUBAPRO MK11/S270/R095 OCTO INT (SS22)          ";"06/04/2022 10:45:35";375,99;470;100002778;"JOHNSON-OUTDOORS ";0;;"BF22, BF23, CM23, COMUNIONES, IRN22, RBE23, RBE24, RBV22, REGALAR, REVER242";"22/03/2024 18:34:36";100144663;"100046294
"
B307057-DIN;1;"REGULADOR SCUBAPRO MK2 EVO/S270 DIN (SS22)       ";"06/04/2022 10:45:35";267,99;335;100002778;"JOHNSON-OUTDOORS ";0;;"BF23, COMPARADOR, COMP_FR, COMP_PT, RBE23, RBE24, REVER242";"22/03/2024 18:34:36";100144570;"100046274
"
B307057-INT;1;"REGULADOR SCUBAPRO MK2 EVO/S270 INT (SS22)       ";"06/04/2022 10:45:35";267,99;335;100002778;"JOHNSON-OUTDOORS ";0;;"BF23, RBE23, RBE24, REVER242";"22/03/2024 18:34:36";100144561;"100046272
"
B307057P-DIN;1;"PACK REGULADOR MK2 EVO/S270/R095 OCTO DIN (SS22)";"06/04/2022 10:45:35";359,99;450;100002778;"JOHNSON-OUTDOORS ";0;;"BF22, BF23, COMPARADOR, COMP_FR, COMP_PT, RBE24, RBV22, REVER242";"22/03/2024 18:34:36";100144656;"100046292
"
B307057P-INT;1;"PACK REGULADOR MK2 EVO/S270/R095 OCTO INT (SS22)";"06/04/2022 10:45:35";359,99;450;100002778;"JOHNSON-OUTDOORS ";0;;"BF22, BF23, RBE24, RBV22, REVER242";"22/03/2024 18:34:36";100144655;"100046289
"
B307058-octo;1;"OCTOPUS SCUBAPRO S270 (SS22)   ";"06/04/2022 10:52:13";184,99;305;100002778;"JOHNSON-OUTDOORS ";4;;"BF22, BF23, COMPARADOR, COMP_FR, COMP_PT, IRN22, RBE23, RBE24, RBV22, RBV23, REGALAR, REVER242";"22/03/2024 18:34:36";100144527;"100046266
"
B307059-L;1;"JACKET SCUBAPRO GO QUICK CINCH L (SS22)       ";"06/04/2022 11:00:02";379,99;510;100002778;"JOHNSON-OUTDOORS ";0;;"BF22, BF23, EXC_2022, RBE24, RBV22, RBV23, REVER242";"22/03/2024 18:34:37";100144577;"100046277
"
B307059-M;1;"JACKET SCUBAPRO GO QUICK CINCH M (SS22)       ";"06/04/2022 11:00:02";379,99;510;100002778;"JOHNSON-OUTDOORS ";0;;"BF22, BF23, COMPARADOR, COMP_FR, COMP_PT, EXC_2022, RBE24, RBV22, RBV23, REVER242";"22/03/2024 18:34:37";100144576;"100046277
"
B307059-S;1;"JACKET SCUBAPRO GO QUICK CINCH S (SS22)       ";"06/04/2022 11:00:02";379,99;510;100002778;"JOHNSON-OUTDOORS ";1;;"BF22, BF23, EXC_2022, NEBE VENTA PRIORITARIA, RBE24, RBV22, RBV23, REVER242";"22/03/2024 18:34:37";100144575;"100046277
"
B307059-XL;1;"JACKET SCUBAPRO GO QUICK CINCH XL (SS22)       ";"06/04/2022 11:00:02";379,99;510;100002778;"JOHNSON-OUTDOORS ";0;;"BF22, BF23, EXC_2022, RBE24, RBV22, RBV23, REVER242";"22/03/2024 18:34:37";100144573;"100046277
"
B307059-XS;1;"JACKET SCUBAPRO GO QUICK CINCH XS (SS22)       ";"06/04/2022 11:00:02";379,99;510;100002778;"JOHNSON-OUTDOORS ";0;;"BF22, BF23, EXC_2022, RBE24, RBV22, RBV23, REVER242";"22/03/2024 18:34:37";100144574;"100046277
"
B307060-L;1;"JACKET SCUBAPRO LEVEL L (SS22)          ";"06/04/2022 11:00:02";332,99;430;100002778;"JOHNSON-OUTDOORS ";0;;"BF22, BF23, RBE24, RBV22, REVER242";"22/03/2024 18:34:37";100144599;"100046280
"
B307060-M;1;"JACKET SCUBAPRO LEVEL M (SS22)          ";"06/04/2022 11:00:02";332,99;430;100002778;"JOHNSON-OUTDOORS ";1;;"BF22, BF23, COMPARADOR, COMP_FR, COMP_PT, NEBE VENTA PRIORITARIA, RBE24, RBV22, REVER242";"22/03/2024 18:34:37";100144597;"100046280
"
B307060-S;1;"JACKET SCUBAPRO LEVEL S (SS22)          ";"06/04/2022 11:00:02";332,99;430;100002778;"JOHNSON-OUTDOORS ";0;;"BF22, BF23, RBE24, RBV22, REVER242";"22/03/2024 18:34:37";100144596;"100046280
"
B307060-XL;1;"JACKET SCUBAPRO LEVEL XL (SS22)          ";"06/04/2022 11:00:02";332,99;430;100002778;"JOHNSON-OUTDOORS ";0;;"BF22, BF23, RBE24, RBV22, REVER242";"22/03/2024 18:34:37";100144593;"100046280
"
B307060-XS;1;"JACKET SCUBAPRO LEVEL XS (SS22)";"06/04/2022 11:00:02";332,99;430;100002778;"JOHNSON-OUTDOORS ";0;;"BF22, BF23, RBE24, RBV22, REVER242";"22/03/2024 18:34:37";100144594;"100046280
"
B307062-15;1;"CARRETE SCUBAPRO S-TEK 50 (15M) (SS22)      ";"06/04/2022 11:52:04";44,99;62;100002778;"JOHNSON-OUTDOORS ";0;;"BF22, BF23, COMPARADOR, COMP_FR, COMP_PT, RBE24, RBV22, REVER242";"22/03/2024 18:34:37";100144284;"100046208
"
B307062-30;1;"CARRETE SCUBAPRO S-TEK 100 (30M) (SS22)          ";"06/04/2022 11:52:04";47,99;67;100002778;"JOHNSON-OUTDOORS ";0;;"BF22, BF23, COMPARADOR, COMP_FR, COMP_PT, RBE24, RBV22, REVER242";"22/03/2024 18:34:37";100144285;"100046208
"
B307062-45;1;"CARRETE SCUBAPRO S-TEK 150 (45M) (SS22)     ";"06/04/2022 11:52:04";54,99;77;100002778;"JOHNSON-OUTDOORS ";0;;"BF22, BF23, COMPARADOR, COMP_FR, COMP_PT, CSW, RBE24, RBV22, RBV23, REVER242";"22/03/2024 18:34:37";100144283;"100046208
"
B307064-105;2;"MOSQUETON SCUBAPRO DOBLE M 105MM (SS22)              ";"06/04/2022 11:52:04";16,99;21;100002778;"JOHNSON-OUTDOORS ";6;;"RBV23, REVER242";"22/03/2024 18:34:37";100144329;"100046224
"
B307064-125;2;"MOSQUETON SCUBAPRO DOBLE L 125MM (SS22)              ";"06/04/2022 11:52:04";16,99;21;100002778;"JOHNSON-OUTDOORS ";1;;"RBV23, REVER242";"22/03/2024 18:34:37";100144330;"100046224
"
B307064-13;2;"MOSQUETON SCUBAPRO GATILLO 13MM (SS22)     ";"06/04/2022 11:52:04";16,99;21;100002778;"JOHNSON-OUTDOORS ";3;;"RBV23, REVER242";"22/03/2024 18:34:37";100144318;"100046222
"
B307064-25;2;"MOSQUETON SCUBAPRO ABERTURA PLANA 25MM (SS22)       ";"06/04/2022 11:52:04";16,99;21;100002778;"JOHNSON-OUTDOORS ";4;;"RBV23, REVER242";"22/03/2024 18:34:37";100144331;"100046226
"
B307064-36;2;"MOSQUETON SCUBAPRO ABERTURA GRANDE 36MM (SS22)";"06/04/2022 11:52:04";16,99;21;100002778;"JOHNSON-OUTDOORS ";4;;"RBV23, REVER242";"22/03/2024 18:34:37";100144332;"100046222
"
B307064-L25;2;"MOSQUETON SCUBAPRO L 25MM (SS22)                ";"06/04/2022 11:52:04";16,99;21;100002778;"JOHNSON-OUTDOORS ";1;;"RBV23, REVER242";"22/03/2024 18:34:37";100144324;"100046222
"
B307064-S14;2;"MOSQUETON SCUBAPRO S 14MM (SS22)     ";"06/04/2022 11:52:04";16,99;21;100002778;"JOHNSON-OUTDOORS ";1;;"RBV23, REVER242";"22/03/2024 18:34:37";100144320;"100046222
"
B307064-XS10;2;"MOSQUETON SCUBAPRO XS 10MM (SS22)               ";"06/04/2022 11:52:04";16,99;21;100002778;"JOHNSON-OUTDOORS ";1;;"RBV23, REVER242";"22/03/2024 18:34:37";100144319;"100046222
"
B307067-BLUE;2;"GAFA PISCINA ZOGGS DIAMOND BLUE BLUE REEF CLEAR (SS22)";"06/04/2022 13:37:37";19,9;19,9;1057;"MARES, S.P.A";4;;"CSW, RBV23, REGALAR, REVER242";"06/04/2022 13:37:37";100153875;"100047827
"
B307067-MBLU;2;"GAFA PISCINA ZOGGS DIAMOND MIRROR BLUE WHITE GOLD (SS22)";"06/04/2022 13:37:37";24,9;24,9;1057;"MARES, S.P.A";3;;"CSW, RBV23, REGALAR, REVER242";"06/04/2022 13:37:37";100153876;"100047828
"
B307067-MGRE;2;"GAFA PISCINA ZOGGS DIAMOND MIRROR GREY BLACK RED (SS22)";"06/04/2022 13:37:37";24,9;24,9;1057;"MARES, S.P.A";3;;"CSW, RBV23, REGALAR, REVER242";"06/04/2022 13:37:37";100153878;"100047828
"
B307068-RBB;2;"GAFA PISCINA ZOGGS PREDATOR BLUE BLACK TINT SMOKE T.R (SS22)";"06/04/2022 13:37:37";29,9;29,9;1057;"MARES, S.P.A";5;;"CSW, RBV23, REGALAR, REVER242";"06/04/2022 13:37:37";100153882;"100047829
"
B307068-RG;2;"GAFA PISCINA ZOGGS PREDATOR GREEN CLEAR TINT SMOKE T.R (SS22)";"06/04/2022 13:37:37";29,9;29,9;1057;"MARES, S.P.A";2;;"CSW, RBV23, REGALAR, REVER242";"06/04/2022 13:37:37";100153884;"100047829
"
B307068-RW;2;"GAFA PISCINA ZOGGS PREDATOR WHITE TINT SMOKE T.R (SS22)";"06/04/2022 13:37:37";29,9;29,9;1057;"MARES, S.P.A";3;;"CSW, RBV23, REGALAR, REVER242";"06/04/2022 13:37:37";100153888;"100047829
"
B307068-RWR;2;"GAFA PISCINA ZOGGS PREDATOR WHITE RED TINT BLUE T.R (SS22)";"06/04/2022 13:37:37";29,9;29,9;1057;"MARES, S.P.A";1;;"CSW, RBV23, REGALAR, REVER242";"06/04/2022 13:37:37";100153886;"100047829
"
B307068-SB;2;"GAFA PISCINA ZOGGS PREDATOR BLACK GREEN CLEAR T.S (SS22)";"06/04/2022 13:37:37";29,9;29,9;1057;"MARES, S.P.A";7;;"CSW, RBV23, REGALAR, REVER242";"06/04/2022 13:37:37";100153879;"100047829
"
B307068-SBB;2;"GAFA PISCINA ZOGGS PREDATOR BLUE BLACK TINT SMOKE T.S (SS22)";"06/04/2022 13:37:37";29,9;29,9;1057;"MARES, S.P.A";5;;"CSW, RBV23, REGALAR, REVER242";"06/04/2022 13:37:37";100153883;"100047829
"
B307068-SG;2;"GAFA PISCINA ZOGGS PREDATOR GREEN CLEAR TINT SMOKE T.S (SS22)";"06/04/2022 13:37:37";29,9;29,9;1057;"MARES, S.P.A";7;;"CSW, RBV23, REGALAR, REVER242";"06/04/2022 13:37:37";100153885;"100047829
"
B307068-SW;2;"GAFA PISCINA ZOGGS PREDATOR WHITE TINT SMOKE T.S (SS22)";"06/04/2022 13:37:37";29,9;29,9;1057;"MARES, S.P.A";6;;"CSW, RBV23, REGALAR, REVER242";"06/04/2022 13:37:37";100153889;"100047829
"
B307068-SWR;2;"GAFA PISCINA ZOGGS PREDATOR WHITE RED TINT BLUE T.S (SS22)";"06/04/2022 13:37:37";29,9;29,9;1057;"MARES, S.P.A";3;;"CSW, RBV23, REGALAR, REVER242";"06/04/2022 13:37:37";100153887;"100047829
"
B307069-2832;2;"CALCETIN PISCINA ZOGGS LATEX T.28-32 (SS22)";"06/04/2022 13:37:37";5,9;5,9;1057;"MARES, S.P.A";21;;"CM22, CM23, COMUNIONES, CSW, REGALAR, REVER242";"06/04/2022 13:37:37";100153890;"100047830
"
B307069-3336;2;"CALCETIN PISCINA ZOGGS LATEX T.33-36 (SS22)";"06/04/2022 13:37:37";5,9;5,9;1057;"MARES, S.P.A";24;;"CM22, CM23, COMUNIONES, CSW, REGALAR, REVER242";"06/04/2022 13:37:37";100153891;"100047830
"
B307069-3740;2;"CALCETIN PISCINA ZOGGS LATEX T.37-40 (SS22)";"06/04/2022 13:37:37";5,9;5,9;1057;"MARES, S.P.A";15;;"CM22, CM23, COMUNIONES, CSW, REGALAR, REVER242";"06/04/2022 13:37:37";100153892;"100047830
"
B307069-4144;2;"CALCETIN PISCINA ZOGGS LATEX T.41-44 (SS22)";"06/04/2022 13:37:37";5,9;5,9;1057;"MARES, S.P.A";17;;"CM22, CM23, COMUNIONES, CSW, REGALAR, REVER242";"06/04/2022 13:37:37";100153893;"100047830
"
B307076-AZUL;2;"TAPON ALUMINIO AZUL TECNOMAR DIN (BOTELLA7REGULADOR) (SS22)";"07/04/2022 14:25:13";19,99;24,2;1058;"TECNOMAR DIVING ";2;;"RBV23, REVER242";"12/06/2024 16:03:12";100184955;"100056035
"
B307076-NEGR;2;"TAPON ALUMINIO NEGRO TECNOMAR DIN (BOTELLA7REGULADOR) (SS22)";"07/04/2022 14:25:13";19,99;24,2;1058;"TECNOMAR DIVING ";2;;"RBV23, REVER242";"12/06/2024 16:03:12";100184956;"100056035
"
B307076-ROJO;2;"TAPON ALUMINIO ROJO TECNOMAR DIN (BOTELLA7REGULADOR) (SS22)";"07/04/2022 14:25:13";19,99;24,2;1058;"TECNOMAR DIVING ";2;;"RBV23, REVER242";"12/06/2024 16:03:12";100184957;"100056035
"
B307076-SILV;2;"TAPON ALUMINIO SILVER TECNOMAR DIN (BOTELLA7REGULADOR) (SS22)";"07/04/2022 14:25:13";19,99;24,2;1058;"TECNOMAR DIVING ";1;;"RBV23, REVER242";"12/06/2024 16:03:12";100184958;"100056035
"
B307081-1;2;"BOLSA PLOMOS TECNOMAR 1 KG (SS22)";"07/04/2022 15:39:21";17,99;18,81;1058;"TECNOMAR DIVING ";14;;"CSW, REVER242";"12/06/2024 16:03:12";100165180;"100050834
"
B307081-2;2;"BOLSA PLOMOS TECNOMAR 2 KG (SS22)";"07/04/2022 15:39:21";32,99;33,64;1058;"TECNOMAR DIVING ";12;;"RBV23, REVER242";"12/06/2024 16:03:13";100165181;"100050834
"
B307081-3;2;"BOLSA PLOMOS TECNOMAR 3 KG (SS22)";"07/04/2022 15:39:21";46,99;47,16;1058;"TECNOMAR DIVING ";11;;"RBV23, REVER242";"12/06/2024 16:03:13";100165182;"100050834
"
B307119C-110;1;"FUSIL SEAC SUB FIRE CAMO MARRON T.110 (SS22)";"20/04/2022 16:40:12";166,99;264;1208;"SEAC SUB S.p.A.";0;;"BF22, BF23, COMPARADOR, COMP_FR, COMP_PT, RBE23, RBE24, RBV22, REVER242";"14/02/2024 16:16:25";100153931;"100047840
"
B307119C-130;1;"FUSIL SEAC SUB FIRE CAMO MARRON T.130 (SS22)";"20/04/2022 16:40:12";187,99;281;1208;"SEAC SUB S.p.A.";0;;"BF22, BF23, COMPARADOR, COMP_FR, COMP_PT, RBE23, RBE24, RBV22, REVER242";"14/02/2024 16:16:25";100153932;"100047840
"
B307119C-75;1;"FUSIL SEAC SUB FIRE CAMO MARRON T.75 (SS22)";"20/04/2022 16:40:12";158,99;221;1208;"SEAC SUB S.p.A.";0;;"BF22, BF23, COMPARADOR, COMP_FR, COMP_PT, RBE23, RBE24, RBV22, RBV23, REVER242";"14/02/2024 16:16:25";100153927;"100047840
"
B307119C-90;1;"FUSIL SEAC SUB FIRE CAMO MARRON T.90 (SS22)";"20/04/2022 16:40:12";158,99;230;1208;"SEAC SUB S.p.A.";1;;"BF22, BF23, COMPARADOR, COMP_FR, COMP_PT, RBE23, RBE24, RBV22, RBV23, REVER242";"14/02/2024 16:16:25";100153928;"100047840
"
B307119N-100;1;"FUSIL SEAC SUB FIRE NEGRO T.100 (SS22)";"20/04/2022 16:40:12";158,99;230;1208;"SEAC SUB S.p.A.";2;;"BF22, BF23, COMPARADOR, COMP_FR, COMP_PT, RBE23, RBE24, RBV22, REVER242";"14/02/2024 16:16:25";100153924;"100047840
"
B307119N-130;1;"FUSIL SEAC SUB FIRE NEGRO T.130 (SS22)";"20/04/2022 16:40:12";174,99;264;1208;"SEAC SUB S.p.A.";0;;"BF22, BF23, COMPARADOR, COMP_FR, COMP_PT, RBE23, RBE24, RBV22, REVER242";"14/02/2024 16:16:25";100153926;"100047840
"
B307119N-75;1;"FUSIL SEAC SUB FIRE NEGRO T.75 (SS22)";"20/04/2022 16:40:12";158,99;204;1208;"SEAC SUB S.p.A.";1;;"BF22, BF23, COMPARADOR, COMP_FR, COMP_PT, RBE23, RBE24, RBV22, RBV23, REVER242";"14/02/2024 16:16:25";100153922;"100047840
"
B307119N-90;2;"FUSIL SEAC SUB FIRE NEGRO T.90 (SS22)";"20/04/2022 16:40:12";158,99;213;1208;"SEAC SUB S.p.A.";2;;"BF22, BF23, COMPARADOR, COMP_FR, COMP_PT, RBE23, RBE24, RBV22, RBV23, REVER242";"21/10/2022 17:47:28";100153923;"100047840
"
B307120N-100;1;"FUSIL SEAC SUB TARGET NEGRO T.100 (SS22)";"20/04/2022 16:54:32";116,99;179;1208;"SEAC SUB S.p.A.";0;;"BF22, BF23, COMPARADOR, COMP_FR, COMP_PT, RBE23, RBE24, RBV22, REVER242";"14/02/2024 16:16:25";100153936;"100047841
"
B307120N-60;1;"FUSIL SEAC SUB TARGET NEGRO T.60 (SS22)";"20/04/2022 16:54:32";99,99;153;1208;"SEAC SUB S.p.A.";2;;"BF22, BF23, COMPARADOR, COMP_FR, COMP_PT, RBE23, RBE24, RBV22, RBV23, REVER242";"14/02/2024 16:16:25";100153933;"100047841
"
B307120N-75;1;"FUSIL SEAC SUB TARGET NEGRO T.75 (SS22)";"20/04/2022 16:54:32";104,99;162;1208;"SEAC SUB S.p.A.";2;;"BF22, BF23, COMPARADOR, COMP_FR, COMP_PT, RBE23, RBE24, RBV22, RBV23, REVER242";"14/02/2024 16:16:25";100153934;"100047841
"
B307120N-90;1;"FUSIL SEAC SUB TARGET NEGRO T.90 (SS22)";"20/04/2022 16:54:32";110,99;170;1208;"SEAC SUB S.p.A.";1;;"BF22, BF23, COMPARADOR, COMP_FR, COMP_PT, RBE23, RBE24, RBV22, RBV23, REVER242";"14/02/2024 16:16:25";100153935;"100047841
"
B307129-DARK;1;"MASCARA CRESSI FOCUS DARK/DARK (SS22)";"21/04/2022 12:23:17";37,99;48;1053;"CRESSI-SUB ESPAÑA, S.A.";0;;"BF23, REVER242";"03/04/2024 13:47:02";100153941;"100047845
"
B307153-BLUE;2;"GAFA ZOGGS TRI VISION NAVY BLUE TINT BLUE (SS22)";"06/05/2022 13:48:41";24,9;24,9;1057;"MARES, S.P.A";2;;"CSW, RBV23, REGALAR, REVER242";"06/05/2022 13:48:41";100144732;"100046316
"
B307153-GREY;2;"GAFA ZOGGS TRI VISION GREY BLACK TINT COOPER (SS22)";"06/05/2022 13:48:41";24,9;24,9;1057;"MARES, S.P.A";9;;"CSW, RBV23, REGALAR, REVER242";"06/05/2022 13:48:41";100144730;"100046316
"
B307295-L;1;"JACKET CRESSI START PRO 2.0 T.L (SS22) ";"04/06/2022 17:39:10";252,99;336;1053;"CRESSI-SUB ESPAÑA, S.A.";1;;"CM23, COMPARADOR, COMP_FR, COMP_PT, COMUNIONES, REVER242";"03/04/2024 13:47:05";100148470;"100046825
"
B307295-M;1;"JACKET CRESSI START PRO 2.0 T.M (SS22) ";"04/06/2022 17:39:10";252,99;336;1053;"CRESSI-SUB ESPAÑA, S.A.";0;;"CM23, COMUNIONES, CSW, REVER242";"03/04/2024 13:47:05";100148469;"100046825
"
B307295-S;1;"JACKET CRESSI START PRO 2.0 T.S (SS22) ";"04/06/2022 17:39:10";252,99;336;1053;"CRESSI-SUB ESPAÑA, S.A.";1;;"CM23, COMUNIONES, REVER242";"03/04/2024 13:47:05";100148468;"100046825
"
B307295-XL;1;"JACKET CRESSI START PRO 2.0 T.XL (SS22) ";"04/06/2022 17:39:10";252,99;336;1053;"CRESSI-SUB ESPAÑA, S.A.";0;;"CM23, COMUNIONES, CSW, REVER242";"03/04/2024 13:47:05";100148471;"100046825
"
B307295-XS;1;"JACKET CRESSI START PRO 2.0 T.XS (SS22) ";"04/06/2022 17:39:10";252,99;336;1053;"CRESSI-SUB ESPAÑA, S.A.";0;;"CM23, COMUNIONES, REVER242";"03/04/2024 13:47:05";100148467;"100046825
"
B307295-XXL;1;"JACKET CRESSI START PRO 2.0 T.XXL (SS22) ";"04/06/2022 17:39:10";252,99;336;1053;"CRESSI-SUB ESPAÑA, S.A.";0;;"CM23, COMUNIONES, REVER242";"03/04/2024 13:47:06";100148472;"100046825
"
B307295-XXS;1;"JACKET CRESSI START PRO 2.0 T.XXS (SS22) ";"04/06/2022 17:39:10";252,99;336;1053;"CRESSI-SUB ESPAÑA, S.A.";0;;"CM23, COMUNIONES, REVER242";"03/04/2024 13:47:05";100148473;"100046825
"
B307296-L;1;"JACKET CRESSI TRAVELIGHT AZUL T.L (SS22)";"04/06/2022 17:39:10";298,99;464;1053;"CRESSI-SUB ESPAÑA, S.A.";0;;"BF22, BF23, EXC_INT, IRN22, RBE23, RBV22, REGALAR, REVER242";"03/04/2024 13:47:03";100148500;"100046829
"
B307296-M;1;"JACKET CRESSI TRAVELIGHT AZUL T.M (SS22)";"04/06/2022 17:39:10";298,99;464;1053;"CRESSI-SUB ESPAÑA, S.A.";1;;"BF22, BF23, COMPARADOR, COMP_FR, COMP_PT, EXC_INT, IRN22, RBE23, RBV22, REGALAR, REVER242";"03/04/2024 13:47:03";100148498;"100046829
"
B307296-S;1;"JACKET CRESSI TRAVELIGHT AZUL T.S (SS22)";"04/06/2022 17:39:10";298,99;464;1053;"CRESSI-SUB ESPAÑA, S.A.";0;;"BF22, BF23, EXC_INT, IRN22, RBE23, RBV22, REGALAR, REVER242";"03/04/2024 13:47:03";100148496;"100046829
"
B307296-XL;1;"JACKET CRESSI TRAVELIGHT AZUL T.XL (SS22)";"04/06/2022 17:39:10";298,99;464;1053;"CRESSI-SUB ESPAÑA, S.A.";0;;"BF22, BF23, EXC_INT, IRN22, RBE23, RBV22, REGALAR, REVER242";"03/04/2024 13:47:03";100148502;"100046829
"
B307296-XS;1;"JACKET CRESSI TRAVELIGHT AZUL T.XS (SS22)";"04/06/2022 17:39:10";298,99;464;1053;"CRESSI-SUB ESPAÑA, S.A.";0;;"BF22, BF23, EXC_INT, IRN22, RBE23, RBV22, REGALAR, REVER242";"03/04/2024 13:47:03";100148494;"100046829
"
B307297-M;1;"JACKET CRESSI TRAVELIGHT LADY ROSA T.M (SS22)";"04/06/2022 17:39:10";370,99;464;1053;"CRESSI-SUB ESPAÑA, S.A.";0;;"BF22, BF23, EXC_INT, IRN22, MUJER, RBE23, RBV22, REVER242";"03/04/2024 13:47:04";100148518;"100046832
"
B307297-S;1;"JACKET CRESSI TRAVELIGHT LADY ROSA T.S (SS22)";"04/06/2022 17:39:10";370,99;464;1053;"CRESSI-SUB ESPAÑA, S.A.";0;;"BF22, BF23, COMPARADOR, COMP_FR, COMP_PT, CSW, EXC_INT, IRN22, MUJER, RBE23, RBV22, REVER242";"03/04/2024 13:47:04";100148517;"100046832
"
B307297-XS;1;"JACKET CRESSI TRAVELIGHT LADY ROSA T.XS (SS22)";"04/06/2022 17:39:10";370,99;464;1053;"CRESSI-SUB ESPAÑA, S.A.";0;;"BF22, BF23, EXC_INT, IRN22, MUJER, RBE23, RBV22, REVER242";"03/04/2024 13:47:03";100148516;"100046832
"
B307298-L;1;"JACKET CRESSI AQUARIDE BLUE T.L (SS22)";"04/06/2022 17:39:09";305,99;424;1053;"CRESSI-SUB ESPAÑA, S.A.";2;;"BF22, BF23, RBE24, REVER242";"03/04/2024 13:47:04";100148543;"100046835
"
B307298-M;1;"JACKET CRESSI AQUARIDE BLUE T.M (SS22)";"04/06/2022 17:39:09";305,99;424;1053;"CRESSI-SUB ESPAÑA, S.A.";0;;"BF22, BF23, COMPARADOR, COMP_FR, COMP_PT, CSW, RBE24, REVER242";"03/04/2024 13:47:04";100148542;"100046835
"
B307298-S;1;"JACKET CRESSI AQUARIDE BLUE T.S (SS22)";"04/06/2022 17:39:09";305,99;424;1053;"CRESSI-SUB ESPAÑA, S.A.";2;;"BF22, BF23, RBE24, REVER242";"03/04/2024 13:47:04";100148540;"100046835
"
B307298-XL;1;"JACKET CRESSI AQUARIDE BLUE T.XL (SS22)";"04/06/2022 17:39:09";305,99;424;1053;"CRESSI-SUB ESPAÑA, S.A.";1;;"BF22, BF23, RBE24, REVER242";"03/04/2024 13:47:04";100148544;"100046835
"
B307298-XS;1;"JACKET CRESSI AQUARIDE BLUE T.XS (SS22)";"04/06/2022 17:39:09";305,99;424;1053;"CRESSI-SUB ESPAÑA, S.A.";0;;"BF22, BF23, RBE24, REVER242";"03/04/2024 13:47:04";100148538;"100046835
"
B307313-A;2;"ORDENADOR BUCEO GARMIN DESCENT MK2S AZUL (SS22)";"08/06/2022 19:29:54";989;1299,99;9020;"GARMIN IBERIA ";1;;"BF23, EXCLUIR_IVA, IRN22, RBE24, REVER242";"29/12/2023 14:04:21";100154336;"100047946
"
B307361-XL;2;"CAPUCHA IST/DOLPHIN PURIGUARD 5MM MASCARA PRO-EAR T.XL (SS22)";"15/06/2022 10:42:56";41,99;44,3;1058;"TECNOMAR DIVING ";1;;"CSW, REVER242";"12/06/2024 16:03:12";100150083;"100047057
"
B307362-SM;2;"CINTURON BOLSILLOS LATERALES IST/DOLPHIN NEGRO T.S/M (SS22)";"15/06/2022 11:14:13";42,99;51,6;1058;"TECNOMAR DIVING ";1;;"BF23, COMPARADOR, COMP_FR, COMP_PT, CSW, RBE24, REVER242";"12/06/2024 16:03:12";100165183;"100050835
"
B307382-LG;1;"CINCHA VENTRAL AQUALUNG ROGUE NEGRO/GRIS T.LG (SS22)";"20/06/2022 14:24:17";62,99;89;1052;"AQUALUNG ESPAÑA,S.L.";0;;"BF23, RBE24, RBV23, REVER242";"20/02/2024 13:54:11";100150906;"100047148
"
B307382-MD;1;"CINCHA VENTRAL AQUALUNG ROGUE NEGRO/GRIS T.MD (SS22)";"20/06/2022 14:24:17";62,99;89;1052;"AQUALUNG ESPAÑA,S.L.";0;;"BF23, COMPARADOR, COMP_FR, COMP_PT, RBE24, RBV23, REVER242";"20/02/2024 13:54:11";100150905;"100047148
"
B307382-SM;1;"CINCHA VENTRAL AQUALUNG ROGUE NEGRO/GRIS T.SM (SS22)";"20/06/2022 14:24:17";62,99;89;1052;"AQUALUNG ESPAÑA,S.L.";0;;"BF23, RBE24, RBV23, REVER242";"20/02/2024 13:54:11";100150904;"100047148
"
B307386G-DIN;1;"PACK XL4 OCEA GRIS DIN + OCTOPUS XL4 (SS22)";"20/06/2022 15:09:48";595,99;899;1052;"AQUALUNG ESPAÑA,S.L.";1;;"BF22, BF23, CM23, COMUNIONES, IRN22, RBE23, RBE24, RBV23, REGALAR, REVER242";"20/02/2024 13:54:13";100150870;"100047140
"
B307386G-INT;1;"PACK XL4 OCEA GRIS INT + OCTOPUS XL4 (SS22)";"20/06/2022 15:09:48";595,99;899;1052;"AQUALUNG ESPAÑA,S.L.";0;;"BF22, BF23, CM23, COMUNIONES, IRN22, RBE23, RBE24, REGALAR, REVER242";"20/02/2024 13:54:13";100150872;"100047140
"
B307386M-DIN;1;"PACK XL4 OCEA MENTA DIN + OCTOPUS XL4 (SS22)";"20/06/2022 15:09:48";595,99;899;1052;"AQUALUNG ESPAÑA,S.L.";0;;"BF22, BF23, CM23, COMPARADOR, COMP_FR, COMP_PT, COMUNIONES, IRN22, RBE23, RBE24, REGALAR, REVER242";"20/02/2024 13:54:13";100150869;"100047140
"
B307386M-INT;1;"PACK XL4 OCEA MENTA INT + OCTOPUS XL4 (SS22)";"20/06/2022 15:09:48";595,99;899;1052;"AQUALUNG ESPAÑA,S.L.";0;;"BF22, BF23, CM23, COMUNIONES, IRN22, RBE23, RBE24, REGALAR, REVER242";"20/02/2024 13:54:13";100150871;"100047140
"
B307444-2XL;1;"ESCARPINES BEUCHAT SIROCCO ELITE 7 MM - ZIP T.XXL (SS22)";"06/07/2022 15:43:50";55,99;69,9;1059;"BEUCHAT SUB ESPAÑA, S.A.";0;;"BF23, RBE24, RBV23, REVER242";"12/06/2024 16:03:23";100153252;"100047625
"
B307444-L;1;"ESCARPINES BEUCHAT SIROCCO ELITE 7 MM - ZIP T.L (SS22)";"06/07/2022 15:43:50";55,99;69,9;1059;"BEUCHAT SUB ESPAÑA, S.A.";0;;"BF23, RBE24, RBV23, REVER242";"12/06/2024 16:03:23";100153250;"100047625
"
B307444-M;1;"ESCARPINES BEUCHAT SIROCCO ELITE 7 MM - ZIP T.M (SS22)";"06/07/2022 15:43:50";55,99;69,9;1059;"BEUCHAT SUB ESPAÑA, S.A.";2;;"BF23, COMPARADOR, COMP_FR, COMP_PT, RBE24, RBV23, REVER242";"12/06/2024 16:03:23";100153249;"100047625
"
B307444-S;1;"ESCARPINES BEUCHAT SIROCCO ELITE 7 MM - ZIP T.S (SS22)";"06/07/2022 15:43:50";55,99;69,9;1059;"BEUCHAT SUB ESPAÑA, S.A.";0;;"BF23, RBE24, RBV23, REVER242";"12/06/2024 16:03:23";100153248;"100047625
"
B307444-XL;1;"ESCARPINES BEUCHAT SIROCCO ELITE 7 MM - ZIP T.XL (SS22)";"06/07/2022 15:43:50";55,99;69,9;1059;"BEUCHAT SUB ESPAÑA, S.A.";0;;"BF23, RBE24, RBV23, REVER242";"12/06/2024 16:03:23";100153251;"100047625
"
B307444-XS;1;"ESCARPINES BEUCHAT SIROCCO ELITE 7 MM - ZIP T.XS (SS22)";"06/07/2022 15:43:50";55,99;69,9;1059;"BEUCHAT SUB ESPAÑA, S.A.";0;;"BF23, RBE24, RBV23, REVER242";"12/06/2024 16:03:23";100153247;"100047625
"
B307451-L;1;"MONOPIEZA BEUCHAT FOCEA COMFORT 6 5MM SRA. T.L (SS22)";"06/07/2022 15:43:50";358,99;449,9;1059;"BEUCHAT SUB ESPAÑA, S.A.";1;;"BF23, MUJER, RBE24, RBV23, REVER242";"12/06/2024 16:03:23";100153300;"100047635
"
B307451-M;1;"MONOPIEZA BEUCHAT FOCEA COMFORT 6 5MM SRA. T.M (SS22)";"06/07/2022 15:43:50";358,99;449,9;1059;"BEUCHAT SUB ESPAÑA, S.A.";1;;"BF23, MUJER, RBE24, RBV23, REVER242";"12/06/2024 16:03:23";100153297;"100047635
"
B307451-MLAR;1;"MONOPIEZA BEUCHAT FOCEA COMFORT 6 5MM SRA. T.M LARGE (SS22)";"06/07/2022 15:43:50";358,99;449,9;1059;"BEUCHAT SUB ESPAÑA, S.A.";0;;"BF23, MUJER, RBE24, RBV23, REVER242";"12/06/2024 16:03:23";100153298;"100047635
"
B307451-MLON;1;"MONOPIEZA BEUCHAT FOCEA COMFORT 6 5MM SRA. T.M LONG (SS22)";"06/07/2022 15:43:50";358,99;449,9;1059;"BEUCHAT SUB ESPAÑA, S.A.";0;;"BF23, MUJER, RBE24, RBV23, REVER242";"12/06/2024 16:03:23";100153299;"100047635
"
B307451-S;1;"MONOPIEZA BEUCHAT FOCEA COMFORT 6 5MM SRA. T.S (SS22)";"06/07/2022 15:43:50";358,99;449,9;1059;"BEUCHAT SUB ESPAÑA, S.A.";0;;"BF23, COMPARADOR, COMP_FR, COMP_PT, MUJER, RBE24, RBV23, REVER242";"12/06/2024 16:03:23";100153294;"100047635
"
B307451-SLAR;1;"MONOPIEZA BEUCHAT FOCEA COMFORT 6 5MM SRA. T.S LARGE (SS22)";"06/07/2022 15:43:50";358,99;449,9;1059;"BEUCHAT SUB ESPAÑA, S.A.";0;;"BF23, MUJER, RBE24, RBV23, REVER242";"12/06/2024 16:03:23";100153295;"100047635
"
B307451-SLON;1;"MONOPIEZA BEUCHAT FOCEA COMFORT 6 5MM SRA. T.S LONG (SS22)";"06/07/2022 15:43:50";358,99;449,9;1059;"BEUCHAT SUB ESPAÑA, S.A.";0;;"BF23, MUJER, RBE24, RBV23, REVER242";"12/06/2024 16:03:23";100153296;"100047635
"
B307451-XL;1;"MONOPIEZA BEUCHAT FOCEA COMFORT 6 5MM SRA. T.XL (SS22)";"06/07/2022 15:43:50";358,99;449,9;1059;"BEUCHAT SUB ESPAÑA, S.A.";0;;"BF23, MUJER, RBE24, RBV23, REVER242";"12/06/2024 16:03:23";100153301;"100047635
"
B307451-XS;1;"MONOPIEZA BEUCHAT FOCEA COMFORT 6 5MM SRA. T.XS (SS22)";"06/07/2022 15:43:50";358,99;449,9;1059;"BEUCHAT SUB ESPAÑA, S.A.";1;;"BF23, MUJER, RBE24, RBV23, REVER242";"12/06/2024 16:03:23";100153293;"100047635
"
B307453-210;2;"LATIGUILLO REGULADOR HYDPRO LP NEGRO 210CM (SS22)";"09/07/2022 17:17:07";33,99;34,04;1058;"TECNOMAR DIVING ";1;;"CSW, REVER242";"09/07/2022 17:17:07";100176449;"100053694
"
B307454-75;2;"LATIGUILLO REGULADOR TRENZADO HYDPRO S.PRO NEGRO 75CM (SS22)";"09/07/2022 17:17:07";29,99;30,8;1058;"TECNOMAR DIVING ";1;;"CSW, REVER242";"12/06/2024 16:03:12";100184487;"100055901
"
B307454-90;2;"LATIGUILLO REGULADOR TRENZADO HYDPRO S.PRO NEGRO 90CM (SS22)";"09/07/2022 17:17:07";33,99;34;1058;"TECNOMAR DIVING ";1;;"CSW, REVER242";"12/06/2024 16:03:12";100184488;"100055901
"
B307465-NA;1;"MASCARA SCUBAPRO ZOOM NEGRO/AZUL (SS22)";"12/07/2022 12:57:08";47,99;85;100002778;"JOHNSON-OUTDOORS ";1;;"BF22, BF23, CSW, IRN22, RBE23, RBE24, RBV23, REGALAR, REVER242";"22/03/2024 18:34:40";100152990;"100047579
"
B307465-NAM;1;"MASCARA SCUBAPRO ZOOM NEGRO/AMARILLO (SS22)";"12/07/2022 12:57:08";47,99;85;100002778;"JOHNSON-OUTDOORS ";3;;"BF22, BF23, CSW, IRN22, RBE23, RBE24, RBV23, REGALAR, REVER242";"22/03/2024 18:34:40";100152987;"100047579
"
B307465-NN;1;"MASCARA SCUBAPRO ZOOM NEGRO/NEGRO (SS22)";"12/07/2022 12:57:08";47,99;85;100002778;"JOHNSON-OUTDOORS ";0;;"BF22, BF23, COMPARADOR, COMP_FR, COMP_PT, CSW, IRN22, RBE23, RBE24, RBV23, REGALAR, REVER242";"22/03/2024 18:34:40";100152994;"100047579
"
B307465-NP;1;"MASCARA SCUBAPRO ZOOM NEGRO/PURPURA (SS22)";"12/07/2022 12:57:08";47,99;85;100002778;"JOHNSON-OUTDOORS ";1;;"BF22, BF23, CSW, IRN22, RBE23, RBE24, RBV23, REGALAR, REVER242";"22/03/2024 18:34:40";100152996;"100047579
"
B307465-NR;1;"MASCARA SCUBAPRO ZOOM NEGRO/ROJO (SS22)";"12/07/2022 12:57:08";47,99;85;100002778;"JOHNSON-OUTDOORS ";1;;"BF22, BF23, CSW, IRN22, RBE23, RBE24, RBV23, REGALAR, REVER242";"22/03/2024 18:34:40";100152998;"100047579
"
B307465-NRO;1;"MASCARA SCUBAPRO ZOOM NEGRO/ROSA (SS22)";"12/07/2022 12:57:08";47,99;85;100002778;"JOHNSON-OUTDOORS ";1;;"BF22, BF23, CSW, IRN22, RBE23, RBE24, RBV23, REGALAR, REVER242";"22/03/2024 18:34:40";100153002;"100047579
"
B307465-NT;1;"MASCARA SCUBAPRO ZOOM NEGRO/TURQUESA (SS22)";"12/07/2022 12:57:08";47,99;85;100002778;"JOHNSON-OUTDOORS ";2;;"BF22, BF23, CSW, IRN22, RBE23, RBE24, RBV23, REGALAR, REVER242";"22/03/2024 18:34:40";100153004;"100047579
"
B307465-TA;1;"MASCARA SCUBAPRO ZOOM TRANSPARENTE/AMARILLA (SS22)";"12/07/2022 12:57:08";47,99;85;100002778;"JOHNSON-OUTDOORS ";2;;"BF22, BF23, CSW, IRN22, RBE23, RBE24, RBV23, REGALAR, REVER242";"22/03/2024 18:34:40";100153006;"100047579
"
B307465-TAZ;1;"MASCARA SCUBAPRO ZOOM TRANSPARENTE/AZUL (SS22)";"12/07/2022 12:57:08";47,99;85;100002778;"JOHNSON-OUTDOORS ";1;;"BF22, BF23, CSW, IRN22, RBE23, RBE24, RBV23, REGALAR, REVER242";"22/03/2024 18:34:40";100152985;"100047579
"
B307465-TB;1;"MASCARA SCUBAPRO ZOOM TRANSPARENTE/BLANCA (SS22)";"12/07/2022 12:57:08";47,99;85;100002778;"JOHNSON-OUTDOORS ";1;;"BF22, BF23, CSW, IRN22, RBE23, RBE24, RBV23, REGALAR, REVER242";"22/03/2024 18:34:40";100153007;"100047579
"
